2026-05-19 09:14:49,234 INFO Loaded discovery cache: 30 channels
2026-05-19 09:14:49,235 INFO Medical channels with >=2000 subs: 27
2026-05-19 09:14:49,235 INFO TGStat sample for million_medical_books (no public preview)
2026-05-19 09:14:51,252 INFO HTTP Request: GET https://tgstat.com/channel/@million_medical_books "HTTP/1.1 302 Found"
2026-05-19 09:14:54,085 INFO HTTP Request: GET https://ir.tgstat.com/channel/@Million_medical_books "HTTP/1.1 200 OK"
2026-05-19 09:14:54,988 INFO OK @million_medical_books ebooks=2 posts=39 source=tgstat_sample
2026-05-19 09:14:54,988 INFO Scraping t.me/s/medicalprep ...
2026-05-19 09:14:55,941 INFO HTTP Request: GET https://t.me/s/medicalprep "HTTP/1.1 200 OK"
2026-05-19 09:14:56,876 INFO HTTP Request: GET https://t.me/s/medicalprep?before=9726 "HTTP/1.1 200 OK"
2026-05-19 09:14:57,803 INFO HTTP Request: GET https://t.me/s/medicalprep?before=9704 "HTTP/1.1 200 OK"
2026-05-19 09:14:58,711 INFO HTTP Request: GET https://t.me/s/medicalprep?before=9684 "HTTP/1.1 200 OK"
2026-05-19 09:14:59,610 INFO HTTP Request: GET https://t.me/s/medicalprep?before=9664 "HTTP/1.1 200 OK"
2026-05-19 09:15:00,499 INFO HTTP Request: GET https://t.me/s/medicalprep?before=9642 "HTTP/1.1 200 OK"
2026-05-19 09:15:01,361 INFO HTTP Request: GET https://t.me/s/medicalprep?before=9622 "HTTP/1.1 200 OK"
2026-05-19 09:15:02,265 INFO HTTP Request: GET https://t.me/s/medicalprep?before=9602 "HTTP/1.1 200 OK"
2026-05-19 09:15:03,230 INFO HTTP Request: GET https://t.me/s/medicalprep?before=9579 "HTTP/1.1 200 OK"
2026-05-19 09:15:04,197 INFO HTTP Request: GET https://t.me/s/medicalprep?before=9558 "HTTP/1.1 200 OK"
2026-05-19 09:15:05,139 INFO HTTP Request: GET https://t.me/s/medicalprep?before=9538 "HTTP/1.1 200 OK"
2026-05-19 09:15:06,093 INFO HTTP Request: GET https://t.me/s/medicalprep?before=9512 "HTTP/1.1 200 OK"
2026-05-19 09:15:07,169 INFO HTTP Request: GET https://t.me/s/medicalprep?before=9488 "HTTP/1.1 200 OK"
2026-05-19 09:15:08,053 INFO HTTP Request: GET https://t.me/s/medicalprep?before=9465 "HTTP/1.1 200 OK"
2026-05-19 09:15:08,969 INFO HTTP Request: GET https://t.me/s/medicalprep?before=9442 "HTTP/1.1 200 OK"
2026-05-19 09:15:09,840 INFO HTTP Request: GET https://t.me/s/medicalprep?before=9413 "HTTP/1.1 200 OK"
2026-05-19 09:15:10,702 INFO HTTP Request: GET https://t.me/s/medicalprep?before=9393 "HTTP/1.1 200 OK"
2026-05-19 09:15:11,570 INFO HTTP Request: GET https://t.me/s/medicalprep?before=9372 "HTTP/1.1 200 OK"
2026-05-19 09:15:12,473 INFO HTTP Request: GET https://t.me/s/medicalprep?before=9351 "HTTP/1.1 200 OK"
2026-05-19 09:15:13,395 INFO HTTP Request: GET https://t.me/s/medicalprep?before=9331 "HTTP/1.1 200 OK"
2026-05-19 09:15:14,215 INFO HTTP Request: GET https://t.me/s/medicalprep?before=9310 "HTTP/1.1 200 OK"
2026-05-19 09:15:15,078 INFO HTTP Request: GET https://t.me/s/medicalprep?before=9288 "HTTP/1.1 200 OK"
2026-05-19 09:15:15,936 INFO HTTP Request: GET https://t.me/s/medicalprep?before=9268 "HTTP/1.1 200 OK"
2026-05-19 09:15:16,778 INFO HTTP Request: GET https://t.me/s/medicalprep?before=9248 "HTTP/1.1 200 OK"
2026-05-19 09:15:17,745 INFO HTTP Request: GET https://t.me/s/medicalprep?before=9227 "HTTP/1.1 200 OK"
2026-05-19 09:15:18,694 INFO HTTP Request: GET https://t.me/s/medicalprep?before=9206 "HTTP/1.1 200 OK"
2026-05-19 09:15:19,619 INFO HTTP Request: GET https://t.me/s/medicalprep?before=9186 "HTTP/1.1 200 OK"
2026-05-19 09:15:20,631 INFO HTTP Request: GET https://t.me/s/medicalprep?before=9165 "HTTP/1.1 200 OK"
2026-05-19 09:15:21,509 INFO HTTP Request: GET https://t.me/s/medicalprep?before=9144 "HTTP/1.1 200 OK"
2026-05-19 09:15:22,403 INFO HTTP Request: GET https://t.me/s/medicalprep?before=9123 "HTTP/1.1 200 OK"
2026-05-19 09:15:23,330 INFO HTTP Request: GET https://t.me/s/medicalprep?before=9102 "HTTP/1.1 200 OK"
2026-05-19 09:15:24,160 INFO HTTP Request: GET https://t.me/s/medicalprep?before=9078 "HTTP/1.1 200 OK"
2026-05-19 09:15:25,141 INFO HTTP Request: GET https://t.me/s/medicalprep?before=9051 "HTTP/1.1 200 OK"
2026-05-19 09:15:26,094 INFO HTTP Request: GET https://t.me/s/medicalprep?before=9031 "HTTP/1.1 200 OK"
2026-05-19 09:15:27,005 INFO HTTP Request: GET https://t.me/s/medicalprep?before=9010 "HTTP/1.1 200 OK"
2026-05-19 09:15:27,901 INFO HTTP Request: GET https://t.me/s/medicalprep?before=8990 "HTTP/1.1 200 OK"
2026-05-19 09:15:28,808 INFO HTTP Request: GET https://t.me/s/medicalprep?before=8967 "HTTP/1.1 200 OK"
2026-05-19 09:15:29,706 INFO HTTP Request: GET https://t.me/s/medicalprep?before=8946 "HTTP/1.1 200 OK"
2026-05-19 09:15:30,659 INFO HTTP Request: GET https://t.me/s/medicalprep?before=8924 "HTTP/1.1 200 OK"
2026-05-19 09:15:31,676 INFO HTTP Request: GET https://t.me/s/medicalprep?before=8903 "HTTP/1.1 200 OK"
2026-05-19 09:15:32,726 INFO HTTP Request: GET https://t.me/s/medicalprep?before=8880 "HTTP/1.1 200 OK"
2026-05-19 09:15:33,744 INFO HTTP Request: GET https://t.me/s/medicalprep?before=8860 "HTTP/1.1 200 OK"
2026-05-19 09:15:34,794 INFO HTTP Request: GET https://t.me/s/medicalprep?before=8840 "HTTP/1.1 200 OK"
2026-05-19 09:15:35,857 INFO HTTP Request: GET https://t.me/s/medicalprep?before=8819 "HTTP/1.1 200 OK"
2026-05-19 09:15:36,858 INFO HTTP Request: GET https://t.me/s/medicalprep?before=8794 "HTTP/1.1 200 OK"
2026-05-19 09:15:38,400 INFO HTTP Request: GET https://t.me/s/medicalprep?before=8766 "HTTP/1.1 200 OK"
2026-05-19 09:15:40,705 INFO HTTP Request: GET https://t.me/s/medicalprep?before=8743 "HTTP/1.1 200 OK"
2026-05-19 09:15:41,936 INFO HTTP Request: GET https://t.me/s/medicalprep?before=8717 "HTTP/1.1 200 OK"
2026-05-19 09:15:42,998 INFO HTTP Request: GET https://t.me/s/medicalprep?before=8695 "HTTP/1.1 200 OK"
2026-05-19 09:15:44,120 INFO HTTP Request: GET https://t.me/s/medicalprep?before=8673 "HTTP/1.1 200 OK"
2026-05-19 09:15:45,270 INFO HTTP Request: GET https://t.me/s/medicalprep?before=8644 "HTTP/1.1 200 OK"
2026-05-19 09:15:46,455 INFO HTTP Request: GET https://t.me/s/medicalprep?before=8621 "HTTP/1.1 200 OK"
2026-05-19 09:15:47,499 INFO HTTP Request: GET https://t.me/s/medicalprep?before=8599 "HTTP/1.1 200 OK"
2026-05-19 09:15:48,681 INFO HTTP Request: GET https://t.me/s/medicalprep?before=8577 "HTTP/1.1 200 OK"
2026-05-19 09:15:49,873 INFO HTTP Request: GET https://t.me/s/medicalprep?before=8557 "HTTP/1.1 200 OK"
2026-05-19 09:15:51,043 INFO HTTP Request: GET https://t.me/s/medicalprep?before=8537 "HTTP/1.1 200 OK"
2026-05-19 09:15:52,170 INFO HTTP Request: GET https://t.me/s/medicalprep?before=8517 "HTTP/1.1 200 OK"
2026-05-19 09:15:53,235 INFO HTTP Request: GET https://t.me/s/medicalprep?before=8497 "HTTP/1.1 200 OK"
2026-05-19 09:15:54,458 INFO HTTP Request: GET https://t.me/s/medicalprep?before=8477 "HTTP/1.1 200 OK"
2026-05-19 09:15:55,593 INFO HTTP Request: GET https://t.me/s/medicalprep?before=8452 "HTTP/1.1 200 OK"
2026-05-19 09:15:56,928 INFO HTTP Request: GET https://t.me/s/medicalprep?before=8430 "HTTP/1.1 200 OK"
2026-05-19 09:15:58,154 INFO HTTP Request: GET https://t.me/s/medicalprep?before=8407 "HTTP/1.1 200 OK"
2026-05-19 09:15:59,334 INFO HTTP Request: GET https://t.me/s/medicalprep?before=8386 "HTTP/1.1 200 OK"
2026-05-19 09:16:00,450 INFO HTTP Request: GET https://t.me/s/medicalprep?before=8366 "HTTP/1.1 200 OK"
2026-05-19 09:16:01,616 INFO HTTP Request: GET https://t.me/s/medicalprep?before=8345 "HTTP/1.1 200 OK"
2026-05-19 09:16:02,803 INFO HTTP Request: GET https://t.me/s/medicalprep?before=8325 "HTTP/1.1 200 OK"
2026-05-19 09:16:04,042 INFO HTTP Request: GET https://t.me/s/medicalprep?before=8305 "HTTP/1.1 200 OK"
2026-05-19 09:16:05,244 INFO HTTP Request: GET https://t.me/s/medicalprep?before=8285 "HTTP/1.1 200 OK"
2026-05-19 09:16:06,442 INFO HTTP Request: GET https://t.me/s/medicalprep?before=8265 "HTTP/1.1 200 OK"
2026-05-19 09:16:07,658 INFO HTTP Request: GET https://t.me/s/medicalprep?before=8245 "HTTP/1.1 200 OK"
2026-05-19 09:16:08,886 INFO HTTP Request: GET https://t.me/s/medicalprep?before=8225 "HTTP/1.1 200 OK"
2026-05-19 09:16:10,050 INFO HTTP Request: GET https://t.me/s/medicalprep?before=8204 "HTTP/1.1 200 OK"
2026-05-19 09:16:11,186 INFO HTTP Request: GET https://t.me/s/medicalprep?before=8184 "HTTP/1.1 200 OK"
2026-05-19 09:16:12,257 INFO HTTP Request: GET https://t.me/s/medicalprep?before=8164 "HTTP/1.1 200 OK"
2026-05-19 09:16:13,345 INFO HTTP Request: GET https://t.me/s/medicalprep?before=8143 "HTTP/1.1 200 OK"
2026-05-19 09:16:14,389 INFO HTTP Request: GET https://t.me/s/medicalprep?before=8123 "HTTP/1.1 200 OK"
2026-05-19 09:16:15,447 INFO HTTP Request: GET https://t.me/s/medicalprep?before=8103 "HTTP/1.1 200 OK"
2026-05-19 09:16:16,610 INFO HTTP Request: GET https://t.me/s/medicalprep?before=8083 "HTTP/1.1 200 OK"
2026-05-19 09:16:17,811 INFO HTTP Request: GET https://t.me/s/medicalprep?before=8063 "HTTP/1.1 200 OK"
2026-05-19 09:16:19,832 INFO HTTP Request: GET https://t.me/s/medicalprep?before=8043 "HTTP/1.1 200 OK"
2026-05-19 09:16:21,035 INFO HTTP Request: GET https://t.me/s/medicalprep?before=8021 "HTTP/1.1 200 OK"
2026-05-19 09:16:22,484 INFO HTTP Request: GET https://t.me/s/medicalprep?before=8000 "HTTP/1.1 200 OK"
2026-05-19 09:16:23,747 INFO HTTP Request: GET https://t.me/s/medicalprep?before=7980 "HTTP/1.1 200 OK"
2026-05-19 09:16:24,829 INFO HTTP Request: GET https://t.me/s/medicalprep?before=7960 "HTTP/1.1 200 OK"
2026-05-19 09:16:25,879 INFO HTTP Request: GET https://t.me/s/medicalprep?before=7937 "HTTP/1.1 200 OK"
2026-05-19 09:16:27,058 INFO HTTP Request: GET https://t.me/s/medicalprep?before=7916 "HTTP/1.1 200 OK"
2026-05-19 09:16:28,160 INFO HTTP Request: GET https://t.me/s/medicalprep?before=7895 "HTTP/1.1 200 OK"
2026-05-19 09:16:29,275 INFO HTTP Request: GET https://t.me/s/medicalprep?before=7874 "HTTP/1.1 200 OK"
2026-05-19 09:16:30,500 INFO HTTP Request: GET https://t.me/s/medicalprep?before=7854 "HTTP/1.1 200 OK"
2026-05-19 09:16:31,669 INFO HTTP Request: GET https://t.me/s/medicalprep?before=7830 "HTTP/1.1 200 OK"
2026-05-19 09:16:32,818 INFO HTTP Request: GET https://t.me/s/medicalprep?before=7809 "HTTP/1.1 200 OK"
2026-05-19 09:16:34,744 INFO HTTP Request: GET https://t.me/s/medicalprep?before=7789 "HTTP/1.1 200 OK"
2026-05-19 09:16:35,861 INFO HTTP Request: GET https://t.me/s/medicalprep?before=7769 "HTTP/1.1 200 OK"
2026-05-19 09:16:37,062 INFO HTTP Request: GET https://t.me/s/medicalprep?before=7749 "HTTP/1.1 200 OK"
2026-05-19 09:16:38,232 INFO HTTP Request: GET https://t.me/s/medicalprep?before=7727 "HTTP/1.1 200 OK"
2026-05-19 09:16:39,423 INFO HTTP Request: GET https://t.me/s/medicalprep?before=7707 "HTTP/1.1 200 OK"
2026-05-19 09:16:40,602 INFO HTTP Request: GET https://t.me/s/medicalprep?before=7687 "HTTP/1.1 200 OK"
2026-05-19 09:16:42,003 INFO HTTP Request: GET https://t.me/s/medicalprep?before=7667 "HTTP/1.1 200 OK"
2026-05-19 09:16:43,225 INFO HTTP Request: GET https://t.me/s/medicalprep?before=7647 "HTTP/1.1 200 OK"
2026-05-19 09:16:44,492 INFO HTTP Request: GET https://t.me/s/medicalprep?before=7627 "HTTP/1.1 200 OK"
2026-05-19 09:16:45,962 INFO HTTP Request: GET https://t.me/s/medicalprep?before=7607 "HTTP/1.1 200 OK"
2026-05-19 09:16:47,235 INFO HTTP Request: GET https://t.me/s/medicalprep?before=7586 "HTTP/1.1 200 OK"
2026-05-19 09:16:48,618 INFO HTTP Request: GET https://t.me/s/medicalprep?before=7566 "HTTP/1.1 200 OK"
2026-05-19 09:16:49,822 INFO HTTP Request: GET https://t.me/s/medicalprep?before=7544 "HTTP/1.1 200 OK"
2026-05-19 09:16:51,023 INFO HTTP Request: GET https://t.me/s/medicalprep?before=7524 "HTTP/1.1 200 OK"
2026-05-19 09:16:52,189 INFO HTTP Request: GET https://t.me/s/medicalprep?before=7504 "HTTP/1.1 200 OK"
2026-05-19 09:16:53,229 INFO HTTP Request: GET https://t.me/s/medicalprep?before=7482 "HTTP/1.1 200 OK"
2026-05-19 09:16:54,329 INFO HTTP Request: GET https://t.me/s/medicalprep?before=7462 "HTTP/1.1 200 OK"
2026-05-19 09:16:55,351 INFO HTTP Request: GET https://t.me/s/medicalprep?before=7442 "HTTP/1.1 200 OK"
2026-05-19 09:16:56,519 INFO HTTP Request: GET https://t.me/s/medicalprep?before=7422 "HTTP/1.1 200 OK"
2026-05-19 09:16:57,808 INFO HTTP Request: GET https://t.me/s/medicalprep?before=7395 "HTTP/1.1 200 OK"
2026-05-19 09:16:59,006 INFO HTTP Request: GET https://t.me/s/medicalprep?before=7375 "HTTP/1.1 200 OK"
2026-05-19 09:17:00,229 INFO HTTP Request: GET https://t.me/s/medicalprep?before=7353 "HTTP/1.1 200 OK"
2026-05-19 09:17:01,458 INFO HTTP Request: GET https://t.me/s/medicalprep?before=7333 "HTTP/1.1 200 OK"
2026-05-19 09:17:02,548 INFO HTTP Request: GET https://t.me/s/medicalprep?before=7313 "HTTP/1.1 200 OK"
2026-05-19 09:17:03,870 INFO HTTP Request: GET https://t.me/s/medicalprep?before=7293 "HTTP/1.1 200 OK"
2026-05-19 09:17:05,123 INFO HTTP Request: GET https://t.me/s/medicalprep?before=7273 "HTTP/1.1 200 OK"
2026-05-19 09:17:06,381 INFO HTTP Request: GET https://t.me/s/medicalprep?before=7253 "HTTP/1.1 200 OK"
2026-05-19 09:17:07,601 INFO HTTP Request: GET https://t.me/s/medicalprep?before=7233 "HTTP/1.1 200 OK"
2026-05-19 09:17:08,751 INFO HTTP Request: GET https://t.me/s/medicalprep?before=7213 "HTTP/1.1 200 OK"
2026-05-19 09:17:09,992 INFO HTTP Request: GET https://t.me/s/medicalprep?before=7193 "HTTP/1.1 200 OK"
2026-05-19 09:17:11,170 INFO HTTP Request: GET https://t.me/s/medicalprep?before=7170 "HTTP/1.1 200 OK"
2026-05-19 09:17:12,270 INFO HTTP Request: GET https://t.me/s/medicalprep?before=7150 "HTTP/1.1 200 OK"
2026-05-19 09:17:13,389 INFO HTTP Request: GET https://t.me/s/medicalprep?before=7130 "HTTP/1.1 200 OK"
2026-05-19 09:17:14,714 INFO HTTP Request: GET https://t.me/s/medicalprep?before=7106 "HTTP/1.1 200 OK"
2026-05-19 09:17:15,919 INFO HTTP Request: GET https://t.me/s/medicalprep?before=7084 "HTTP/1.1 200 OK"
2026-05-19 09:17:17,141 INFO HTTP Request: GET https://t.me/s/medicalprep?before=7063 "HTTP/1.1 200 OK"
2026-05-19 09:17:18,289 INFO HTTP Request: GET https://t.me/s/medicalprep?before=7041 "HTTP/1.1 200 OK"
2026-05-19 09:17:19,599 INFO HTTP Request: GET https://t.me/s/medicalprep?before=7021 "HTTP/1.1 200 OK"
2026-05-19 09:17:20,827 INFO HTTP Request: GET https://t.me/s/medicalprep?before=6998 "HTTP/1.1 200 OK"
2026-05-19 09:17:21,946 INFO HTTP Request: GET https://t.me/s/medicalprep?before=6978 "HTTP/1.1 200 OK"
2026-05-19 09:17:23,086 INFO HTTP Request: GET https://t.me/s/medicalprep?before=6958 "HTTP/1.1 200 OK"
2026-05-19 09:17:24,195 INFO HTTP Request: GET https://t.me/s/medicalprep?before=6938 "HTTP/1.1 200 OK"
2026-05-19 09:17:25,452 INFO HTTP Request: GET https://t.me/s/medicalprep?before=6917 "HTTP/1.1 200 OK"
2026-05-19 09:17:26,652 INFO HTTP Request: GET https://t.me/s/medicalprep?before=6896 "HTTP/1.1 200 OK"
2026-05-19 09:17:27,852 INFO HTTP Request: GET https://t.me/s/medicalprep?before=6874 "HTTP/1.1 200 OK"
2026-05-19 09:17:29,114 INFO HTTP Request: GET https://t.me/s/medicalprep?before=6854 "HTTP/1.1 200 OK"
2026-05-19 09:17:30,431 INFO HTTP Request: GET https://t.me/s/medicalprep?before=6833 "HTTP/1.1 200 OK"
2026-05-19 09:17:31,737 INFO HTTP Request: GET https://t.me/s/medicalprep?before=6811 "HTTP/1.1 200 OK"
2026-05-19 09:17:32,899 INFO HTTP Request: GET https://t.me/s/medicalprep?before=6785 "HTTP/1.1 200 OK"
2026-05-19 09:17:34,019 INFO HTTP Request: GET https://t.me/s/medicalprep?before=6763 "HTTP/1.1 200 OK"
2026-05-19 09:17:35,107 INFO HTTP Request: GET https://t.me/s/medicalprep?before=6742 "HTTP/1.1 200 OK"
2026-05-19 09:17:36,221 INFO HTTP Request: GET https://t.me/s/medicalprep?before=6722 "HTTP/1.1 200 OK"
2026-05-19 09:17:37,311 INFO HTTP Request: GET https://t.me/s/medicalprep?before=6700 "HTTP/1.1 200 OK"
2026-05-19 09:17:38,533 INFO HTTP Request: GET https://t.me/s/medicalprep?before=6679 "HTTP/1.1 200 OK"
2026-05-19 09:17:39,670 INFO HTTP Request: GET https://t.me/s/medicalprep?before=6655 "HTTP/1.1 200 OK"
2026-05-19 09:17:40,751 INFO HTTP Request: GET https://t.me/s/medicalprep?before=6635 "HTTP/1.1 200 OK"
2026-05-19 09:17:41,999 INFO HTTP Request: GET https://t.me/s/medicalprep?before=6615 "HTTP/1.1 200 OK"
2026-05-19 09:17:42,948 INFO HTTP Request: GET https://t.me/s/medicalprep?before=6590 "HTTP/1.1 200 OK"
2026-05-19 09:17:44,036 INFO HTTP Request: GET https://t.me/s/medicalprep?before=6570 "HTTP/1.1 200 OK"
2026-05-19 09:17:45,149 INFO HTTP Request: GET https://t.me/s/medicalprep?before=6548 "HTTP/1.1 200 OK"
2026-05-19 09:17:46,289 INFO HTTP Request: GET https://t.me/s/medicalprep?before=6525 "HTTP/1.1 200 OK"
2026-05-19 09:17:47,461 INFO HTTP Request: GET https://t.me/s/medicalprep?before=6505 "HTTP/1.1 200 OK"
2026-05-19 09:17:48,654 INFO HTTP Request: GET https://t.me/s/medicalprep?before=6485 "HTTP/1.1 200 OK"
2026-05-19 09:17:49,772 INFO HTTP Request: GET https://t.me/s/medicalprep?before=6463 "HTTP/1.1 200 OK"
2026-05-19 09:17:50,884 INFO HTTP Request: GET https://t.me/s/medicalprep?before=6443 "HTTP/1.1 200 OK"
2026-05-19 09:17:52,095 INFO HTTP Request: GET https://t.me/s/medicalprep?before=6421 "HTTP/1.1 200 OK"
2026-05-19 09:17:53,153 INFO HTTP Request: GET https://t.me/s/medicalprep?before=6397 "HTTP/1.1 200 OK"
2026-05-19 09:17:54,453 INFO HTTP Request: GET https://t.me/s/medicalprep?before=6375 "HTTP/1.1 200 OK"
2026-05-19 09:17:55,598 INFO HTTP Request: GET https://t.me/s/medicalprep?before=6353 "HTTP/1.1 200 OK"
2026-05-19 09:17:56,913 INFO HTTP Request: GET https://t.me/s/medicalprep?before=6332 "HTTP/1.1 200 OK"
2026-05-19 09:17:58,051 INFO HTTP Request: GET https://t.me/s/medicalprep?before=6309 "HTTP/1.1 200 OK"
2026-05-19 09:17:59,164 INFO HTTP Request: GET https://t.me/s/medicalprep?before=6288 "HTTP/1.1 200 OK"
2026-05-19 09:18:00,418 INFO HTTP Request: GET https://t.me/s/medicalprep?before=6268 "HTTP/1.1 200 OK"
2026-05-19 09:18:01,622 INFO HTTP Request: GET https://t.me/s/medicalprep?before=6248 "HTTP/1.1 200 OK"
2026-05-19 09:18:02,865 INFO HTTP Request: GET https://t.me/s/medicalprep?before=6226 "HTTP/1.1 200 OK"
2026-05-19 09:18:04,121 INFO HTTP Request: GET https://t.me/s/medicalprep?before=6204 "HTTP/1.1 200 OK"
2026-05-19 09:18:05,399 INFO HTTP Request: GET https://t.me/s/medicalprep?before=6178 "HTTP/1.1 200 OK"
2026-05-19 09:18:06,748 INFO HTTP Request: GET https://t.me/s/medicalprep?before=6157 "HTTP/1.1 200 OK"
2026-05-19 09:18:08,005 INFO HTTP Request: GET https://t.me/s/medicalprep?before=6127 "HTTP/1.1 200 OK"
2026-05-19 09:18:09,392 INFO HTTP Request: GET https://t.me/s/medicalprep?before=6105 "HTTP/1.1 200 OK"
2026-05-19 09:18:10,594 INFO HTTP Request: GET https://t.me/s/medicalprep?before=6082 "HTTP/1.1 200 OK"
2026-05-19 09:18:11,686 INFO HTTP Request: GET https://t.me/s/medicalprep?before=6062 "HTTP/1.1 200 OK"
2026-05-19 09:18:12,847 INFO HTTP Request: GET https://t.me/s/medicalprep?before=6040 "HTTP/1.1 200 OK"
2026-05-19 09:18:13,995 INFO HTTP Request: GET https://t.me/s/medicalprep?before=6017 "HTTP/1.1 200 OK"
2026-05-19 09:18:15,171 INFO HTTP Request: GET https://t.me/s/medicalprep?before=5997 "HTTP/1.1 200 OK"
2026-05-19 09:18:16,299 INFO HTTP Request: GET https://t.me/s/medicalprep?before=5976 "HTTP/1.1 200 OK"
2026-05-19 09:18:17,580 INFO HTTP Request: GET https://t.me/s/medicalprep?before=5956 "HTTP/1.1 200 OK"
2026-05-19 09:18:18,796 INFO HTTP Request: GET https://t.me/s/medicalprep?before=5936 "HTTP/1.1 200 OK"
2026-05-19 09:18:19,887 INFO HTTP Request: GET https://t.me/s/medicalprep?before=5912 "HTTP/1.1 200 OK"
2026-05-19 09:18:21,183 INFO HTTP Request: GET https://t.me/s/medicalprep?before=5892 "HTTP/1.1 200 OK"
2026-05-19 09:18:22,425 INFO HTTP Request: GET https://t.me/s/medicalprep?before=5869 "HTTP/1.1 200 OK"
2026-05-19 09:18:23,661 INFO HTTP Request: GET https://t.me/s/medicalprep?before=5848 "HTTP/1.1 200 OK"
2026-05-19 09:18:24,892 INFO HTTP Request: GET https://t.me/s/medicalprep?before=5828 "HTTP/1.1 200 OK"
2026-05-19 09:18:25,974 INFO HTTP Request: GET https://t.me/s/medicalprep?before=5805 "HTTP/1.1 200 OK"
2026-05-19 09:18:27,198 INFO HTTP Request: GET https://t.me/s/medicalprep?before=5781 "HTTP/1.1 200 OK"
2026-05-19 09:18:28,373 INFO HTTP Request: GET https://t.me/s/medicalprep?before=5758 "HTTP/1.1 200 OK"
2026-05-19 09:18:29,574 INFO HTTP Request: GET https://t.me/s/medicalprep?before=5738 "HTTP/1.1 200 OK"
2026-05-19 09:18:30,764 INFO HTTP Request: GET https://t.me/s/medicalprep?before=5715 "HTTP/1.1 200 OK"
2026-05-19 09:18:31,908 INFO HTTP Request: GET https://t.me/s/medicalprep?before=5691 "HTTP/1.1 200 OK"
2026-05-19 09:18:33,060 INFO HTTP Request: GET https://t.me/s/medicalprep?before=5670 "HTTP/1.1 200 OK"
2026-05-19 09:18:34,153 INFO HTTP Request: GET https://t.me/s/medicalprep?before=5649 "HTTP/1.1 200 OK"
2026-05-19 09:18:35,218 INFO HTTP Request: GET https://t.me/s/medicalprep?before=5629 "HTTP/1.1 200 OK"
2026-05-19 09:18:36,437 INFO HTTP Request: GET https://t.me/s/medicalprep?before=5606 "HTTP/1.1 200 OK"
2026-05-19 09:18:37,700 INFO HTTP Request: GET https://t.me/s/medicalprep?before=5586 "HTTP/1.1 200 OK"
2026-05-19 09:18:39,008 INFO HTTP Request: GET https://t.me/s/medicalprep?before=5566 "HTTP/1.1 200 OK"
2026-05-19 09:18:40,492 INFO HTTP Request: GET https://t.me/s/medicalprep?before=5546 "HTTP/1.1 200 OK"
2026-05-19 09:18:41,644 INFO HTTP Request: GET https://t.me/s/medicalprep?before=5520 "HTTP/1.1 200 OK"
2026-05-19 09:18:42,765 INFO HTTP Request: GET https://t.me/s/medicalprep?before=5490 "HTTP/1.1 200 OK"
2026-05-19 09:18:43,942 INFO HTTP Request: GET https://t.me/s/medicalprep?before=5470 "HTTP/1.1 200 OK"
2026-05-19 09:18:45,074 INFO HTTP Request: GET https://t.me/s/medicalprep?before=5448 "HTTP/1.1 200 OK"
2026-05-19 09:18:46,292 INFO HTTP Request: GET https://t.me/s/medicalprep?before=5425 "HTTP/1.1 200 OK"
2026-05-19 09:18:47,520 INFO HTTP Request: GET https://t.me/s/medicalprep?before=5403 "HTTP/1.1 200 OK"
2026-05-19 09:18:48,780 INFO HTTP Request: GET https://t.me/s/medicalprep?before=5382 "HTTP/1.1 200 OK"
2026-05-19 09:18:49,837 INFO HTTP Request: GET https://t.me/s/medicalprep?before=5361 "HTTP/1.1 200 OK"
2026-05-19 09:18:50,883 INFO HTTP Request: GET https://t.me/s/medicalprep?before=5326 "HTTP/1.1 200 OK"
2026-05-19 09:18:51,982 INFO HTTP Request: GET https://t.me/s/medicalprep?before=5305 "HTTP/1.1 200 OK"
2026-05-19 09:18:53,121 INFO HTTP Request: GET https://t.me/s/medicalprep?before=5285 "HTTP/1.1 200 OK"
2026-05-19 09:18:54,398 INFO HTTP Request: GET https://t.me/s/medicalprep?before=5265 "HTTP/1.1 200 OK"
2026-05-19 09:18:55,586 INFO HTTP Request: GET https://t.me/s/medicalprep?before=5243 "HTTP/1.1 200 OK"
2026-05-19 09:18:56,759 INFO HTTP Request: GET https://t.me/s/medicalprep?before=5223 "HTTP/1.1 200 OK"
2026-05-19 09:18:58,074 INFO HTTP Request: GET https://t.me/s/medicalprep?before=5202 "HTTP/1.1 200 OK"
2026-05-19 09:18:59,277 INFO HTTP Request: GET https://t.me/s/medicalprep?before=5180 "HTTP/1.1 200 OK"
2026-05-19 09:19:00,356 INFO HTTP Request: GET https://t.me/s/medicalprep?before=5156 "HTTP/1.1 200 OK"
2026-05-19 09:19:01,508 INFO HTTP Request: GET https://t.me/s/medicalprep?before=5132 "HTTP/1.1 200 OK"
2026-05-19 09:19:02,675 INFO HTTP Request: GET https://t.me/s/medicalprep?before=5111 "HTTP/1.1 200 OK"
2026-05-19 09:19:03,809 INFO HTTP Request: GET https://t.me/s/medicalprep?before=5089 "HTTP/1.1 200 OK"
2026-05-19 09:19:05,109 INFO HTTP Request: GET https://t.me/s/medicalprep?before=5064 "HTTP/1.1 200 OK"
2026-05-19 09:19:06,192 INFO HTTP Request: GET https://t.me/s/medicalprep?before=5042 "HTTP/1.1 200 OK"
2026-05-19 09:19:07,432 INFO HTTP Request: GET https://t.me/s/medicalprep?before=5020 "HTTP/1.1 200 OK"
2026-05-19 09:19:08,511 INFO HTTP Request: GET https://t.me/s/medicalprep?before=4999 "HTTP/1.1 200 OK"
2026-05-19 09:19:09,652 INFO HTTP Request: GET https://t.me/s/medicalprep?before=4979 "HTTP/1.1 200 OK"
2026-05-19 09:19:10,763 INFO HTTP Request: GET https://t.me/s/medicalprep?before=4956 "HTTP/1.1 200 OK"
2026-05-19 09:19:11,917 INFO HTTP Request: GET https://t.me/s/medicalprep?before=4936 "HTTP/1.1 200 OK"
2026-05-19 09:19:13,040 INFO HTTP Request: GET https://t.me/s/medicalprep?before=4916 "HTTP/1.1 200 OK"
2026-05-19 09:19:14,150 INFO HTTP Request: GET https://t.me/s/medicalprep?before=4895 "HTTP/1.1 200 OK"
2026-05-19 09:19:15,492 INFO HTTP Request: GET https://t.me/s/medicalprep?before=4875 "HTTP/1.1 200 OK"
2026-05-19 09:19:16,646 INFO HTTP Request: GET https://t.me/s/medicalprep?before=4853 "HTTP/1.1 200 OK"
2026-05-19 09:19:17,941 INFO HTTP Request: GET https://t.me/s/medicalprep?before=4833 "HTTP/1.1 200 OK"
2026-05-19 09:19:19,054 INFO HTTP Request: GET https://t.me/s/medicalprep?before=4810 "HTTP/1.1 200 OK"
2026-05-19 09:19:20,206 INFO HTTP Request: GET https://t.me/s/medicalprep?before=4789 "HTTP/1.1 200 OK"
2026-05-19 09:19:21,361 INFO HTTP Request: GET https://t.me/s/medicalprep?before=4769 "HTTP/1.1 200 OK"
2026-05-19 09:19:22,441 INFO HTTP Request: GET https://t.me/s/medicalprep?before=4746 "HTTP/1.1 200 OK"
2026-05-19 09:19:23,589 INFO HTTP Request: GET https://t.me/s/medicalprep?before=4725 "HTTP/1.1 200 OK"
2026-05-19 09:19:24,754 INFO HTTP Request: GET https://t.me/s/medicalprep?before=4704 "HTTP/1.1 200 OK"
2026-05-19 09:19:25,863 INFO HTTP Request: GET https://t.me/s/medicalprep?before=4681 "HTTP/1.1 200 OK"
2026-05-19 09:19:27,015 INFO HTTP Request: GET https://t.me/s/medicalprep?before=4660 "HTTP/1.1 200 OK"
2026-05-19 09:19:28,228 INFO HTTP Request: GET https://t.me/s/medicalprep?before=4633 "HTTP/1.1 200 OK"
2026-05-19 09:19:29,326 INFO HTTP Request: GET https://t.me/s/medicalprep?before=4613 "HTTP/1.1 200 OK"
2026-05-19 09:19:30,505 INFO HTTP Request: GET https://t.me/s/medicalprep?before=4593 "HTTP/1.1 200 OK"
2026-05-19 09:19:31,615 INFO HTTP Request: GET https://t.me/s/medicalprep?before=4568 "HTTP/1.1 200 OK"
2026-05-19 09:19:32,751 INFO HTTP Request: GET https://t.me/s/medicalprep?before=4547 "HTTP/1.1 200 OK"
2026-05-19 09:19:33,893 INFO HTTP Request: GET https://t.me/s/medicalprep?before=4522 "HTTP/1.1 200 OK"
2026-05-19 09:19:35,344 INFO HTTP Request: GET https://t.me/s/medicalprep?before=4498 "HTTP/1.1 200 OK"
2026-05-19 09:19:36,467 INFO HTTP Request: GET https://t.me/s/medicalprep?before=4478 "HTTP/1.1 200 OK"
2026-05-19 09:19:37,800 INFO HTTP Request: GET https://t.me/s/medicalprep?before=4458 "HTTP/1.1 200 OK"
2026-05-19 09:19:38,938 INFO HTTP Request: GET https://t.me/s/medicalprep?before=4437 "HTTP/1.1 200 OK"
2026-05-19 09:19:40,044 INFO HTTP Request: GET https://t.me/s/medicalprep?before=4417 "HTTP/1.1 200 OK"
2026-05-19 09:19:41,116 INFO HTTP Request: GET https://t.me/s/medicalprep?before=4397 "HTTP/1.1 200 OK"
2026-05-19 09:19:42,228 INFO HTTP Request: GET https://t.me/s/medicalprep?before=4377 "HTTP/1.1 200 OK"
2026-05-19 09:19:56,776 INFO OK @medicalprep ebooks=70 posts=4673 source=tme_full_preview
2026-05-19 09:19:56,777 INFO TGStat sample for medicalbooksstoress (no public preview)
2026-05-19 09:19:58,438 INFO HTTP Request: GET https://tgstat.com/channel/@medicalbooksstoress "HTTP/1.1 404 Not Found"
2026-05-19 09:19:58,443 INFO TGStat sample for medicalbooksstorea (no public preview)
2026-05-19 09:19:59,122 INFO HTTP Request: GET https://tgstat.com/channel/@medicalbooksstorea "HTTP/1.1 302 Found"
2026-05-19 09:20:01,914 INFO HTTP Request: GET https://et.tgstat.com/channel/@MedicalBooksStoreA "HTTP/1.1 200 OK"
2026-05-19 09:20:02,513 INFO TGStat sample for freesurgerybooks28 (no public preview)
2026-05-19 09:20:04,034 INFO HTTP Request: GET https://tgstat.com/channel/@freesurgerybooks28 "HTTP/1.1 200 OK"
2026-05-19 09:20:04,596 INFO TGStat sample for pdf4yo (no public preview)
2026-05-19 09:20:05,419 INFO HTTP Request: GET https://tgstat.com/channel/@pdf4yo "HTTP/1.1 200 OK"
2026-05-19 09:20:05,945 INFO Scraping t.me/s/store_atm ...
2026-05-19 09:20:07,207 INFO HTTP Request: GET https://t.me/s/store_atm "HTTP/1.1 200 OK"
2026-05-19 09:20:08,293 INFO HTTP Request: GET https://t.me/s/store_atm?before=292 "HTTP/1.1 200 OK"
2026-05-19 09:20:09,467 INFO HTTP Request: GET https://t.me/s/store_atm?before=257 "HTTP/1.1 200 OK"
2026-05-19 09:20:10,451 INFO HTTP Request: GET https://t.me/s/store_atm?before=231 "HTTP/1.1 200 OK"
2026-05-19 09:20:11,493 INFO HTTP Request: GET https://t.me/s/store_atm?before=203 "HTTP/1.1 200 OK"
2026-05-19 09:20:12,535 INFO HTTP Request: GET https://t.me/s/store_atm?before=176 "HTTP/1.1 200 OK"
2026-05-19 09:20:13,529 INFO HTTP Request: GET https://t.me/s/store_atm?before=146 "HTTP/1.1 200 OK"
2026-05-19 09:20:14,544 INFO HTTP Request: GET https://t.me/s/store_atm?before=115 "HTTP/1.1 200 OK"
2026-05-19 09:20:15,649 INFO HTTP Request: GET https://t.me/s/store_atm?before=86 "HTTP/1.1 200 OK"
2026-05-19 09:20:16,640 INFO HTTP Request: GET https://t.me/s/store_atm?before=58 "HTTP/1.1 200 OK"
2026-05-19 09:20:17,711 INFO HTTP Request: GET https://t.me/s/store_atm?before=32 "HTTP/1.1 200 OK"
2026-05-19 09:20:18,497 INFO HTTP Request: GET https://t.me/s/store_atm?before=5 "HTTP/1.1 200 OK"
2026-05-19 09:20:19,163 INFO HTTP Request: GET https://t.me/s/store_atm?before=1 "HTTP/1.1 200 OK"
2026-05-19 09:20:20,661 INFO OK @store_atm ebooks=9 posts=222 source=tme_full_preview
2026-05-19 09:20:20,662 INFO TGStat sample for internal_medicine_material (no public preview)
2026-05-19 09:20:21,314 INFO HTTP Request: GET https://tgstat.com/channel/@internal_medicine_material "HTTP/1.1 302 Found"
2026-05-19 09:20:21,846 INFO HTTP Request: GET https://tgstat.ru/en/channel/@Internal_medicine_material "HTTP/1.1 403 Forbidden"
2026-05-19 09:20:21,847 INFO Scraping t.me/s/medbooksvn2 ...
2026-05-19 09:20:22,775 INFO HTTP Request: GET https://t.me/s/medbooksvn2 "HTTP/1.1 200 OK"
2026-05-19 09:20:23,638 INFO HTTP Request: GET https://t.me/s/medbooksvn2?before=2047 "HTTP/1.1 200 OK"
2026-05-19 09:20:24,533 INFO HTTP Request: GET https://t.me/s/medbooksvn2?before=1359 "HTTP/1.1 200 OK"
2026-05-19 09:20:25,386 INFO HTTP Request: GET https://t.me/s/medbooksvn2?before=1303 "HTTP/1.1 200 OK"
2026-05-19 09:20:26,269 INFO HTTP Request: GET https://t.me/s/medbooksvn2?before=1283 "HTTP/1.1 200 OK"
2026-05-19 09:20:27,165 INFO HTTP Request: GET https://t.me/s/medbooksvn2?before=1263 "HTTP/1.1 200 OK"
2026-05-19 09:20:28,009 INFO HTTP Request: GET https://t.me/s/medbooksvn2?before=1243 "HTTP/1.1 200 OK"
2026-05-19 09:20:28,870 INFO HTTP Request: GET https://t.me/s/medbooksvn2?before=1223 "HTTP/1.1 200 OK"
2026-05-19 09:20:29,732 INFO HTTP Request: GET https://t.me/s/medbooksvn2?before=1203 "HTTP/1.1 200 OK"
2026-05-19 09:20:30,606 INFO HTTP Request: GET https://t.me/s/medbooksvn2?before=1183 "HTTP/1.1 200 OK"
2026-05-19 09:20:31,467 INFO HTTP Request: GET https://t.me/s/medbooksvn2?before=1163 "HTTP/1.1 200 OK"
2026-05-19 09:20:32,446 INFO HTTP Request: GET https://t.me/s/medbooksvn2?before=1142 "HTTP/1.1 200 OK"
2026-05-19 09:20:33,299 INFO HTTP Request: GET https://t.me/s/medbooksvn2?before=1122 "HTTP/1.1 200 OK"
2026-05-19 09:20:34,158 INFO HTTP Request: GET https://t.me/s/medbooksvn2?before=1102 "HTTP/1.1 200 OK"
2026-05-19 09:20:35,106 INFO HTTP Request: GET https://t.me/s/medbooksvn2?before=1082 "HTTP/1.1 200 OK"
2026-05-19 09:20:35,992 INFO HTTP Request: GET https://t.me/s/medbooksvn2?before=1062 "HTTP/1.1 200 OK"
2026-05-19 09:20:36,869 INFO HTTP Request: GET https://t.me/s/medbooksvn2?before=1042 "HTTP/1.1 200 OK"
2026-05-19 09:20:37,724 INFO HTTP Request: GET https://t.me/s/medbooksvn2?before=1022 "HTTP/1.1 200 OK"
2026-05-19 09:20:38,569 INFO HTTP Request: GET https://t.me/s/medbooksvn2?before=1002 "HTTP/1.1 200 OK"
2026-05-19 09:20:39,424 INFO HTTP Request: GET https://t.me/s/medbooksvn2?before=982 "HTTP/1.1 200 OK"
2026-05-19 09:20:40,288 INFO HTTP Request: GET https://t.me/s/medbooksvn2?before=962 "HTTP/1.1 200 OK"
2026-05-19 09:20:41,141 INFO HTTP Request: GET https://t.me/s/medbooksvn2?before=942 "HTTP/1.1 200 OK"
2026-05-19 09:20:41,977 INFO HTTP Request: GET https://t.me/s/medbooksvn2?before=922 "HTTP/1.1 200 OK"
2026-05-19 09:20:42,844 INFO HTTP Request: GET https://t.me/s/medbooksvn2?before=902 "HTTP/1.1 200 OK"
2026-05-19 09:20:43,698 INFO HTTP Request: GET https://t.me/s/medbooksvn2?before=882 "HTTP/1.1 200 OK"
2026-05-19 09:20:44,610 INFO HTTP Request: GET https://t.me/s/medbooksvn2?before=862 "HTTP/1.1 200 OK"
2026-05-19 09:20:45,495 INFO HTTP Request: GET https://t.me/s/medbooksvn2?before=842 "HTTP/1.1 200 OK"
2026-05-19 09:20:46,354 INFO HTTP Request: GET https://t.me/s/medbooksvn2?before=822 "HTTP/1.1 200 OK"
2026-05-19 09:20:47,211 INFO HTTP Request: GET https://t.me/s/medbooksvn2?before=802 "HTTP/1.1 200 OK"
2026-05-19 09:20:48,057 INFO HTTP Request: GET https://t.me/s/medbooksvn2?before=782 "HTTP/1.1 200 OK"
2026-05-19 09:20:48,905 INFO HTTP Request: GET https://t.me/s/medbooksvn2?before=762 "HTTP/1.1 200 OK"
2026-05-19 09:20:49,886 INFO HTTP Request: GET https://t.me/s/medbooksvn2?before=742 "HTTP/1.1 200 OK"
2026-05-19 09:20:50,784 INFO HTTP Request: GET https://t.me/s/medbooksvn2?before=722 "HTTP/1.1 200 OK"
2026-05-19 09:20:51,647 INFO HTTP Request: GET https://t.me/s/medbooksvn2?before=702 "HTTP/1.1 200 OK"
2026-05-19 09:20:52,506 INFO HTTP Request: GET https://t.me/s/medbooksvn2?before=682 "HTTP/1.1 200 OK"
2026-05-19 09:20:53,373 INFO HTTP Request: GET https://t.me/s/medbooksvn2?before=662 "HTTP/1.1 200 OK"
2026-05-19 09:20:54,324 INFO HTTP Request: GET https://t.me/s/medbooksvn2?before=642 "HTTP/1.1 200 OK"
2026-05-19 09:20:55,175 INFO HTTP Request: GET https://t.me/s/medbooksvn2?before=622 "HTTP/1.1 200 OK"
2026-05-19 09:20:56,041 INFO HTTP Request: GET https://t.me/s/medbooksvn2?before=602 "HTTP/1.1 200 OK"
2026-05-19 09:20:57,014 INFO HTTP Request: GET https://t.me/s/medbooksvn2?before=582 "HTTP/1.1 200 OK"
2026-05-19 09:20:57,949 INFO HTTP Request: GET https://t.me/s/medbooksvn2?before=562 "HTTP/1.1 200 OK"
2026-05-19 09:20:58,879 INFO HTTP Request: GET https://t.me/s/medbooksvn2?before=542 "HTTP/1.1 200 OK"
2026-05-19 09:20:59,915 INFO HTTP Request: GET https://t.me/s/medbooksvn2?before=522 "HTTP/1.1 200 OK"
2026-05-19 09:21:00,871 INFO HTTP Request: GET https://t.me/s/medbooksvn2?before=502 "HTTP/1.1 200 OK"
2026-05-19 09:21:01,825 INFO HTTP Request: GET https://t.me/s/medbooksvn2?before=482 "HTTP/1.1 200 OK"
2026-05-19 09:21:02,807 INFO HTTP Request: GET https://t.me/s/medbooksvn2?before=462 "HTTP/1.1 200 OK"
2026-05-19 09:21:03,603 INFO HTTP Request: GET https://t.me/s/medbooksvn2?before=442 "HTTP/1.1 200 OK"
2026-05-19 09:21:04,303 INFO HTTP Request: GET https://t.me/s/medbooksvn2?before=1 "HTTP/1.1 200 OK"
2026-05-19 09:21:09,536 INFO OK @medbooksvn2 ebooks=458 posts=926 source=tme_full_preview
2026-05-19 09:21:09,537 INFO Scraping t.me/s/medicalegypt ...
2026-05-19 09:21:10,727 INFO HTTP Request: GET https://t.me/s/medicalegypt "HTTP/1.1 200 OK"
2026-05-19 09:21:11,703 INFO HTTP Request: GET https://t.me/s/medicalegypt?before=417 "HTTP/1.1 200 OK"
2026-05-19 09:21:12,664 INFO HTTP Request: GET https://t.me/s/medicalegypt?before=397 "HTTP/1.1 200 OK"
2026-05-19 09:21:13,594 INFO HTTP Request: GET https://t.me/s/medicalegypt?before=372 "HTTP/1.1 200 OK"
2026-05-19 09:21:14,486 INFO HTTP Request: GET https://t.me/s/medicalegypt?before=352 "HTTP/1.1 200 OK"
2026-05-19 09:21:15,395 INFO HTTP Request: GET https://t.me/s/medicalegypt?before=332 "HTTP/1.1 200 OK"
2026-05-19 09:21:16,335 INFO HTTP Request: GET https://t.me/s/medicalegypt?before=302 "HTTP/1.1 200 OK"
2026-05-19 09:21:17,171 INFO HTTP Request: GET https://t.me/s/medicalegypt?before=277 "HTTP/1.1 200 OK"
2026-05-19 09:21:17,999 INFO HTTP Request: GET https://t.me/s/medicalegypt?before=257 "HTTP/1.1 200 OK"
2026-05-19 09:21:19,795 INFO HTTP Request: GET https://t.me/s/medicalegypt?before=237 "HTTP/1.1 200 OK"
2026-05-19 09:21:20,644 INFO HTTP Request: GET https://t.me/s/medicalegypt?before=215 "HTTP/1.1 200 OK"
2026-05-19 09:21:21,556 INFO HTTP Request: GET https://t.me/s/medicalegypt?before=194 "HTTP/1.1 200 OK"
2026-05-19 09:21:22,414 INFO HTTP Request: GET https://t.me/s/medicalegypt?before=174 "HTTP/1.1 200 OK"
2026-05-19 09:21:23,250 INFO HTTP Request: GET https://t.me/s/medicalegypt?before=152 "HTTP/1.1 200 OK"
2026-05-19 09:21:24,154 INFO HTTP Request: GET https://t.me/s/medicalegypt?before=130 "HTTP/1.1 200 OK"
2026-05-19 09:21:25,043 INFO HTTP Request: GET https://t.me/s/medicalegypt?before=108 "HTTP/1.1 200 OK"
2026-05-19 09:21:25,980 INFO HTTP Request: GET https://t.me/s/medicalegypt?before=88 "HTTP/1.1 200 OK"
2026-05-19 09:21:26,897 INFO HTTP Request: GET https://t.me/s/medicalegypt?before=68 "HTTP/1.1 200 OK"
2026-05-19 09:21:27,836 INFO HTTP Request: GET https://t.me/s/medicalegypt?before=47 "HTTP/1.1 200 OK"
2026-05-19 09:21:28,661 INFO HTTP Request: GET https://t.me/s/medicalegypt?before=26 "HTTP/1.1 200 OK"
2026-05-19 09:21:29,421 INFO HTTP Request: GET https://t.me/s/medicalegypt?before=5 "HTTP/1.1 200 OK"
2026-05-19 09:21:30,096 INFO HTTP Request: GET https://t.me/s/medicalegypt?before=1 "HTTP/1.1 200 OK"
2026-05-19 09:21:31,841 INFO OK @medicalegypt ebooks=59 posts=344 source=tme_full_preview
2026-05-19 09:21:31,841 INFO TGStat sample for kaplan_atm (no public preview)
2026-05-19 09:21:33,174 INFO HTTP Request: GET https://tgstat.com/channel/@kaplan_atm "HTTP/1.1 302 Found"
2026-05-19 09:21:34,770 INFO HTTP Request: GET https://tgstat.com/channel/@Kaplan_ATM "HTTP/1.1 200 OK"
2026-05-19 09:21:35,354 INFO TGStat sample for radiologist_library (no public preview)
2026-05-19 09:21:35,997 INFO HTTP Request: GET https://tgstat.com/channel/@radiologist_library "HTTP/1.1 302 Found"
2026-05-19 09:21:38,687 INFO HTTP Request: GET https://cn.tgstat.com/channel/@Radiologist_Library "HTTP/1.1 200 OK"
2026-05-19 09:21:39,273 INFO TGStat sample for medstudyvideos (no public preview)
2026-05-19 09:21:39,924 INFO HTTP Request: GET https://tgstat.com/channel/@medstudyvideos "HTTP/1.1 302 Found"
2026-05-19 09:21:40,980 INFO HTTP Request: GET https://tgstat.com/channel/@Medstudyvideos "HTTP/1.1 200 OK"
2026-05-19 09:21:41,520 INFO Scraping t.me/s/medicallibrarymax ...
2026-05-19 09:21:42,463 INFO HTTP Request: GET https://t.me/s/medicallibrarymax "HTTP/1.1 200 OK"
2026-05-19 09:21:43,298 INFO HTTP Request: GET https://t.me/s/medicallibrarymax?before=220 "HTTP/1.1 200 OK"
2026-05-19 09:21:44,175 INFO HTTP Request: GET https://t.me/s/medicallibrarymax?before=200 "HTTP/1.1 200 OK"
2026-05-19 09:21:45,047 INFO HTTP Request: GET https://t.me/s/medicallibrarymax?before=180 "HTTP/1.1 200 OK"
2026-05-19 09:21:45,936 INFO HTTP Request: GET https://t.me/s/medicallibrarymax?before=160 "HTTP/1.1 200 OK"
2026-05-19 09:21:46,798 INFO HTTP Request: GET https://t.me/s/medicallibrarymax?before=140 "HTTP/1.1 200 OK"
2026-05-19 09:21:47,647 INFO HTTP Request: GET https://t.me/s/medicallibrarymax?before=120 "HTTP/1.1 200 OK"
2026-05-19 09:21:48,612 INFO HTTP Request: GET https://t.me/s/medicallibrarymax?before=91 "HTTP/1.1 200 OK"
2026-05-19 09:21:49,450 INFO HTTP Request: GET https://t.me/s/medicallibrarymax?before=63 "HTTP/1.1 200 OK"
2026-05-19 09:21:50,246 INFO HTTP Request: GET https://t.me/s/medicallibrarymax?before=38 "HTTP/1.1 200 OK"
2026-05-19 09:21:50,940 INFO HTTP Request: GET https://t.me/s/medicallibrarymax?before=1 "HTTP/1.1 200 OK"
2026-05-19 09:21:51,894 INFO OK @medicallibrarymax ebooks=8 posts=185 source=tme_full_preview
2026-05-19 09:21:51,894 INFO TGStat sample for medical_ebook_pdfs (no public preview)
2026-05-19 09:21:52,578 INFO HTTP Request: GET https://tgstat.com/channel/@medical_ebook_pdfs "HTTP/1.1 404 Not Found"
2026-05-19 09:21:52,578 INFO TGStat sample for radiologygoldenbooks (no public preview)
2026-05-19 09:21:54,298 INFO HTTP Request: GET https://tgstat.com/channel/@radiologygoldenbooks "HTTP/1.1 200 OK"
2026-05-19 09:21:54,898 INFO Scraping t.me/s/amcmcq ...
2026-05-19 09:21:55,924 INFO HTTP Request: GET https://t.me/s/amcmcq "HTTP/1.1 200 OK"
2026-05-19 09:21:56,916 INFO HTTP Request: GET https://t.me/s/amcmcq?before=1223 "HTTP/1.1 200 OK"
2026-05-19 09:21:57,833 INFO HTTP Request: GET https://t.me/s/amcmcq?before=1202 "HTTP/1.1 200 OK"
2026-05-19 09:21:58,771 INFO HTTP Request: GET https://t.me/s/amcmcq?before=1182 "HTTP/1.1 200 OK"
2026-05-19 09:21:59,686 INFO HTTP Request: GET https://t.me/s/amcmcq?before=1161 "HTTP/1.1 200 OK"
2026-05-19 09:22:00,565 INFO HTTP Request: GET https://t.me/s/amcmcq?before=1141 "HTTP/1.1 200 OK"
2026-05-19 09:22:01,465 INFO HTTP Request: GET https://t.me/s/amcmcq?before=1119 "HTTP/1.1 200 OK"
2026-05-19 09:22:02,430 INFO HTTP Request: GET https://t.me/s/amcmcq?before=1099 "HTTP/1.1 200 OK"
2026-05-19 09:22:03,296 INFO HTTP Request: GET https://t.me/s/amcmcq?before=1079 "HTTP/1.1 200 OK"
2026-05-19 09:22:04,274 INFO HTTP Request: GET https://t.me/s/amcmcq?before=1059 "HTTP/1.1 200 OK"
2026-05-19 09:22:05,164 INFO HTTP Request: GET https://t.me/s/amcmcq?before=1038 "HTTP/1.1 200 OK"
2026-05-19 09:22:06,064 INFO HTTP Request: GET https://t.me/s/amcmcq?before=1015 "HTTP/1.1 200 OK"
2026-05-19 09:22:06,982 INFO HTTP Request: GET https://t.me/s/amcmcq?before=995 "HTTP/1.1 200 OK"
2026-05-19 09:22:07,941 INFO HTTP Request: GET https://t.me/s/amcmcq?before=974 "HTTP/1.1 200 OK"
2026-05-19 09:22:08,953 INFO HTTP Request: GET https://t.me/s/amcmcq?before=950 "HTTP/1.1 200 OK"
2026-05-19 09:22:09,897 INFO HTTP Request: GET https://t.me/s/amcmcq?before=930 "HTTP/1.1 200 OK"
2026-05-19 09:22:10,777 INFO HTTP Request: GET https://t.me/s/amcmcq?before=905 "HTTP/1.1 200 OK"
2026-05-19 09:22:11,741 INFO HTTP Request: GET https://t.me/s/amcmcq?before=885 "HTTP/1.1 200 OK"
2026-05-19 09:22:12,660 INFO HTTP Request: GET https://t.me/s/amcmcq?before=863 "HTTP/1.1 200 OK"
2026-05-19 09:22:13,564 INFO HTTP Request: GET https://t.me/s/amcmcq?before=843 "HTTP/1.1 200 OK"
2026-05-19 09:22:14,430 INFO HTTP Request: GET https://t.me/s/amcmcq?before=823 "HTTP/1.1 200 OK"
2026-05-19 09:22:15,256 INFO HTTP Request: GET https://t.me/s/amcmcq?before=802 "HTTP/1.1 200 OK"
2026-05-19 09:22:16,124 INFO HTTP Request: GET https://t.me/s/amcmcq?before=782 "HTTP/1.1 200 OK"
2026-05-19 09:22:17,155 INFO HTTP Request: GET https://t.me/s/amcmcq?before=762 "HTTP/1.1 200 OK"
2026-05-19 09:22:18,053 INFO HTTP Request: GET https://t.me/s/amcmcq?before=741 "HTTP/1.1 200 OK"
2026-05-19 09:22:18,939 INFO HTTP Request: GET https://t.me/s/amcmcq?before=721 "HTTP/1.1 200 OK"
2026-05-19 09:22:19,839 INFO HTTP Request: GET https://t.me/s/amcmcq?before=700 "HTTP/1.1 200 OK"
2026-05-19 09:22:20,879 INFO HTTP Request: GET https://t.me/s/amcmcq?before=679 "HTTP/1.1 200 OK"
2026-05-19 09:22:21,718 INFO HTTP Request: GET https://t.me/s/amcmcq?before=658 "HTTP/1.1 200 OK"
2026-05-19 09:22:22,596 INFO HTTP Request: GET https://t.me/s/amcmcq?before=638 "HTTP/1.1 200 OK"
2026-05-19 09:22:23,441 INFO HTTP Request: GET https://t.me/s/amcmcq?before=618 "HTTP/1.1 200 OK"
2026-05-19 09:22:24,287 INFO HTTP Request: GET https://t.me/s/amcmcq?before=598 "HTTP/1.1 200 OK"
2026-05-19 09:22:25,117 INFO HTTP Request: GET https://t.me/s/amcmcq?before=577 "HTTP/1.1 200 OK"
2026-05-19 09:22:25,997 INFO HTTP Request: GET https://t.me/s/amcmcq?before=557 "HTTP/1.1 200 OK"
2026-05-19 09:22:26,838 INFO HTTP Request: GET https://t.me/s/amcmcq?before=537 "HTTP/1.1 200 OK"
2026-05-19 09:22:27,647 INFO HTTP Request: GET https://t.me/s/amcmcq?before=515 "HTTP/1.1 200 OK"
2026-05-19 09:22:28,528 INFO HTTP Request: GET https://t.me/s/amcmcq?before=495 "HTTP/1.1 200 OK"
2026-05-19 09:22:29,398 INFO HTTP Request: GET https://t.me/s/amcmcq?before=475 "HTTP/1.1 200 OK"
2026-05-19 09:22:30,239 INFO HTTP Request: GET https://t.me/s/amcmcq?before=455 "HTTP/1.1 200 OK"
2026-05-19 09:22:31,184 INFO HTTP Request: GET https://t.me/s/amcmcq?before=434 "HTTP/1.1 200 OK"
2026-05-19 09:22:32,115 INFO HTTP Request: GET https://t.me/s/amcmcq?before=413 "HTTP/1.1 200 OK"
2026-05-19 09:22:32,980 INFO HTTP Request: GET https://t.me/s/amcmcq?before=393 "HTTP/1.1 200 OK"
2026-05-19 09:22:33,893 INFO HTTP Request: GET https://t.me/s/amcmcq?before=372 "HTTP/1.1 200 OK"
2026-05-19 09:22:34,782 INFO HTTP Request: GET https://t.me/s/amcmcq?before=350 "HTTP/1.1 200 OK"
2026-05-19 09:22:35,695 INFO HTTP Request: GET https://t.me/s/amcmcq?before=330 "HTTP/1.1 200 OK"
2026-05-19 09:22:36,643 INFO HTTP Request: GET https://t.me/s/amcmcq?before=310 "HTTP/1.1 200 OK"
2026-05-19 09:22:37,696 INFO HTTP Request: GET https://t.me/s/amcmcq?before=289 "HTTP/1.1 200 OK"
2026-05-19 09:22:38,653 INFO HTTP Request: GET https://t.me/s/amcmcq?before=266 "HTTP/1.1 200 OK"
2026-05-19 09:22:39,622 INFO HTTP Request: GET https://t.me/s/amcmcq?before=246 "HTTP/1.1 200 OK"
2026-05-19 09:22:40,505 INFO HTTP Request: GET https://t.me/s/amcmcq?before=225 "HTTP/1.1 200 OK"
2026-05-19 09:22:41,383 INFO HTTP Request: GET https://t.me/s/amcmcq?before=205 "HTTP/1.1 200 OK"
2026-05-19 09:22:42,310 INFO HTTP Request: GET https://t.me/s/amcmcq?before=185 "HTTP/1.1 200 OK"
2026-05-19 09:22:43,379 INFO HTTP Request: GET https://t.me/s/amcmcq?before=165 "HTTP/1.1 200 OK"
2026-05-19 09:22:44,301 INFO HTTP Request: GET https://t.me/s/amcmcq?before=145 "HTTP/1.1 200 OK"
2026-05-19 09:22:45,234 INFO HTTP Request: GET https://t.me/s/amcmcq?before=125 "HTTP/1.1 200 OK"
2026-05-19 09:22:46,313 INFO HTTP Request: GET https://t.me/s/amcmcq?before=105 "HTTP/1.1 200 OK"
2026-05-19 09:22:47,261 INFO HTTP Request: GET https://t.me/s/amcmcq?before=85 "HTTP/1.1 200 OK"
2026-05-19 09:22:48,056 INFO HTTP Request: GET https://t.me/s/amcmcq?before=65 "HTTP/1.1 200 OK"
2026-05-19 09:22:48,841 INFO HTTP Request: GET https://t.me/s/amcmcq?before=44 "HTTP/1.1 200 OK"
2026-05-19 09:22:49,593 INFO HTTP Request: GET https://t.me/s/amcmcq?before=3 "HTTP/1.1 200 OK"
2026-05-19 09:22:50,278 INFO HTTP Request: GET https://t.me/s/amcmcq?before=1 "HTTP/1.1 200 OK"
2026-05-19 09:22:55,773 INFO OK @amcmcq ebooks=7 posts=1177 source=tme_full_preview
2026-05-19 09:22:55,773 INFO TGStat sample for dtunewsmedicine (no public preview)
2026-05-19 09:22:57,881 INFO HTTP Request: GET https://tgstat.com/channel/@dtunewsmedicine "HTTP/1.1 200 OK"
2026-05-19 09:22:58,570 INFO OK @dtunewsmedicine ebooks=7 posts=42 source=tgstat_sample
2026-05-19 09:22:58,571 INFO TGStat sample for mccqe (no public preview)
2026-05-19 09:22:59,243 INFO HTTP Request: GET https://tgstat.com/channel/@mccqe "HTTP/1.1 404 Not Found"
2026-05-19 09:22:59,246 INFO TGStat sample for amcmcqrecalls (no public preview)
2026-05-19 09:22:59,923 INFO HTTP Request: GET https://tgstat.com/channel/@amcmcqrecalls "HTTP/1.1 404 Not Found"
2026-05-19 09:22:59,924 INFO Scraping t.me/s/amcclinical ...
2026-05-19 09:23:00,935 INFO HTTP Request: GET https://t.me/s/amcclinical "HTTP/1.1 200 OK"
2026-05-19 09:23:01,783 INFO HTTP Request: GET https://t.me/s/amcclinical?before=16 "HTTP/1.1 200 OK"
2026-05-19 09:23:02,509 INFO HTTP Request: GET https://t.me/s/amcclinical?before=1 "HTTP/1.1 200 OK"
2026-05-19 09:23:02,525 INFO TGStat sample for mccqe_1 (no public preview)
2026-05-19 09:23:03,192 INFO HTTP Request: GET https://tgstat.com/channel/@mccqe_1 "HTTP/1.1 302 Found"
2026-05-19 09:23:04,558 INFO HTTP Request: GET https://tgstat.com/channel/@MCCQE_1 "HTTP/1.1 200 OK"
2026-05-19 09:23:05,181 INFO OK @mccqe_1 ebooks=1 posts=32 source=tgstat_sample
2026-05-19 09:23:05,181 INFO Scraping t.me/s/usmlebooks ...
2026-05-19 09:23:06,174 INFO HTTP Request: GET https://t.me/s/usmlebooks "HTTP/1.1 200 OK"
2026-05-19 09:23:07,324 INFO HTTP Request: GET https://t.me/s/usmlebooks?before=1111 "HTTP/1.1 200 OK"
2026-05-19 09:23:08,520 INFO HTTP Request: GET https://t.me/s/usmlebooks?before=1091 "HTTP/1.1 200 OK"
2026-05-19 09:23:09,415 INFO HTTP Request: GET https://t.me/s/usmlebooks?before=1049 "HTTP/1.1 200 OK"
2026-05-19 09:23:10,168 INFO HTTP Request: GET https://t.me/s/usmlebooks?before=937 "HTTP/1.1 200 OK"
2026-05-19 09:23:10,923 INFO HTTP Request: GET https://t.me/s/usmlebooks?before=917 "HTTP/1.1 200 OK"
2026-05-19 09:23:11,676 INFO HTTP Request: GET https://t.me/s/usmlebooks?before=897 "HTTP/1.1 200 OK"
2026-05-19 09:23:12,477 INFO HTTP Request: GET https://t.me/s/usmlebooks?before=877 "HTTP/1.1 200 OK"
2026-05-19 09:23:13,238 INFO HTTP Request: GET https://t.me/s/usmlebooks?before=857 "HTTP/1.1 200 OK"
2026-05-19 09:23:13,976 INFO HTTP Request: GET https://t.me/s/usmlebooks?before=837 "HTTP/1.1 200 OK"
2026-05-19 09:23:14,759 INFO HTTP Request: GET https://t.me/s/usmlebooks?before=817 "HTTP/1.1 200 OK"
2026-05-19 09:23:15,528 INFO HTTP Request: GET https://t.me/s/usmlebooks?before=797 "HTTP/1.1 200 OK"
2026-05-19 09:23:16,377 INFO HTTP Request: GET https://t.me/s/usmlebooks?before=777 "HTTP/1.1 200 OK"
2026-05-19 09:23:17,125 INFO HTTP Request: GET https://t.me/s/usmlebooks?before=757 "HTTP/1.1 200 OK"
2026-05-19 09:23:17,905 INFO HTTP Request: GET https://t.me/s/usmlebooks?before=737 "HTTP/1.1 200 OK"
2026-05-19 09:23:18,657 INFO HTTP Request: GET https://t.me/s/usmlebooks?before=717 "HTTP/1.1 200 OK"
2026-05-19 09:23:19,408 INFO HTTP Request: GET https://t.me/s/usmlebooks?before=697 "HTTP/1.1 200 OK"
2026-05-19 09:23:20,139 INFO HTTP Request: GET https://t.me/s/usmlebooks?before=677 "HTTP/1.1 200 OK"
2026-05-19 09:23:20,895 INFO HTTP Request: GET https://t.me/s/usmlebooks?before=657 "HTTP/1.1 200 OK"
2026-05-19 09:23:21,643 INFO HTTP Request: GET https://t.me/s/usmlebooks?before=637 "HTTP/1.1 200 OK"
2026-05-19 09:23:22,431 INFO HTTP Request: GET https://t.me/s/usmlebooks?before=617 "HTTP/1.1 200 OK"
2026-05-19 09:23:23,172 INFO HTTP Request: GET https://t.me/s/usmlebooks?before=597 "HTTP/1.1 200 OK"
2026-05-19 09:23:23,934 INFO HTTP Request: GET https://t.me/s/usmlebooks?before=577 "HTTP/1.1 200 OK"
2026-05-19 09:23:24,678 INFO HTTP Request: GET https://t.me/s/usmlebooks?before=557 "HTTP/1.1 200 OK"
2026-05-19 09:23:25,425 INFO HTTP Request: GET https://t.me/s/usmlebooks?before=537 "HTTP/1.1 200 OK"
2026-05-19 09:23:26,158 INFO HTTP Request: GET https://t.me/s/usmlebooks?before=517 "HTTP/1.1 200 OK"
2026-05-19 09:23:26,904 INFO HTTP Request: GET https://t.me/s/usmlebooks?before=497 "HTTP/1.1 200 OK"
2026-05-19 09:23:27,668 INFO HTTP Request: GET https://t.me/s/usmlebooks?before=477 "HTTP/1.1 200 OK"
2026-05-19 09:23:28,407 INFO HTTP Request: GET https://t.me/s/usmlebooks?before=457 "HTTP/1.1 200 OK"
2026-05-19 09:23:29,145 INFO HTTP Request: GET https://t.me/s/usmlebooks?before=437 "HTTP/1.1 200 OK"
2026-05-19 09:23:29,895 INFO HTTP Request: GET https://t.me/s/usmlebooks?before=417 "HTTP/1.1 200 OK"
2026-05-19 09:23:30,764 INFO HTTP Request: GET https://t.me/s/usmlebooks?before=397 "HTTP/1.1 200 OK"
2026-05-19 09:23:31,523 INFO HTTP Request: GET https://t.me/s/usmlebooks?before=368 "HTTP/1.1 200 OK"
2026-05-19 09:23:32,481 INFO HTTP Request: GET https://t.me/s/usmlebooks?before=336 "HTTP/1.1 200 OK"
2026-05-19 09:23:33,538 INFO HTTP Request: GET https://t.me/s/usmlebooks?before=304 "HTTP/1.1 200 OK"
2026-05-19 09:23:34,566 INFO HTTP Request: GET https://t.me/s/usmlebooks?before=284 "HTTP/1.1 200 OK"
2026-05-19 09:23:35,595 INFO HTTP Request: GET https://t.me/s/usmlebooks?before=264 "HTTP/1.1 200 OK"
2026-05-19 09:23:36,528 INFO HTTP Request: GET https://t.me/s/usmlebooks?before=244 "HTTP/1.1 200 OK"
2026-05-19 09:23:37,719 INFO HTTP Request: GET https://t.me/s/usmlebooks?before=224 "HTTP/1.1 200 OK"
2026-05-19 09:23:38,917 INFO HTTP Request: GET https://t.me/s/usmlebooks?before=204 "HTTP/1.1 200 OK"
2026-05-19 09:23:39,881 INFO HTTP Request: GET https://t.me/s/usmlebooks?before=184 "HTTP/1.1 200 OK"
2026-05-19 09:23:40,964 INFO HTTP Request: GET https://t.me/s/usmlebooks?before=164 "HTTP/1.1 200 OK"
2026-05-19 09:23:41,936 INFO HTTP Request: GET https://t.me/s/usmlebooks?before=144 "HTTP/1.1 200 OK"
2026-05-19 09:23:42,984 INFO HTTP Request: GET https://t.me/s/usmlebooks?before=124 "HTTP/1.1 200 OK"
2026-05-19 09:23:44,062 INFO HTTP Request: GET https://t.me/s/usmlebooks?before=104 "HTTP/1.1 200 OK"
2026-05-19 09:23:45,413 INFO HTTP Request: GET https://t.me/s/usmlebooks?before=84 "HTTP/1.1 200 OK"
2026-05-19 09:23:46,436 INFO HTTP Request: GET https://t.me/s/usmlebooks?before=64 "HTTP/1.1 200 OK"
2026-05-19 09:23:47,439 INFO HTTP Request: GET https://t.me/s/usmlebooks?before=44 "HTTP/1.1 200 OK"
2026-05-19 09:23:48,553 INFO HTTP Request: GET https://t.me/s/usmlebooks?before=24 "HTTP/1.1 200 OK"
2026-05-19 09:23:49,333 INFO HTTP Request: GET https://t.me/s/usmlebooks?before=4 "HTTP/1.1 200 OK"
2026-05-19 09:23:50,030 INFO HTTP Request: GET https://t.me/s/usmlebooks?before=1 "HTTP/1.1 200 OK"
2026-05-19 09:23:50,682 INFO OK @usmlebooks ebooks=11 posts=981 source=tme_full_preview
2026-05-19 09:23:50,683 INFO Scraping t.me/s/medical_books_storess ...
2026-05-19 09:23:51,547 INFO HTTP Request: GET https://t.me/s/medical_books_storess "HTTP/1.1 200 OK"
2026-05-19 09:23:52,246 INFO HTTP Request: GET https://t.me/s/medical_books_storess?before=1 "HTTP/1.1 200 OK"
2026-05-19 09:23:52,263 INFO TGStat sample for medbookspdf (no public preview)
2026-05-19 09:23:53,599 INFO HTTP Request: GET https://tgstat.com/channel/@medbookspdf "HTTP/1.1 404 Not Found"
2026-05-19 09:23:53,601 INFO TGStat sample for amcclinicalexamprep (no public preview)
2026-05-19 09:23:54,269 INFO HTTP Request: GET https://tgstat.com/channel/@amcclinicalexamprep "HTTP/1.1 404 Not Found"
2026-05-19 09:23:54,270 INFO TGStat sample for nbme_q (no public preview)
2026-05-19 09:23:54,909 INFO HTTP Request: GET https://tgstat.com/channel/@nbme_q "HTTP/1.1 302 Found"
2026-05-19 09:23:56,330 INFO HTTP Request: GET https://tgstat.com/channel/@NBME_Q "HTTP/1.1 200 OK"
2026-05-19 09:23:57,549 INFO Wrote medical_telegram_channels_comprehensive.xlsx (10 channels)
2026-05-19 09:24:37,078 INFO Loaded discovery cache: 30 channels
2026-05-19 09:24:37,078 INFO Medical channels with >=2000 subs: 27
2026-05-19 09:24:37,079 INFO Trying t.me/s/million_medical_books ...
2026-05-19 09:24:37,985 INFO HTTP Request: GET https://t.me/s/million_medical_books "HTTP/1.1 302 Found"
2026-05-19 09:24:38,268 INFO HTTP Request: GET https://t.me/million_medical_books "HTTP/1.1 200 OK"
2026-05-19 09:24:38,269 INFO TGStat sample for million_medical_books (no public preview)
2026-05-19 09:24:39,621 INFO HTTP Request: GET https://tgstat.com/channel/@million_medical_books "HTTP/1.1 302 Found"
2026-05-19 09:24:42,319 INFO HTTP Request: GET https://ir.tgstat.com/channel/@Million_medical_books "HTTP/1.1 200 OK"
2026-05-19 09:24:43,264 INFO OK @million_medical_books ebooks=17 posts=18 source=tgstat_sample
2026-05-19 09:24:43,265 INFO Trying t.me/s/medicalprep ...
2026-05-19 09:24:44,202 INFO HTTP Request: GET https://t.me/s/medicalprep "HTTP/1.1 200 OK"
2026-05-19 09:24:45,066 INFO HTTP Request: GET https://t.me/s/medicalprep?before=9726 "HTTP/1.1 200 OK"
2026-05-19 09:24:45,928 INFO HTTP Request: GET https://t.me/s/medicalprep?before=9704 "HTTP/1.1 200 OK"
2026-05-19 09:24:46,864 INFO HTTP Request: GET https://t.me/s/medicalprep?before=9684 "HTTP/1.1 200 OK"
2026-05-19 09:24:47,745 INFO HTTP Request: GET https://t.me/s/medicalprep?before=9664 "HTTP/1.1 200 OK"
2026-05-19 09:24:48,660 INFO HTTP Request: GET https://t.me/s/medicalprep?before=9642 "HTTP/1.1 200 OK"
2026-05-19 09:24:49,520 INFO HTTP Request: GET https://t.me/s/medicalprep?before=9622 "HTTP/1.1 200 OK"
2026-05-19 09:24:50,509 INFO HTTP Request: GET https://t.me/s/medicalprep?before=9602 "HTTP/1.1 200 OK"
2026-05-19 09:24:51,402 INFO HTTP Request: GET https://t.me/s/medicalprep?before=9579 "HTTP/1.1 200 OK"
2026-05-19 09:24:52,283 INFO HTTP Request: GET https://t.me/s/medicalprep?before=9558 "HTTP/1.1 200 OK"
2026-05-19 09:24:53,198 INFO HTTP Request: GET https://t.me/s/medicalprep?before=9538 "HTTP/1.1 200 OK"
2026-05-19 09:24:54,079 INFO HTTP Request: GET https://t.me/s/medicalprep?before=9512 "HTTP/1.1 200 OK"
2026-05-19 09:24:54,897 INFO HTTP Request: GET https://t.me/s/medicalprep?before=9488 "HTTP/1.1 200 OK"
2026-05-19 09:24:55,762 INFO HTTP Request: GET https://t.me/s/medicalprep?before=9465 "HTTP/1.1 200 OK"
2026-05-19 09:24:56,629 INFO HTTP Request: GET https://t.me/s/medicalprep?before=9442 "HTTP/1.1 200 OK"
2026-05-19 09:24:57,467 INFO HTTP Request: GET https://t.me/s/medicalprep?before=9413 "HTTP/1.1 200 OK"
2026-05-19 09:24:58,321 INFO HTTP Request: GET https://t.me/s/medicalprep?before=9393 "HTTP/1.1 200 OK"
2026-05-19 09:24:59,212 INFO HTTP Request: GET https://t.me/s/medicalprep?before=9372 "HTTP/1.1 200 OK"
2026-05-19 09:25:00,128 INFO HTTP Request: GET https://t.me/s/medicalprep?before=9351 "HTTP/1.1 200 OK"
2026-05-19 09:25:01,049 INFO HTTP Request: GET https://t.me/s/medicalprep?before=9331 "HTTP/1.1 200 OK"
2026-05-19 09:25:01,882 INFO HTTP Request: GET https://t.me/s/medicalprep?before=9310 "HTTP/1.1 200 OK"
2026-05-19 09:25:02,731 INFO HTTP Request: GET https://t.me/s/medicalprep?before=9288 "HTTP/1.1 200 OK"
2026-05-19 09:25:03,589 INFO HTTP Request: GET https://t.me/s/medicalprep?before=9268 "HTTP/1.1 200 OK"
2026-05-19 09:25:04,456 INFO HTTP Request: GET https://t.me/s/medicalprep?before=9248 "HTTP/1.1 200 OK"
2026-05-19 09:25:05,449 INFO HTTP Request: GET https://t.me/s/medicalprep?before=9227 "HTTP/1.1 200 OK"
2026-05-19 09:25:06,350 INFO HTTP Request: GET https://t.me/s/medicalprep?before=9206 "HTTP/1.1 200 OK"
2026-05-19 09:25:07,244 INFO HTTP Request: GET https://t.me/s/medicalprep?before=9186 "HTTP/1.1 200 OK"
2026-05-19 09:25:08,129 INFO HTTP Request: GET https://t.me/s/medicalprep?before=9165 "HTTP/1.1 200 OK"
2026-05-19 09:25:09,003 INFO HTTP Request: GET https://t.me/s/medicalprep?before=9144 "HTTP/1.1 200 OK"
2026-05-19 09:25:09,887 INFO HTTP Request: GET https://t.me/s/medicalprep?before=9123 "HTTP/1.1 200 OK"
2026-05-19 09:25:10,808 INFO HTTP Request: GET https://t.me/s/medicalprep?before=9102 "HTTP/1.1 200 OK"
2026-05-19 09:25:11,621 INFO HTTP Request: GET https://t.me/s/medicalprep?before=9078 "HTTP/1.1 200 OK"
2026-05-19 09:25:12,500 INFO HTTP Request: GET https://t.me/s/medicalprep?before=9051 "HTTP/1.1 200 OK"
2026-05-19 09:25:13,368 INFO HTTP Request: GET https://t.me/s/medicalprep?before=9031 "HTTP/1.1 200 OK"
2026-05-19 09:25:14,243 INFO HTTP Request: GET https://t.me/s/medicalprep?before=9010 "HTTP/1.1 200 OK"
2026-05-19 09:25:15,198 INFO HTTP Request: GET https://t.me/s/medicalprep?before=8990 "HTTP/1.1 200 OK"
2026-05-19 09:25:16,129 INFO HTTP Request: GET https://t.me/s/medicalprep?before=8967 "HTTP/1.1 200 OK"
2026-05-19 09:25:17,018 INFO HTTP Request: GET https://t.me/s/medicalprep?before=8946 "HTTP/1.1 200 OK"
2026-05-19 09:25:17,918 INFO HTTP Request: GET https://t.me/s/medicalprep?before=8924 "HTTP/1.1 200 OK"
2026-05-19 09:25:19,010 INFO HTTP Request: GET https://t.me/s/medicalprep?before=8903 "HTTP/1.1 200 OK"
2026-05-19 09:25:19,894 INFO HTTP Request: GET https://t.me/s/medicalprep?before=8880 "HTTP/1.1 200 OK"
2026-05-19 09:25:20,824 INFO HTTP Request: GET https://t.me/s/medicalprep?before=8860 "HTTP/1.1 200 OK"
2026-05-19 09:25:21,762 INFO HTTP Request: GET https://t.me/s/medicalprep?before=8840 "HTTP/1.1 200 OK"
2026-05-19 09:25:22,692 INFO HTTP Request: GET https://t.me/s/medicalprep?before=8819 "HTTP/1.1 200 OK"
2026-05-19 09:25:23,547 INFO HTTP Request: GET https://t.me/s/medicalprep?before=8794 "HTTP/1.1 200 OK"
2026-05-19 09:25:24,441 INFO HTTP Request: GET https://t.me/s/medicalprep?before=8766 "HTTP/1.1 200 OK"
2026-05-19 09:25:25,351 INFO HTTP Request: GET https://t.me/s/medicalprep?before=8743 "HTTP/1.1 200 OK"
2026-05-19 09:25:26,188 INFO HTTP Request: GET https://t.me/s/medicalprep?before=8717 "HTTP/1.1 200 OK"
2026-05-19 09:25:27,068 INFO HTTP Request: GET https://t.me/s/medicalprep?before=8695 "HTTP/1.1 200 OK"
2026-05-19 09:25:28,010 INFO HTTP Request: GET https://t.me/s/medicalprep?before=8673 "HTTP/1.1 200 OK"
2026-05-19 09:25:28,882 INFO HTTP Request: GET https://t.me/s/medicalprep?before=8644 "HTTP/1.1 200 OK"
2026-05-19 09:25:29,772 INFO HTTP Request: GET https://t.me/s/medicalprep?before=8621 "HTTP/1.1 200 OK"
2026-05-19 09:25:30,646 INFO HTTP Request: GET https://t.me/s/medicalprep?before=8599 "HTTP/1.1 200 OK"
2026-05-19 09:25:31,601 INFO HTTP Request: GET https://t.me/s/medicalprep?before=8577 "HTTP/1.1 200 OK"
2026-05-19 09:25:32,471 INFO HTTP Request: GET https://t.me/s/medicalprep?before=8557 "HTTP/1.1 200 OK"
2026-05-19 09:25:33,349 INFO HTTP Request: GET https://t.me/s/medicalprep?before=8537 "HTTP/1.1 200 OK"
2026-05-19 09:25:34,229 INFO HTTP Request: GET https://t.me/s/medicalprep?before=8517 "HTTP/1.1 200 OK"
2026-05-19 09:25:35,078 INFO HTTP Request: GET https://t.me/s/medicalprep?before=8497 "HTTP/1.1 200 OK"
2026-05-19 09:25:35,977 INFO HTTP Request: GET https://t.me/s/medicalprep?before=8477 "HTTP/1.1 200 OK"
2026-05-19 09:25:36,843 INFO HTTP Request: GET https://t.me/s/medicalprep?before=8452 "HTTP/1.1 200 OK"
2026-05-19 09:25:37,740 INFO HTTP Request: GET https://t.me/s/medicalprep?before=8430 "HTTP/1.1 200 OK"
2026-05-19 09:25:38,609 INFO HTTP Request: GET https://t.me/s/medicalprep?before=8407 "HTTP/1.1 200 OK"
2026-05-19 09:25:39,457 INFO HTTP Request: GET https://t.me/s/medicalprep?before=8386 "HTTP/1.1 200 OK"
2026-05-19 09:25:40,296 INFO HTTP Request: GET https://t.me/s/medicalprep?before=8366 "HTTP/1.1 200 OK"
2026-05-19 09:25:41,176 INFO HTTP Request: GET https://t.me/s/medicalprep?before=8345 "HTTP/1.1 200 OK"
2026-05-19 09:25:42,019 INFO HTTP Request: GET https://t.me/s/medicalprep?before=8325 "HTTP/1.1 200 OK"
2026-05-19 09:25:42,966 INFO HTTP Request: GET https://t.me/s/medicalprep?before=8305 "HTTP/1.1 200 OK"
2026-05-19 09:25:43,827 INFO HTTP Request: GET https://t.me/s/medicalprep?before=8285 "HTTP/1.1 200 OK"
2026-05-19 09:25:44,673 INFO HTTP Request: GET https://t.me/s/medicalprep?before=8265 "HTTP/1.1 200 OK"
2026-05-19 09:25:45,530 INFO HTTP Request: GET https://t.me/s/medicalprep?before=8245 "HTTP/1.1 200 OK"
2026-05-19 09:25:46,416 INFO HTTP Request: GET https://t.me/s/medicalprep?before=8225 "HTTP/1.1 200 OK"
2026-05-19 09:25:47,324 INFO HTTP Request: GET https://t.me/s/medicalprep?before=8204 "HTTP/1.1 200 OK"
2026-05-19 09:25:48,200 INFO HTTP Request: GET https://t.me/s/medicalprep?before=8184 "HTTP/1.1 200 OK"
2026-05-19 09:25:49,079 INFO HTTP Request: GET https://t.me/s/medicalprep?before=8164 "HTTP/1.1 200 OK"
2026-05-19 09:25:49,915 INFO HTTP Request: GET https://t.me/s/medicalprep?before=8143 "HTTP/1.1 200 OK"
2026-05-19 09:25:50,726 INFO HTTP Request: GET https://t.me/s/medicalprep?before=8123 "HTTP/1.1 200 OK"
2026-05-19 09:25:51,573 INFO HTTP Request: GET https://t.me/s/medicalprep?before=8103 "HTTP/1.1 200 OK"
2026-05-19 09:25:52,410 INFO HTTP Request: GET https://t.me/s/medicalprep?before=8083 "HTTP/1.1 200 OK"
2026-05-19 09:25:53,266 INFO HTTP Request: GET https://t.me/s/medicalprep?before=8063 "HTTP/1.1 200 OK"
2026-05-19 09:25:54,138 INFO HTTP Request: GET https://t.me/s/medicalprep?before=8043 "HTTP/1.1 200 OK"
2026-05-19 09:25:55,042 INFO HTTP Request: GET https://t.me/s/medicalprep?before=8021 "HTTP/1.1 200 OK"
2026-05-19 09:25:56,018 INFO HTTP Request: GET https://t.me/s/medicalprep?before=8000 "HTTP/1.1 200 OK"
2026-05-19 09:25:56,889 INFO HTTP Request: GET https://t.me/s/medicalprep?before=7980 "HTTP/1.1 200 OK"
2026-05-19 09:25:57,753 INFO HTTP Request: GET https://t.me/s/medicalprep?before=7960 "HTTP/1.1 200 OK"
2026-05-19 09:25:58,562 INFO HTTP Request: GET https://t.me/s/medicalprep?before=7937 "HTTP/1.1 200 OK"
2026-05-19 09:25:59,449 INFO HTTP Request: GET https://t.me/s/medicalprep?before=7916 "HTTP/1.1 200 OK"
2026-05-19 09:26:00,291 INFO HTTP Request: GET https://t.me/s/medicalprep?before=7895 "HTTP/1.1 200 OK"
2026-05-19 09:26:01,151 INFO HTTP Request: GET https://t.me/s/medicalprep?before=7874 "HTTP/1.1 200 OK"
2026-05-19 09:26:02,002 INFO HTTP Request: GET https://t.me/s/medicalprep?before=7854 "HTTP/1.1 200 OK"
2026-05-19 09:26:02,853 INFO HTTP Request: GET https://t.me/s/medicalprep?before=7830 "HTTP/1.1 200 OK"
2026-05-19 09:26:03,709 INFO HTTP Request: GET https://t.me/s/medicalprep?before=7809 "HTTP/1.1 200 OK"
2026-05-19 09:26:04,586 INFO HTTP Request: GET https://t.me/s/medicalprep?before=7789 "HTTP/1.1 200 OK"
2026-05-19 09:26:05,521 INFO HTTP Request: GET https://t.me/s/medicalprep?before=7769 "HTTP/1.1 200 OK"
2026-05-19 09:26:06,389 INFO HTTP Request: GET https://t.me/s/medicalprep?before=7749 "HTTP/1.1 200 OK"
2026-05-19 09:26:07,220 INFO HTTP Request: GET https://t.me/s/medicalprep?before=7727 "HTTP/1.1 200 OK"
2026-05-19 09:26:08,084 INFO HTTP Request: GET https://t.me/s/medicalprep?before=7707 "HTTP/1.1 200 OK"
2026-05-19 09:26:08,923 INFO HTTP Request: GET https://t.me/s/medicalprep?before=7687 "HTTP/1.1 200 OK"
2026-05-19 09:26:09,857 INFO HTTP Request: GET https://t.me/s/medicalprep?before=7667 "HTTP/1.1 200 OK"
2026-05-19 09:26:10,723 INFO HTTP Request: GET https://t.me/s/medicalprep?before=7647 "HTTP/1.1 200 OK"
2026-05-19 09:26:11,585 INFO HTTP Request: GET https://t.me/s/medicalprep?before=7627 "HTTP/1.1 200 OK"
2026-05-19 09:26:12,471 INFO HTTP Request: GET https://t.me/s/medicalprep?before=7607 "HTTP/1.1 200 OK"
2026-05-19 09:26:13,334 INFO HTTP Request: GET https://t.me/s/medicalprep?before=7586 "HTTP/1.1 200 OK"
2026-05-19 09:26:14,195 INFO HTTP Request: GET https://t.me/s/medicalprep?before=7566 "HTTP/1.1 200 OK"
2026-05-19 09:26:15,057 INFO HTTP Request: GET https://t.me/s/medicalprep?before=7544 "HTTP/1.1 200 OK"
2026-05-19 09:26:15,944 INFO HTTP Request: GET https://t.me/s/medicalprep?before=7524 "HTTP/1.1 200 OK"
2026-05-19 09:26:16,785 INFO HTTP Request: GET https://t.me/s/medicalprep?before=7504 "HTTP/1.1 200 OK"
2026-05-19 09:26:17,658 INFO HTTP Request: GET https://t.me/s/medicalprep?before=7482 "HTTP/1.1 200 OK"
2026-05-19 09:26:18,521 INFO HTTP Request: GET https://t.me/s/medicalprep?before=7462 "HTTP/1.1 200 OK"
2026-05-19 09:26:19,354 INFO HTTP Request: GET https://t.me/s/medicalprep?before=7442 "HTTP/1.1 200 OK"
2026-05-19 09:26:20,267 INFO HTTP Request: GET https://t.me/s/medicalprep?before=7422 "HTTP/1.1 200 OK"
2026-05-19 09:26:21,134 INFO HTTP Request: GET https://t.me/s/medicalprep?before=7395 "HTTP/1.1 200 OK"
2026-05-19 09:26:21,997 INFO HTTP Request: GET https://t.me/s/medicalprep?before=7375 "HTTP/1.1 200 OK"
2026-05-19 09:26:22,915 INFO HTTP Request: GET https://t.me/s/medicalprep?before=7353 "HTTP/1.1 200 OK"
2026-05-19 09:26:23,902 INFO HTTP Request: GET https://t.me/s/medicalprep?before=7333 "HTTP/1.1 200 OK"
2026-05-19 09:26:24,762 INFO HTTP Request: GET https://t.me/s/medicalprep?before=7313 "HTTP/1.1 200 OK"
2026-05-19 09:26:25,663 INFO HTTP Request: GET https://t.me/s/medicalprep?before=7293 "HTTP/1.1 200 OK"
2026-05-19 09:26:26,557 INFO HTTP Request: GET https://t.me/s/medicalprep?before=7273 "HTTP/1.1 200 OK"
2026-05-19 09:26:27,467 INFO HTTP Request: GET https://t.me/s/medicalprep?before=7253 "HTTP/1.1 200 OK"
2026-05-19 09:26:28,347 INFO HTTP Request: GET https://t.me/s/medicalprep?before=7233 "HTTP/1.1 200 OK"
2026-05-19 09:26:29,256 INFO HTTP Request: GET https://t.me/s/medicalprep?before=7213 "HTTP/1.1 200 OK"
2026-05-19 09:26:30,136 INFO HTTP Request: GET https://t.me/s/medicalprep?before=7193 "HTTP/1.1 200 OK"
2026-05-19 09:26:30,993 INFO HTTP Request: GET https://t.me/s/medicalprep?before=7170 "HTTP/1.1 200 OK"
2026-05-19 09:26:31,847 INFO HTTP Request: GET https://t.me/s/medicalprep?before=7150 "HTTP/1.1 200 OK"
2026-05-19 09:26:32,752 INFO HTTP Request: GET https://t.me/s/medicalprep?before=7130 "HTTP/1.1 200 OK"
2026-05-19 09:26:33,638 INFO HTTP Request: GET https://t.me/s/medicalprep?before=7106 "HTTP/1.1 200 OK"
2026-05-19 09:26:34,487 INFO HTTP Request: GET https://t.me/s/medicalprep?before=7084 "HTTP/1.1 200 OK"
2026-05-19 09:26:35,309 INFO HTTP Request: GET https://t.me/s/medicalprep?before=7063 "HTTP/1.1 200 OK"
2026-05-19 09:26:36,151 INFO HTTP Request: GET https://t.me/s/medicalprep?before=7041 "HTTP/1.1 200 OK"
2026-05-19 09:26:37,027 INFO HTTP Request: GET https://t.me/s/medicalprep?before=7021 "HTTP/1.1 200 OK"
2026-05-19 09:26:37,966 INFO HTTP Request: GET https://t.me/s/medicalprep?before=6998 "HTTP/1.1 200 OK"
2026-05-19 09:26:38,833 INFO HTTP Request: GET https://t.me/s/medicalprep?before=6978 "HTTP/1.1 200 OK"
2026-05-19 09:26:39,724 INFO HTTP Request: GET https://t.me/s/medicalprep?before=6958 "HTTP/1.1 200 OK"
2026-05-19 09:26:40,583 INFO HTTP Request: GET https://t.me/s/medicalprep?before=6938 "HTTP/1.1 200 OK"
2026-05-19 09:26:41,458 INFO HTTP Request: GET https://t.me/s/medicalprep?before=6917 "HTTP/1.1 200 OK"
2026-05-19 09:26:42,311 INFO HTTP Request: GET https://t.me/s/medicalprep?before=6896 "HTTP/1.1 200 OK"
2026-05-19 09:26:43,171 INFO HTTP Request: GET https://t.me/s/medicalprep?before=6874 "HTTP/1.1 200 OK"
2026-05-19 09:26:44,075 INFO HTTP Request: GET https://t.me/s/medicalprep?before=6854 "HTTP/1.1 200 OK"
2026-05-19 09:26:44,990 INFO HTTP Request: GET https://t.me/s/medicalprep?before=6833 "HTTP/1.1 200 OK"
2026-05-19 09:26:45,899 INFO HTTP Request: GET https://t.me/s/medicalprep?before=6811 "HTTP/1.1 200 OK"
2026-05-19 09:26:46,835 INFO HTTP Request: GET https://t.me/s/medicalprep?before=6785 "HTTP/1.1 200 OK"
2026-05-19 09:26:47,732 INFO HTTP Request: GET https://t.me/s/medicalprep?before=6763 "HTTP/1.1 200 OK"
2026-05-19 09:26:48,586 INFO HTTP Request: GET https://t.me/s/medicalprep?before=6742 "HTTP/1.1 200 OK"
2026-05-19 09:26:49,445 INFO HTTP Request: GET https://t.me/s/medicalprep?before=6722 "HTTP/1.1 200 OK"
2026-05-19 09:26:50,263 INFO HTTP Request: GET https://t.me/s/medicalprep?before=6700 "HTTP/1.1 200 OK"
2026-05-19 09:26:51,171 INFO HTTP Request: GET https://t.me/s/medicalprep?before=6679 "HTTP/1.1 200 OK"
2026-05-19 09:26:52,022 INFO HTTP Request: GET https://t.me/s/medicalprep?before=6655 "HTTP/1.1 200 OK"
2026-05-19 09:26:52,887 INFO HTTP Request: GET https://t.me/s/medicalprep?before=6635 "HTTP/1.1 200 OK"
2026-05-19 09:26:53,725 INFO HTTP Request: GET https://t.me/s/medicalprep?before=6615 "HTTP/1.1 200 OK"
2026-05-19 09:26:54,500 INFO HTTP Request: GET https://t.me/s/medicalprep?before=6590 "HTTP/1.1 200 OK"
2026-05-19 09:26:55,369 INFO HTTP Request: GET https://t.me/s/medicalprep?before=6570 "HTTP/1.1 200 OK"
2026-05-19 09:26:56,239 INFO HTTP Request: GET https://t.me/s/medicalprep?before=6548 "HTTP/1.1 200 OK"
2026-05-19 09:26:57,131 INFO HTTP Request: GET https://t.me/s/medicalprep?before=6525 "HTTP/1.1 200 OK"
2026-05-19 09:26:58,002 INFO HTTP Request: GET https://t.me/s/medicalprep?before=6505 "HTTP/1.1 200 OK"
2026-05-19 09:26:58,863 INFO HTTP Request: GET https://t.me/s/medicalprep?before=6485 "HTTP/1.1 200 OK"
2026-05-19 09:26:59,695 INFO HTTP Request: GET https://t.me/s/medicalprep?before=6463 "HTTP/1.1 200 OK"
2026-05-19 09:27:00,565 INFO HTTP Request: GET https://t.me/s/medicalprep?before=6443 "HTTP/1.1 200 OK"
2026-05-19 09:27:01,426 INFO HTTP Request: GET https://t.me/s/medicalprep?before=6421 "HTTP/1.1 200 OK"
2026-05-19 09:27:02,287 INFO HTTP Request: GET https://t.me/s/medicalprep?before=6397 "HTTP/1.1 200 OK"
2026-05-19 09:27:03,256 INFO HTTP Request: GET https://t.me/s/medicalprep?before=6375 "HTTP/1.1 200 OK"
2026-05-19 09:27:04,158 INFO HTTP Request: GET https://t.me/s/medicalprep?before=6353 "HTTP/1.1 200 OK"
2026-05-19 09:27:05,129 INFO HTTP Request: GET https://t.me/s/medicalprep?before=6332 "HTTP/1.1 200 OK"
2026-05-19 09:27:06,001 INFO HTTP Request: GET https://t.me/s/medicalprep?before=6309 "HTTP/1.1 200 OK"
2026-05-19 09:27:06,847 INFO HTTP Request: GET https://t.me/s/medicalprep?before=6288 "HTTP/1.1 200 OK"
2026-05-19 09:27:07,689 INFO HTTP Request: GET https://t.me/s/medicalprep?before=6268 "HTTP/1.1 200 OK"
2026-05-19 09:27:08,518 INFO HTTP Request: GET https://t.me/s/medicalprep?before=6248 "HTTP/1.1 200 OK"
2026-05-19 09:27:09,392 INFO HTTP Request: GET https://t.me/s/medicalprep?before=6226 "HTTP/1.1 200 OK"
2026-05-19 09:27:10,269 INFO HTTP Request: GET https://t.me/s/medicalprep?before=6204 "HTTP/1.1 200 OK"
2026-05-19 09:27:11,141 INFO HTTP Request: GET https://t.me/s/medicalprep?before=6178 "HTTP/1.1 200 OK"
2026-05-19 09:27:12,047 INFO HTTP Request: GET https://t.me/s/medicalprep?before=6157 "HTTP/1.1 200 OK"
2026-05-19 09:27:12,879 INFO HTTP Request: GET https://t.me/s/medicalprep?before=6127 "HTTP/1.1 200 OK"
2026-05-19 09:27:13,776 INFO HTTP Request: GET https://t.me/s/medicalprep?before=6105 "HTTP/1.1 200 OK"
2026-05-19 09:27:14,607 INFO HTTP Request: GET https://t.me/s/medicalprep?before=6082 "HTTP/1.1 200 OK"
2026-05-19 09:27:15,427 INFO HTTP Request: GET https://t.me/s/medicalprep?before=6062 "HTTP/1.1 200 OK"
2026-05-19 09:27:16,246 INFO HTTP Request: GET https://t.me/s/medicalprep?before=6040 "HTTP/1.1 200 OK"
2026-05-19 09:27:17,069 INFO HTTP Request: GET https://t.me/s/medicalprep?before=6017 "HTTP/1.1 200 OK"
2026-05-19 09:27:17,995 INFO HTTP Request: GET https://t.me/s/medicalprep?before=5997 "HTTP/1.1 200 OK"
2026-05-19 09:27:18,811 INFO HTTP Request: GET https://t.me/s/medicalprep?before=5976 "HTTP/1.1 200 OK"
2026-05-19 09:27:19,674 INFO HTTP Request: GET https://t.me/s/medicalprep?before=5956 "HTTP/1.1 200 OK"
2026-05-19 09:27:20,517 INFO HTTP Request: GET https://t.me/s/medicalprep?before=5936 "HTTP/1.1 200 OK"
2026-05-19 09:27:21,333 INFO HTTP Request: GET https://t.me/s/medicalprep?before=5912 "HTTP/1.1 200 OK"
2026-05-19 09:27:22,130 INFO HTTP Request: GET https://t.me/s/medicalprep?before=5892 "HTTP/1.1 200 OK"
2026-05-19 09:27:22,998 INFO HTTP Request: GET https://t.me/s/medicalprep?before=5869 "HTTP/1.1 200 OK"
2026-05-19 09:27:23,838 INFO HTTP Request: GET https://t.me/s/medicalprep?before=5848 "HTTP/1.1 200 OK"
2026-05-19 09:27:24,673 INFO HTTP Request: GET https://t.me/s/medicalprep?before=5828 "HTTP/1.1 200 OK"
2026-05-19 09:27:25,471 INFO HTTP Request: GET https://t.me/s/medicalprep?before=5805 "HTTP/1.1 200 OK"
2026-05-19 09:27:26,267 INFO HTTP Request: GET https://t.me/s/medicalprep?before=5781 "HTTP/1.1 200 OK"
2026-05-19 09:27:27,061 INFO HTTP Request: GET https://t.me/s/medicalprep?before=5758 "HTTP/1.1 200 OK"
2026-05-19 09:27:27,892 INFO HTTP Request: GET https://t.me/s/medicalprep?before=5738 "HTTP/1.1 200 OK"
2026-05-19 09:27:28,697 INFO HTTP Request: GET https://t.me/s/medicalprep?before=5715 "HTTP/1.1 200 OK"
2026-05-19 09:27:29,492 INFO HTTP Request: GET https://t.me/s/medicalprep?before=5691 "HTTP/1.1 200 OK"
2026-05-19 09:27:30,287 INFO HTTP Request: GET https://t.me/s/medicalprep?before=5670 "HTTP/1.1 200 OK"
2026-05-19 09:27:31,084 INFO HTTP Request: GET https://t.me/s/medicalprep?before=5649 "HTTP/1.1 200 OK"
2026-05-19 09:27:31,896 INFO HTTP Request: GET https://t.me/s/medicalprep?before=5629 "HTTP/1.1 200 OK"
2026-05-19 09:27:32,826 INFO HTTP Request: GET https://t.me/s/medicalprep?before=5606 "HTTP/1.1 200 OK"
2026-05-19 09:27:33,724 INFO HTTP Request: GET https://t.me/s/medicalprep?before=5586 "HTTP/1.1 200 OK"
2026-05-19 09:27:34,579 INFO HTTP Request: GET https://t.me/s/medicalprep?before=5566 "HTTP/1.1 200 OK"
2026-05-19 09:27:35,434 INFO HTTP Request: GET https://t.me/s/medicalprep?before=5546 "HTTP/1.1 200 OK"
2026-05-19 09:27:36,231 INFO HTTP Request: GET https://t.me/s/medicalprep?before=5520 "HTTP/1.1 200 OK"
2026-05-19 09:27:37,004 INFO HTTP Request: GET https://t.me/s/medicalprep?before=5490 "HTTP/1.1 200 OK"
2026-05-19 09:27:37,821 INFO HTTP Request: GET https://t.me/s/medicalprep?before=5470 "HTTP/1.1 200 OK"
2026-05-19 09:27:38,624 INFO HTTP Request: GET https://t.me/s/medicalprep?before=5448 "HTTP/1.1 200 OK"
2026-05-19 09:27:39,423 INFO HTTP Request: GET https://t.me/s/medicalprep?before=5425 "HTTP/1.1 200 OK"
2026-05-19 09:27:40,290 INFO HTTP Request: GET https://t.me/s/medicalprep?before=5403 "HTTP/1.1 200 OK"
2026-05-19 09:27:41,132 INFO HTTP Request: GET https://t.me/s/medicalprep?before=5382 "HTTP/1.1 200 OK"
2026-05-19 09:27:41,980 INFO HTTP Request: GET https://t.me/s/medicalprep?before=5361 "HTTP/1.1 200 OK"
2026-05-19 09:27:42,788 INFO HTTP Request: GET https://t.me/s/medicalprep?before=5326 "HTTP/1.1 200 OK"
2026-05-19 09:27:43,618 INFO HTTP Request: GET https://t.me/s/medicalprep?before=5305 "HTTP/1.1 200 OK"
2026-05-19 09:27:44,461 INFO HTTP Request: GET https://t.me/s/medicalprep?before=5285 "HTTP/1.1 200 OK"
2026-05-19 09:27:45,375 INFO HTTP Request: GET https://t.me/s/medicalprep?before=5265 "HTTP/1.1 200 OK"
2026-05-19 09:27:46,210 INFO HTTP Request: GET https://t.me/s/medicalprep?before=5243 "HTTP/1.1 200 OK"
2026-05-19 09:27:47,046 INFO HTTP Request: GET https://t.me/s/medicalprep?before=5223 "HTTP/1.1 200 OK"
2026-05-19 09:27:47,989 INFO HTTP Request: GET https://t.me/s/medicalprep?before=5202 "HTTP/1.1 200 OK"
2026-05-19 09:27:48,852 INFO HTTP Request: GET https://t.me/s/medicalprep?before=5180 "HTTP/1.1 200 OK"
2026-05-19 09:27:49,687 INFO HTTP Request: GET https://t.me/s/medicalprep?before=5156 "HTTP/1.1 200 OK"
2026-05-19 09:27:50,539 INFO HTTP Request: GET https://t.me/s/medicalprep?before=5132 "HTTP/1.1 200 OK"
2026-05-19 09:27:51,377 INFO HTTP Request: GET https://t.me/s/medicalprep?before=5111 "HTTP/1.1 200 OK"
2026-05-19 09:27:52,177 INFO HTTP Request: GET https://t.me/s/medicalprep?before=5089 "HTTP/1.1 200 OK"
2026-05-19 09:27:53,024 INFO HTTP Request: GET https://t.me/s/medicalprep?before=5064 "HTTP/1.1 200 OK"
2026-05-19 09:27:53,828 INFO HTTP Request: GET https://t.me/s/medicalprep?before=5042 "HTTP/1.1 200 OK"
2026-05-19 09:27:54,647 INFO HTTP Request: GET https://t.me/s/medicalprep?before=5020 "HTTP/1.1 200 OK"
2026-05-19 09:27:55,431 INFO HTTP Request: GET https://t.me/s/medicalprep?before=4999 "HTTP/1.1 200 OK"
2026-05-19 09:27:56,234 INFO HTTP Request: GET https://t.me/s/medicalprep?before=4979 "HTTP/1.1 200 OK"
2026-05-19 09:27:57,034 INFO HTTP Request: GET https://t.me/s/medicalprep?before=4956 "HTTP/1.1 200 OK"
2026-05-19 09:27:57,836 INFO HTTP Request: GET https://t.me/s/medicalprep?before=4936 "HTTP/1.1 200 OK"
2026-05-19 09:27:58,620 INFO HTTP Request: GET https://t.me/s/medicalprep?before=4916 "HTTP/1.1 200 OK"
2026-05-19 09:27:59,412 INFO HTTP Request: GET https://t.me/s/medicalprep?before=4895 "HTTP/1.1 200 OK"
2026-05-19 09:28:00,243 INFO HTTP Request: GET https://t.me/s/medicalprep?before=4875 "HTTP/1.1 200 OK"
2026-05-19 09:28:01,065 INFO HTTP Request: GET https://t.me/s/medicalprep?before=4853 "HTTP/1.1 200 OK"
2026-05-19 09:28:01,995 INFO HTTP Request: GET https://t.me/s/medicalprep?before=4833 "HTTP/1.1 200 OK"
2026-05-19 09:28:02,857 INFO HTTP Request: GET https://t.me/s/medicalprep?before=4810 "HTTP/1.1 200 OK"
2026-05-19 09:28:03,691 INFO HTTP Request: GET https://t.me/s/medicalprep?before=4789 "HTTP/1.1 200 OK"
2026-05-19 09:28:04,523 INFO HTTP Request: GET https://t.me/s/medicalprep?before=4769 "HTTP/1.1 200 OK"
2026-05-19 09:28:05,345 INFO HTTP Request: GET https://t.me/s/medicalprep?before=4746 "HTTP/1.1 200 OK"
2026-05-19 09:28:06,168 INFO HTTP Request: GET https://t.me/s/medicalprep?before=4725 "HTTP/1.1 200 OK"
2026-05-19 09:28:07,000 INFO HTTP Request: GET https://t.me/s/medicalprep?before=4704 "HTTP/1.1 200 OK"
2026-05-19 09:28:07,833 INFO HTTP Request: GET https://t.me/s/medicalprep?before=4681 "HTTP/1.1 200 OK"
2026-05-19 09:28:08,655 INFO HTTP Request: GET https://t.me/s/medicalprep?before=4660 "HTTP/1.1 200 OK"
2026-05-19 09:28:09,465 INFO HTTP Request: GET https://t.me/s/medicalprep?before=4633 "HTTP/1.1 200 OK"
2026-05-19 09:28:10,282 INFO HTTP Request: GET https://t.me/s/medicalprep?before=4613 "HTTP/1.1 200 OK"
2026-05-19 09:28:11,112 INFO HTTP Request: GET https://t.me/s/medicalprep?before=4593 "HTTP/1.1 200 OK"
2026-05-19 09:28:11,934 INFO HTTP Request: GET https://t.me/s/medicalprep?before=4568 "HTTP/1.1 200 OK"
2026-05-19 09:28:12,765 INFO HTTP Request: GET https://t.me/s/medicalprep?before=4547 "HTTP/1.1 200 OK"
2026-05-19 09:28:13,583 INFO HTTP Request: GET https://t.me/s/medicalprep?before=4522 "HTTP/1.1 200 OK"
2026-05-19 09:28:14,367 INFO HTTP Request: GET https://t.me/s/medicalprep?before=4498 "HTTP/1.1 200 OK"
2026-05-19 09:28:15,150 INFO HTTP Request: GET https://t.me/s/medicalprep?before=4478 "HTTP/1.1 200 OK"
2026-05-19 09:28:16,056 INFO HTTP Request: GET https://t.me/s/medicalprep?before=4458 "HTTP/1.1 200 OK"
2026-05-19 09:28:16,860 INFO HTTP Request: GET https://t.me/s/medicalprep?before=4437 "HTTP/1.1 200 OK"
2026-05-19 09:28:17,679 INFO HTTP Request: GET https://t.me/s/medicalprep?before=4417 "HTTP/1.1 200 OK"
2026-05-19 09:28:18,473 INFO HTTP Request: GET https://t.me/s/medicalprep?before=4397 "HTTP/1.1 200 OK"
2026-05-19 09:28:19,291 INFO HTTP Request: GET https://t.me/s/medicalprep?before=4377 "HTTP/1.1 200 OK"
2026-05-19 09:28:32,914 INFO OK @medicalprep ebooks=70 posts=4673 source=tme_full_preview
2026-05-19 09:28:32,914 INFO Trying t.me/s/medicalbooksstoress ...
2026-05-19 09:28:33,753 INFO HTTP Request: GET https://t.me/s/medicalbooksstoress "HTTP/1.1 302 Found"
2026-05-19 09:28:34,046 INFO HTTP Request: GET https://t.me/medicalbooksstoress "HTTP/1.1 200 OK"
2026-05-19 09:28:34,047 INFO TGStat sample for medicalbooksstoress (no public preview)
2026-05-19 09:28:35,616 INFO HTTP Request: GET https://tgstat.com/channel/@medicalbooksstoress "HTTP/1.1 404 Not Found"
2026-05-19 09:28:36,300 INFO HTTP Request: GET https://tgstat.com/channel/@medicalbooksstoress "HTTP/1.1 404 Not Found"
2026-05-19 09:28:37,005 INFO HTTP Request: GET https://tgstat.com/channel/@Medicalbooksstoress "HTTP/1.1 404 Not Found"
2026-05-19 09:28:37,365 INFO Trying t.me/s/medicalbooksstorea ...
2026-05-19 09:28:38,186 INFO HTTP Request: GET https://t.me/s/medicalbooksstorea "HTTP/1.1 302 Found"
2026-05-19 09:28:38,473 INFO HTTP Request: GET https://t.me/medicalbooksstorea "HTTP/1.1 200 OK"
2026-05-19 09:28:38,475 INFO TGStat sample for medicalbooksstorea (no public preview)
2026-05-19 09:28:39,104 INFO HTTP Request: GET https://tgstat.com/channel/@medicalbooksstorea "HTTP/1.1 302 Found"
2026-05-19 09:28:41,840 INFO HTTP Request: GET https://et.tgstat.com/channel/@MedicalBooksStoreA "HTTP/1.1 200 OK"
2026-05-19 09:28:42,443 INFO OK @medicalbooksstorea ebooks=5 posts=10 source=tgstat_sample
2026-05-19 09:28:42,443 INFO Trying t.me/s/freesurgerybooks28 ...
2026-05-19 09:28:43,233 INFO HTTP Request: GET https://t.me/s/freesurgerybooks28 "HTTP/1.1 302 Found"
2026-05-19 09:28:43,511 INFO HTTP Request: GET https://t.me/freesurgerybooks28 "HTTP/1.1 200 OK"
2026-05-19 09:28:43,511 INFO TGStat sample for freesurgerybooks28 (no public preview)
2026-05-19 09:28:45,125 INFO HTTP Request: GET https://tgstat.com/channel/@freesurgerybooks28 "HTTP/1.1 200 OK"
2026-05-19 09:28:45,677 INFO OK @freesurgerybooks28 ebooks=10 posts=10 source=tgstat_sample
2026-05-19 09:28:45,677 INFO Trying t.me/s/pdf4yo ...
2026-05-19 09:28:46,482 INFO HTTP Request: GET https://t.me/s/pdf4yo "HTTP/1.1 302 Found"
2026-05-19 09:28:46,764 INFO HTTP Request: GET https://t.me/pdf4yo "HTTP/1.1 200 OK"
2026-05-19 09:28:46,765 INFO TGStat sample for pdf4yo (no public preview)
2026-05-19 09:28:47,691 INFO HTTP Request: GET https://tgstat.com/channel/@pdf4yo "HTTP/1.1 200 OK"
2026-05-19 09:28:49,131 INFO HTTP Request: GET https://tgstat.com/channel/@pdf4yo "HTTP/1.1 200 OK"
2026-05-19 09:28:50,383 INFO HTTP Request: GET https://tgstat.com/channel/@Pdf4Yo "HTTP/1.1 302 Found"
2026-05-19 09:28:51,520 INFO HTTP Request: GET https://tgstat.com/channel/@pdf4yo "HTTP/1.1 200 OK"
2026-05-19 09:28:52,305 INFO Trying t.me/s/store_atm ...
2026-05-19 09:28:53,404 INFO HTTP Request: GET https://t.me/s/store_atm "HTTP/1.1 200 OK"
2026-05-19 09:28:54,400 INFO HTTP Request: GET https://t.me/s/store_atm?before=292 "HTTP/1.1 200 OK"
2026-05-19 09:28:55,318 INFO HTTP Request: GET https://t.me/s/store_atm?before=257 "HTTP/1.1 200 OK"
2026-05-19 09:28:56,250 INFO HTTP Request: GET https://t.me/s/store_atm?before=231 "HTTP/1.1 200 OK"
2026-05-19 09:28:57,192 INFO HTTP Request: GET https://t.me/s/store_atm?before=203 "HTTP/1.1 200 OK"
2026-05-19 09:28:58,088 INFO HTTP Request: GET https://t.me/s/store_atm?before=176 "HTTP/1.1 200 OK"
2026-05-19 09:28:59,061 INFO HTTP Request: GET https://t.me/s/store_atm?before=146 "HTTP/1.1 200 OK"
2026-05-19 09:28:59,993 INFO HTTP Request: GET https://t.me/s/store_atm?before=115 "HTTP/1.1 200 OK"
2026-05-19 09:29:00,949 INFO HTTP Request: GET https://t.me/s/store_atm?before=86 "HTTP/1.1 200 OK"
2026-05-19 09:29:02,088 INFO HTTP Request: GET https://t.me/s/store_atm?before=58 "HTTP/1.1 200 OK"
2026-05-19 09:29:02,995 INFO HTTP Request: GET https://t.me/s/store_atm?before=32 "HTTP/1.1 200 OK"
2026-05-19 09:29:03,859 INFO HTTP Request: GET https://t.me/s/store_atm?before=5 "HTTP/1.1 200 OK"
2026-05-19 09:29:04,535 INFO HTTP Request: GET https://t.me/s/store_atm?before=1 "HTTP/1.1 200 OK"
2026-05-19 09:29:06,434 INFO OK @store_atm ebooks=9 posts=222 source=tme_full_preview
2026-05-19 09:29:06,435 INFO Trying t.me/s/internal_medicine_material ...
2026-05-19 09:29:07,259 INFO HTTP Request: GET https://t.me/s/internal_medicine_material "HTTP/1.1 302 Found"
2026-05-19 09:29:07,537 INFO HTTP Request: GET https://t.me/internal_medicine_material "HTTP/1.1 200 OK"
2026-05-19 09:29:07,540 INFO TGStat sample for internal_medicine_material (no public preview)
2026-05-19 09:29:08,211 INFO HTTP Request: GET https://tgstat.com/channel/@internal_medicine_material "HTTP/1.1 302 Found"
2026-05-19 09:29:08,286 INFO HTTP Request: GET https://tgstat.ru/en/channel/@Internal_medicine_material "HTTP/1.1 403 Forbidden"
2026-05-19 09:29:08,955 INFO HTTP Request: GET https://tgstat.com/channel/@internal_medicine_material "HTTP/1.1 302 Found"
2026-05-19 09:29:09,003 INFO HTTP Request: GET https://tgstat.ru/en/channel/@Internal_medicine_material "HTTP/1.1 403 Forbidden"
2026-05-19 09:29:09,650 INFO HTTP Request: GET https://tgstat.com/channel/@Internal_Medicine_Material "HTTP/1.1 302 Found"
2026-05-19 09:29:09,706 INFO HTTP Request: GET https://tgstat.ru/en/channel/@Internal_medicine_material "HTTP/1.1 403 Forbidden"
2026-05-19 09:29:10,061 INFO Trying t.me/s/medbooksvn2 ...
2026-05-19 09:29:11,002 INFO HTTP Request: GET https://t.me/s/medbooksvn2 "HTTP/1.1 200 OK"
2026-05-19 09:29:11,892 INFO HTTP Request: GET https://t.me/s/medbooksvn2?before=2047 "HTTP/1.1 200 OK"
2026-05-19 09:29:12,763 INFO HTTP Request: GET https://t.me/s/medbooksvn2?before=1359 "HTTP/1.1 200 OK"
2026-05-19 09:29:13,663 INFO HTTP Request: GET https://t.me/s/medbooksvn2?before=1303 "HTTP/1.1 200 OK"
2026-05-19 09:29:14,521 INFO HTTP Request: GET https://t.me/s/medbooksvn2?before=1283 "HTTP/1.1 200 OK"
2026-05-19 09:29:15,396 INFO HTTP Request: GET https://t.me/s/medbooksvn2?before=1263 "HTTP/1.1 200 OK"
2026-05-19 09:29:16,389 INFO HTTP Request: GET https://t.me/s/medbooksvn2?before=1243 "HTTP/1.1 200 OK"
2026-05-19 09:29:17,304 INFO HTTP Request: GET https://t.me/s/medbooksvn2?before=1223 "HTTP/1.1 200 OK"
2026-05-19 09:29:18,268 INFO HTTP Request: GET https://t.me/s/medbooksvn2?before=1203 "HTTP/1.1 200 OK"
2026-05-19 09:29:19,162 INFO HTTP Request: GET https://t.me/s/medbooksvn2?before=1183 "HTTP/1.1 200 OK"
2026-05-19 09:29:20,043 INFO HTTP Request: GET https://t.me/s/medbooksvn2?before=1163 "HTTP/1.1 200 OK"
2026-05-19 09:29:21,019 INFO HTTP Request: GET https://t.me/s/medbooksvn2?before=1142 "HTTP/1.1 200 OK"
2026-05-19 09:29:21,931 INFO HTTP Request: GET https://t.me/s/medbooksvn2?before=1122 "HTTP/1.1 200 OK"
2026-05-19 09:29:23,008 INFO HTTP Request: GET https://t.me/s/medbooksvn2?before=1102 "HTTP/1.1 200 OK"
2026-05-19 09:29:23,959 INFO HTTP Request: GET https://t.me/s/medbooksvn2?before=1082 "HTTP/1.1 200 OK"
2026-05-19 09:29:24,942 INFO HTTP Request: GET https://t.me/s/medbooksvn2?before=1062 "HTTP/1.1 200 OK"
2026-05-19 09:29:25,888 INFO HTTP Request: GET https://t.me/s/medbooksvn2?before=1042 "HTTP/1.1 200 OK"
2026-05-19 09:29:26,826 INFO HTTP Request: GET https://t.me/s/medbooksvn2?before=1022 "HTTP/1.1 200 OK"
2026-05-19 09:29:27,828 INFO HTTP Request: GET https://t.me/s/medbooksvn2?before=1002 "HTTP/1.1 200 OK"
2026-05-19 09:29:28,751 INFO HTTP Request: GET https://t.me/s/medbooksvn2?before=982 "HTTP/1.1 200 OK"
2026-05-19 09:29:29,665 INFO HTTP Request: GET https://t.me/s/medbooksvn2?before=962 "HTTP/1.1 200 OK"
2026-05-19 09:29:30,604 INFO HTTP Request: GET https://t.me/s/medbooksvn2?before=942 "HTTP/1.1 200 OK"
2026-05-19 09:29:31,484 INFO HTTP Request: GET https://t.me/s/medbooksvn2?before=922 "HTTP/1.1 200 OK"
2026-05-19 09:29:32,474 INFO HTTP Request: GET https://t.me/s/medbooksvn2?before=902 "HTTP/1.1 200 OK"
2026-05-19 09:29:33,398 INFO HTTP Request: GET https://t.me/s/medbooksvn2?before=882 "HTTP/1.1 200 OK"
2026-05-19 09:29:34,465 INFO HTTP Request: GET https://t.me/s/medbooksvn2?before=862 "HTTP/1.1 200 OK"
2026-05-19 09:29:35,538 INFO HTTP Request: GET https://t.me/s/medbooksvn2?before=842 "HTTP/1.1 200 OK"
2026-05-19 09:29:36,440 INFO HTTP Request: GET https://t.me/s/medbooksvn2?before=822 "HTTP/1.1 200 OK"
2026-05-19 09:29:37,355 INFO HTTP Request: GET https://t.me/s/medbooksvn2?before=802 "HTTP/1.1 200 OK"
2026-05-19 09:29:38,253 INFO HTTP Request: GET https://t.me/s/medbooksvn2?before=782 "HTTP/1.1 200 OK"
2026-05-19 09:29:39,315 INFO HTTP Request: GET https://t.me/s/medbooksvn2?before=762 "HTTP/1.1 200 OK"
2026-05-19 09:29:40,231 INFO HTTP Request: GET https://t.me/s/medbooksvn2?before=742 "HTTP/1.1 200 OK"
2026-05-19 09:29:41,123 INFO HTTP Request: GET https://t.me/s/medbooksvn2?before=722 "HTTP/1.1 200 OK"
2026-05-19 09:29:42,053 INFO HTTP Request: GET https://t.me/s/medbooksvn2?before=702 "HTTP/1.1 200 OK"
2026-05-19 09:29:42,938 INFO HTTP Request: GET https://t.me/s/medbooksvn2?before=682 "HTTP/1.1 200 OK"
2026-05-19 09:29:43,940 INFO HTTP Request: GET https://t.me/s/medbooksvn2?before=662 "HTTP/1.1 200 OK"
2026-05-19 09:29:44,884 INFO HTTP Request: GET https://t.me/s/medbooksvn2?before=642 "HTTP/1.1 200 OK"
2026-05-19 09:29:45,787 INFO HTTP Request: GET https://t.me/s/medbooksvn2?before=622 "HTTP/1.1 200 OK"
2026-05-19 09:29:46,718 INFO HTTP Request: GET https://t.me/s/medbooksvn2?before=602 "HTTP/1.1 200 OK"
2026-05-19 09:29:47,729 INFO HTTP Request: GET https://t.me/s/medbooksvn2?before=582 "HTTP/1.1 200 OK"
2026-05-19 09:29:48,676 INFO HTTP Request: GET https://t.me/s/medbooksvn2?before=562 "HTTP/1.1 200 OK"
2026-05-19 09:29:49,669 INFO HTTP Request: GET https://t.me/s/medbooksvn2?before=542 "HTTP/1.1 200 OK"
2026-05-19 09:29:50,669 INFO HTTP Request: GET https://t.me/s/medbooksvn2?before=522 "HTTP/1.1 200 OK"
2026-05-19 09:29:51,627 INFO HTTP Request: GET https://t.me/s/medbooksvn2?before=502 "HTTP/1.1 200 OK"
2026-05-19 09:29:52,633 INFO HTTP Request: GET https://t.me/s/medbooksvn2?before=482 "HTTP/1.1 200 OK"
2026-05-19 09:29:53,671 INFO HTTP Request: GET https://t.me/s/medbooksvn2?before=462 "HTTP/1.1 200 OK"
2026-05-19 09:29:54,767 INFO HTTP Request: GET https://t.me/s/medbooksvn2?before=442 "HTTP/1.1 200 OK"
2026-05-19 09:29:55,599 INFO HTTP Request: GET https://t.me/s/medbooksvn2?before=1 "HTTP/1.1 200 OK"
2026-05-19 09:30:10,949 INFO OK @medbooksvn2 ebooks=458 posts=926 source=tme_full_preview
2026-05-19 09:30:10,950 INFO Trying t.me/s/medicalegypt ...
2026-05-19 09:30:11,958 INFO HTTP Request: GET https://t.me/s/medicalegypt "HTTP/1.1 200 OK"
2026-05-19 09:30:13,034 INFO HTTP Request: GET https://t.me/s/medicalegypt?before=417 "HTTP/1.1 200 OK"
2026-05-19 09:30:14,138 INFO HTTP Request: GET https://t.me/s/medicalegypt?before=397 "HTTP/1.1 200 OK"
2026-05-19 09:30:15,228 INFO HTTP Request: GET https://t.me/s/medicalegypt?before=372 "HTTP/1.1 200 OK"
2026-05-19 09:30:16,280 INFO HTTP Request: GET https://t.me/s/medicalegypt?before=352 "HTTP/1.1 200 OK"
2026-05-19 09:30:17,318 INFO HTTP Request: GET https://t.me/s/medicalegypt?before=332 "HTTP/1.1 200 OK"
2026-05-19 09:30:18,354 INFO HTTP Request: GET https://t.me/s/medicalegypt?before=302 "HTTP/1.1 200 OK"
2026-05-19 09:30:19,302 INFO HTTP Request: GET https://t.me/s/medicalegypt?before=277 "HTTP/1.1 200 OK"
2026-05-19 09:30:20,238 INFO HTTP Request: GET https://t.me/s/medicalegypt?before=257 "HTTP/1.1 200 OK"
2026-05-19 09:30:21,137 INFO HTTP Request: GET https://t.me/s/medicalegypt?before=237 "HTTP/1.1 200 OK"
2026-05-19 09:30:22,148 INFO HTTP Request: GET https://t.me/s/medicalegypt?before=215 "HTTP/1.1 200 OK"
2026-05-19 09:30:23,183 INFO HTTP Request: GET https://t.me/s/medicalegypt?before=194 "HTTP/1.1 200 OK"
2026-05-19 09:30:24,241 INFO HTTP Request: GET https://t.me/s/medicalegypt?before=174 "HTTP/1.1 200 OK"
2026-05-19 09:30:25,244 INFO HTTP Request: GET https://t.me/s/medicalegypt?before=152 "HTTP/1.1 200 OK"
2026-05-19 09:30:26,182 INFO HTTP Request: GET https://t.me/s/medicalegypt?before=130 "HTTP/1.1 200 OK"
2026-05-19 09:30:27,379 INFO HTTP Request: GET https://t.me/s/medicalegypt?before=108 "HTTP/1.1 200 OK"
2026-05-19 09:30:28,262 INFO HTTP Request: GET https://t.me/s/medicalegypt?before=88 "HTTP/1.1 200 OK"
2026-05-19 09:30:29,260 INFO HTTP Request: GET https://t.me/s/medicalegypt?before=68 "HTTP/1.1 200 OK"
2026-05-19 09:30:30,234 INFO HTTP Request: GET https://t.me/s/medicalegypt?before=47 "HTTP/1.1 200 OK"
2026-05-19 09:30:31,178 INFO HTTP Request: GET https://t.me/s/medicalegypt?before=26 "HTTP/1.1 200 OK"
2026-05-19 09:30:32,003 INFO HTTP Request: GET https://t.me/s/medicalegypt?before=5 "HTTP/1.1 200 OK"
2026-05-19 09:30:32,740 INFO HTTP Request: GET https://t.me/s/medicalegypt?before=1 "HTTP/1.1 200 OK"
2026-05-19 09:30:37,756 INFO OK @medicalegypt ebooks=59 posts=344 source=tme_full_preview
2026-05-19 09:30:37,756 INFO Trying t.me/s/kaplan_atm ...
2026-05-19 09:30:38,567 INFO HTTP Request: GET https://t.me/s/kaplan_atm "HTTP/1.1 302 Found"
2026-05-19 09:30:38,862 INFO HTTP Request: GET https://t.me/kaplan_atm "HTTP/1.1 200 OK"
2026-05-19 09:30:38,865 INFO TGStat sample for kaplan_atm (no public preview)
2026-05-19 09:30:40,317 INFO HTTP Request: GET https://tgstat.com/channel/@kaplan_atm "HTTP/1.1 302 Found"
2026-05-19 09:30:41,812 INFO HTTP Request: GET https://tgstat.com/channel/@Kaplan_ATM "HTTP/1.1 200 OK"
2026-05-19 09:30:43,179 INFO HTTP Request: GET https://tgstat.com/channel/@kaplan_atm "HTTP/1.1 302 Found"
2026-05-19 09:30:44,664 INFO HTTP Request: GET https://tgstat.com/channel/@Kaplan_ATM "HTTP/1.1 200 OK"
2026-05-19 09:30:45,811 INFO HTTP Request: GET https://tgstat.com/channel/@Kaplan_Atm "HTTP/1.1 302 Found"
2026-05-19 09:30:47,185 INFO HTTP Request: GET https://tgstat.com/channel/@Kaplan_ATM "HTTP/1.1 200 OK"
2026-05-19 09:30:48,022 INFO Trying t.me/s/radiologist_library ...
2026-05-19 09:30:48,897 INFO HTTP Request: GET https://t.me/s/radiologist_library "HTTP/1.1 302 Found"
2026-05-19 09:30:49,174 INFO HTTP Request: GET https://t.me/radiologist_library "HTTP/1.1 200 OK"
2026-05-19 09:30:49,175 INFO TGStat sample for radiologist_library (no public preview)
2026-05-19 09:30:49,847 INFO HTTP Request: GET https://tgstat.com/channel/@radiologist_library "HTTP/1.1 302 Found"
2026-05-19 09:30:52,435 INFO HTTP Request: GET https://cn.tgstat.com/channel/@Radiologist_Library "HTTP/1.1 200 OK"
2026-05-19 09:30:52,933 INFO OK @radiologist_library ebooks=5 posts=6 source=tgstat_sample
2026-05-19 09:30:52,933 INFO Trying t.me/s/medstudyvideos ...
2026-05-19 09:30:53,798 INFO HTTP Request: GET https://t.me/s/medstudyvideos "HTTP/1.1 302 Found"
2026-05-19 09:30:54,097 INFO HTTP Request: GET https://t.me/medstudyvideos "HTTP/1.1 200 OK"
2026-05-19 09:30:54,097 INFO TGStat sample for medstudyvideos (no public preview)
2026-05-19 09:30:54,823 INFO HTTP Request: GET https://tgstat.com/channel/@medstudyvideos "HTTP/1.1 302 Found"
2026-05-19 09:30:55,870 INFO HTTP Request: GET https://tgstat.com/channel/@Medstudyvideos "HTTP/1.1 200 OK"
2026-05-19 09:30:56,999 INFO HTTP Request: GET https://tgstat.com/channel/@medstudyvideos "HTTP/1.1 302 Found"
2026-05-19 09:30:57,980 INFO HTTP Request: GET https://tgstat.com/channel/@Medstudyvideos "HTTP/1.1 200 OK"
2026-05-19 09:30:59,514 INFO HTTP Request: GET https://tgstat.com/channel/@Medstudyvideos "HTTP/1.1 200 OK"
2026-05-19 09:31:00,334 INFO Trying t.me/s/medicallibrarymax ...
2026-05-19 09:31:01,276 INFO HTTP Request: GET https://t.me/s/medicallibrarymax "HTTP/1.1 200 OK"
2026-05-19 09:31:02,113 INFO HTTP Request: GET https://t.me/s/medicallibrarymax?before=220 "HTTP/1.1 200 OK"
2026-05-19 09:31:02,955 INFO HTTP Request: GET https://t.me/s/medicallibrarymax?before=200 "HTTP/1.1 200 OK"
2026-05-19 09:31:03,788 INFO HTTP Request: GET https://t.me/s/medicallibrarymax?before=180 "HTTP/1.1 200 OK"
2026-05-19 09:31:04,628 INFO HTTP Request: GET https://t.me/s/medicallibrarymax?before=160 "HTTP/1.1 200 OK"
2026-05-19 09:31:05,474 INFO HTTP Request: GET https://t.me/s/medicallibrarymax?before=140 "HTTP/1.1 200 OK"
2026-05-19 09:31:06,310 INFO HTTP Request: GET https://t.me/s/medicallibrarymax?before=120 "HTTP/1.1 200 OK"
2026-05-19 09:31:07,115 INFO HTTP Request: GET https://t.me/s/medicallibrarymax?before=91 "HTTP/1.1 200 OK"
2026-05-19 09:31:07,940 INFO HTTP Request: GET https://t.me/s/medicallibrarymax?before=63 "HTTP/1.1 200 OK"
2026-05-19 09:31:08,742 INFO HTTP Request: GET https://t.me/s/medicallibrarymax?before=38 "HTTP/1.1 200 OK"
2026-05-19 09:31:09,477 INFO HTTP Request: GET https://t.me/s/medicallibrarymax?before=1 "HTTP/1.1 200 OK"
2026-05-19 09:31:10,448 INFO OK @medicallibrarymax ebooks=8 posts=185 source=tme_full_preview
2026-05-19 09:31:10,448 INFO Trying t.me/s/medical_ebook_pdfs ...
2026-05-19 09:31:11,246 INFO HTTP Request: GET https://t.me/s/medical_ebook_pdfs "HTTP/1.1 302 Found"
2026-05-19 09:31:11,524 INFO HTTP Request: GET https://t.me/medical_ebook_pdfs "HTTP/1.1 200 OK"
2026-05-19 09:31:11,527 INFO TGStat sample for medical_ebook_pdfs (no public preview)
2026-05-19 09:31:12,226 INFO HTTP Request: GET https://tgstat.com/channel/@medical_ebook_pdfs "HTTP/1.1 404 Not Found"
2026-05-19 09:31:12,925 INFO HTTP Request: GET https://tgstat.com/channel/@medical_ebook_pdfs "HTTP/1.1 404 Not Found"
2026-05-19 09:31:14,035 INFO HTTP Request: GET https://tgstat.com/channel/@Medical_Ebook_Pdfs "HTTP/1.1 404 Not Found"
2026-05-19 09:31:14,389 INFO Trying t.me/s/radiologygoldenbooks ...
2026-05-19 09:31:15,204 INFO HTTP Request: GET https://t.me/s/radiologygoldenbooks "HTTP/1.1 302 Found"
2026-05-19 09:31:15,479 INFO HTTP Request: GET https://t.me/radiologygoldenbooks "HTTP/1.1 200 OK"
2026-05-19 09:31:15,480 INFO TGStat sample for radiologygoldenbooks (no public preview)
2026-05-19 09:31:17,036 INFO HTTP Request: GET https://tgstat.com/channel/@radiologygoldenbooks "HTTP/1.1 200 OK"
2026-05-19 09:31:17,839 INFO Trying t.me/s/amcmcq ...
2026-05-19 09:31:18,862 INFO HTTP Request: GET https://t.me/s/amcmcq "HTTP/1.1 200 OK"
2026-05-19 09:31:19,815 INFO HTTP Request: GET https://t.me/s/amcmcq?before=1223 "HTTP/1.1 200 OK"
2026-05-19 09:31:20,716 INFO HTTP Request: GET https://t.me/s/amcmcq?before=1202 "HTTP/1.1 200 OK"
2026-05-19 09:31:21,787 INFO HTTP Request: GET https://t.me/s/amcmcq?before=1182 "HTTP/1.1 200 OK"
2026-05-19 09:31:22,709 INFO HTTP Request: GET https://t.me/s/amcmcq?before=1161 "HTTP/1.1 200 OK"
2026-05-19 09:31:23,596 INFO HTTP Request: GET https://t.me/s/amcmcq?before=1141 "HTTP/1.1 200 OK"
2026-05-19 09:31:24,551 INFO HTTP Request: GET https://t.me/s/amcmcq?before=1119 "HTTP/1.1 200 OK"
2026-05-19 09:31:25,525 INFO HTTP Request: GET https://t.me/s/amcmcq?before=1099 "HTTP/1.1 200 OK"
2026-05-19 09:31:26,404 INFO HTTP Request: GET https://t.me/s/amcmcq?before=1079 "HTTP/1.1 200 OK"
2026-05-19 09:31:27,323 INFO HTTP Request: GET https://t.me/s/amcmcq?before=1059 "HTTP/1.1 200 OK"
2026-05-19 09:31:28,246 INFO HTTP Request: GET https://t.me/s/amcmcq?before=1038 "HTTP/1.1 200 OK"
2026-05-19 09:31:29,142 INFO HTTP Request: GET https://t.me/s/amcmcq?before=1015 "HTTP/1.1 200 OK"
2026-05-19 09:31:30,049 INFO HTTP Request: GET https://t.me/s/amcmcq?before=995 "HTTP/1.1 200 OK"
2026-05-19 09:31:30,985 INFO HTTP Request: GET https://t.me/s/amcmcq?before=974 "HTTP/1.1 200 OK"
2026-05-19 09:31:31,932 INFO HTTP Request: GET https://t.me/s/amcmcq?before=950 "HTTP/1.1 200 OK"
2026-05-19 09:31:32,889 INFO HTTP Request: GET https://t.me/s/amcmcq?before=930 "HTTP/1.1 200 OK"
2026-05-19 09:31:33,855 INFO HTTP Request: GET https://t.me/s/amcmcq?before=905 "HTTP/1.1 200 OK"
2026-05-19 09:31:34,784 INFO HTTP Request: GET https://t.me/s/amcmcq?before=885 "HTTP/1.1 200 OK"
2026-05-19 09:31:35,735 INFO HTTP Request: GET https://t.me/s/amcmcq?before=863 "HTTP/1.1 200 OK"
2026-05-19 09:31:36,555 INFO HTTP Request: GET https://t.me/s/amcmcq?before=843 "HTTP/1.1 200 OK"
2026-05-19 09:31:37,424 INFO HTTP Request: GET https://t.me/s/amcmcq?before=823 "HTTP/1.1 200 OK"
2026-05-19 09:31:38,280 INFO HTTP Request: GET https://t.me/s/amcmcq?before=802 "HTTP/1.1 200 OK"
2026-05-19 09:31:39,129 INFO HTTP Request: GET https://t.me/s/amcmcq?before=782 "HTTP/1.1 200 OK"
2026-05-19 09:31:39,978 INFO HTTP Request: GET https://t.me/s/amcmcq?before=762 "HTTP/1.1 200 OK"
2026-05-19 09:31:40,856 INFO HTTP Request: GET https://t.me/s/amcmcq?before=741 "HTTP/1.1 200 OK"
2026-05-19 09:31:41,723 INFO HTTP Request: GET https://t.me/s/amcmcq?before=721 "HTTP/1.1 200 OK"
2026-05-19 09:31:42,576 INFO HTTP Request: GET https://t.me/s/amcmcq?before=700 "HTTP/1.1 200 OK"
2026-05-19 09:31:43,432 INFO HTTP Request: GET https://t.me/s/amcmcq?before=679 "HTTP/1.1 200 OK"
2026-05-19 09:31:44,279 INFO HTTP Request: GET https://t.me/s/amcmcq?before=658 "HTTP/1.1 200 OK"
2026-05-19 09:31:45,127 INFO HTTP Request: GET https://t.me/s/amcmcq?before=638 "HTTP/1.1 200 OK"
2026-05-19 09:31:45,992 INFO HTTP Request: GET https://t.me/s/amcmcq?before=618 "HTTP/1.1 200 OK"
2026-05-19 09:31:46,944 INFO HTTP Request: GET https://t.me/s/amcmcq?before=598 "HTTP/1.1 200 OK"
2026-05-19 09:31:47,782 INFO HTTP Request: GET https://t.me/s/amcmcq?before=577 "HTTP/1.1 200 OK"
2026-05-19 09:31:48,597 INFO HTTP Request: GET https://t.me/s/amcmcq?before=557 "HTTP/1.1 200 OK"
2026-05-19 09:31:49,441 INFO HTTP Request: GET https://t.me/s/amcmcq?before=537 "HTTP/1.1 200 OK"
2026-05-19 09:31:50,272 INFO HTTP Request: GET https://t.me/s/amcmcq?before=515 "HTTP/1.1 200 OK"
2026-05-19 09:31:51,125 INFO HTTP Request: GET https://t.me/s/amcmcq?before=495 "HTTP/1.1 200 OK"
2026-05-19 09:31:51,954 INFO HTTP Request: GET https://t.me/s/amcmcq?before=475 "HTTP/1.1 200 OK"
2026-05-19 09:31:52,803 INFO HTTP Request: GET https://t.me/s/amcmcq?before=455 "HTTP/1.1 200 OK"
2026-05-19 09:31:53,673 INFO HTTP Request: GET https://t.me/s/amcmcq?before=434 "HTTP/1.1 200 OK"
2026-05-19 09:31:54,565 INFO HTTP Request: GET https://t.me/s/amcmcq?before=413 "HTTP/1.1 200 OK"
2026-05-19 09:31:55,465 INFO HTTP Request: GET https://t.me/s/amcmcq?before=393 "HTTP/1.1 200 OK"
2026-05-19 09:31:56,335 INFO HTTP Request: GET https://t.me/s/amcmcq?before=372 "HTTP/1.1 200 OK"
2026-05-19 09:31:57,196 INFO HTTP Request: GET https://t.me/s/amcmcq?before=350 "HTTP/1.1 200 OK"
2026-05-19 09:31:58,071 INFO HTTP Request: GET https://t.me/s/amcmcq?before=330 "HTTP/1.1 200 OK"
2026-05-19 09:31:59,011 INFO HTTP Request: GET https://t.me/s/amcmcq?before=310 "HTTP/1.1 200 OK"
2026-05-19 09:31:59,981 INFO HTTP Request: GET https://t.me/s/amcmcq?before=289 "HTTP/1.1 200 OK"
2026-05-19 09:32:00,874 INFO HTTP Request: GET https://t.me/s/amcmcq?before=266 "HTTP/1.1 200 OK"
2026-05-19 09:32:01,741 INFO HTTP Request: GET https://t.me/s/amcmcq?before=246 "HTTP/1.1 200 OK"
2026-05-19 09:32:02,596 INFO HTTP Request: GET https://t.me/s/amcmcq?before=225 "HTTP/1.1 200 OK"
2026-05-19 09:32:03,456 INFO HTTP Request: GET https://t.me/s/amcmcq?before=205 "HTTP/1.1 200 OK"
2026-05-19 09:32:04,288 INFO HTTP Request: GET https://t.me/s/amcmcq?before=185 "HTTP/1.1 200 OK"
2026-05-19 09:32:05,138 INFO HTTP Request: GET https://t.me/s/amcmcq?before=165 "HTTP/1.1 200 OK"
2026-05-19 09:32:05,989 INFO HTTP Request: GET https://t.me/s/amcmcq?before=145 "HTTP/1.1 200 OK"
2026-05-19 09:32:06,882 INFO HTTP Request: GET https://t.me/s/amcmcq?before=125 "HTTP/1.1 200 OK"
2026-05-19 09:32:07,846 INFO HTTP Request: GET https://t.me/s/amcmcq?before=105 "HTTP/1.1 200 OK"
2026-05-19 09:32:08,678 INFO HTTP Request: GET https://t.me/s/amcmcq?before=85 "HTTP/1.1 200 OK"
2026-05-19 09:32:09,461 INFO HTTP Request: GET https://t.me/s/amcmcq?before=65 "HTTP/1.1 200 OK"
2026-05-19 09:32:10,237 INFO HTTP Request: GET https://t.me/s/amcmcq?before=44 "HTTP/1.1 200 OK"
2026-05-19 09:32:11,032 INFO HTTP Request: GET https://t.me/s/amcmcq?before=3 "HTTP/1.1 200 OK"
2026-05-19 09:32:11,715 INFO HTTP Request: GET https://t.me/s/amcmcq?before=1 "HTTP/1.1 200 OK"
2026-05-19 09:32:16,642 INFO OK @amcmcq ebooks=7 posts=1177 source=tme_full_preview
2026-05-19 09:32:16,642 INFO Trying t.me/s/dtunewsmedicine ...
2026-05-19 09:32:17,461 INFO HTTP Request: GET https://t.me/s/dtunewsmedicine "HTTP/1.1 302 Found"
2026-05-19 09:32:17,744 INFO HTTP Request: GET https://t.me/dtunewsmedicine "HTTP/1.1 200 OK"
2026-05-19 09:32:17,746 INFO TGStat sample for dtunewsmedicine (no public preview)
2026-05-19 09:32:19,935 INFO HTTP Request: GET https://tgstat.com/channel/@dtunewsmedicine "HTTP/1.1 200 OK"
2026-05-19 09:32:20,589 INFO OK @dtunewsmedicine ebooks=20 posts=25 source=tgstat_sample
2026-05-19 09:32:20,589 INFO Trying t.me/s/mccqe ...
2026-05-19 09:32:21,405 INFO HTTP Request: GET https://t.me/s/mccqe "HTTP/1.1 302 Found"
2026-05-19 09:32:21,685 INFO HTTP Request: GET https://t.me/mccqe "HTTP/1.1 200 OK"
2026-05-19 09:32:21,687 INFO TGStat sample for mccqe (no public preview)
2026-05-19 09:32:22,379 INFO HTTP Request: GET https://tgstat.com/channel/@mccqe "HTTP/1.1 404 Not Found"
2026-05-19 09:32:23,444 INFO HTTP Request: GET https://tgstat.com/channel/@mccqe "HTTP/1.1 404 Not Found"
2026-05-19 09:32:24,139 INFO HTTP Request: GET https://tgstat.com/channel/@Mccqe "HTTP/1.1 404 Not Found"
2026-05-19 09:32:24,491 INFO Trying t.me/s/amcmcqrecalls ...
2026-05-19 09:32:25,282 INFO HTTP Request: GET https://t.me/s/amcmcqrecalls "HTTP/1.1 302 Found"
2026-05-19 09:32:25,558 INFO HTTP Request: GET https://t.me/amcmcqrecalls "HTTP/1.1 200 OK"
2026-05-19 09:32:25,559 INFO TGStat sample for amcmcqrecalls (no public preview)
2026-05-19 09:32:26,242 INFO HTTP Request: GET https://tgstat.com/channel/@amcmcqrecalls "HTTP/1.1 404 Not Found"
2026-05-19 09:32:26,940 INFO HTTP Request: GET https://tgstat.com/channel/@amcmcqrecalls "HTTP/1.1 404 Not Found"
2026-05-19 09:32:27,609 INFO HTTP Request: GET https://tgstat.com/channel/@Amcmcqrecalls "HTTP/1.1 404 Not Found"
2026-05-19 09:32:27,980 INFO Trying t.me/s/amcclinical ...
2026-05-19 09:32:28,947 INFO HTTP Request: GET https://t.me/s/amcclinical "HTTP/1.1 200 OK"
2026-05-19 09:32:29,790 INFO HTTP Request: GET https://t.me/s/amcclinical?before=16 "HTTP/1.1 200 OK"
2026-05-19 09:32:30,497 INFO HTTP Request: GET https://t.me/s/amcclinical?before=1 "HTTP/1.1 200 OK"
2026-05-19 09:32:30,507 INFO Trying t.me/s/mccqe_1 ...
2026-05-19 09:32:31,310 INFO HTTP Request: GET https://t.me/s/mccqe_1 "HTTP/1.1 302 Found"
2026-05-19 09:32:31,590 INFO HTTP Request: GET https://t.me/mccqe_1 "HTTP/1.1 200 OK"
2026-05-19 09:32:31,591 INFO TGStat sample for mccqe_1 (no public preview)
2026-05-19 09:32:32,459 INFO HTTP Request: GET https://tgstat.com/channel/@mccqe_1 "HTTP/1.1 302 Found"
2026-05-19 09:32:33,836 INFO HTTP Request: GET https://tgstat.com/channel/@MCCQE_1 "HTTP/1.1 200 OK"
2026-05-19 09:32:34,642 INFO OK @mccqe_1 ebooks=4 posts=4 source=tgstat_sample
2026-05-19 09:32:34,642 INFO Trying t.me/s/usmlebooks ...
2026-05-19 09:32:35,651 INFO HTTP Request: GET https://t.me/s/usmlebooks "HTTP/1.1 200 OK"
2026-05-19 09:32:36,634 INFO HTTP Request: GET https://t.me/s/usmlebooks?before=1111 "HTTP/1.1 200 OK"
2026-05-19 09:32:37,745 INFO HTTP Request: GET https://t.me/s/usmlebooks?before=1091 "HTTP/1.1 200 OK"
2026-05-19 09:32:38,762 INFO HTTP Request: GET https://t.me/s/usmlebooks?before=1049 "HTTP/1.1 200 OK"
2026-05-19 09:32:39,505 INFO HTTP Request: GET https://t.me/s/usmlebooks?before=937 "HTTP/1.1 200 OK"
2026-05-19 09:32:40,248 INFO HTTP Request: GET https://t.me/s/usmlebooks?before=917 "HTTP/1.1 200 OK"
2026-05-19 09:32:40,992 INFO HTTP Request: GET https://t.me/s/usmlebooks?before=897 "HTTP/1.1 200 OK"
2026-05-19 09:32:41,764 INFO HTTP Request: GET https://t.me/s/usmlebooks?before=877 "HTTP/1.1 200 OK"
2026-05-19 09:32:42,523 INFO HTTP Request: GET https://t.me/s/usmlebooks?before=857 "HTTP/1.1 200 OK"
2026-05-19 09:32:43,260 INFO HTTP Request: GET https://t.me/s/usmlebooks?before=837 "HTTP/1.1 200 OK"
2026-05-19 09:32:44,011 INFO HTTP Request: GET https://t.me/s/usmlebooks?before=817 "HTTP/1.1 200 OK"
2026-05-19 09:32:44,776 INFO HTTP Request: GET https://t.me/s/usmlebooks?before=797 "HTTP/1.1 200 OK"
2026-05-19 09:32:45,520 INFO HTTP Request: GET https://t.me/s/usmlebooks?before=777 "HTTP/1.1 200 OK"
2026-05-19 09:32:46,257 INFO HTTP Request: GET https://t.me/s/usmlebooks?before=757 "HTTP/1.1 200 OK"
2026-05-19 09:32:46,990 INFO HTTP Request: GET https://t.me/s/usmlebooks?before=737 "HTTP/1.1 200 OK"
2026-05-19 09:32:47,740 INFO HTTP Request: GET https://t.me/s/usmlebooks?before=717 "HTTP/1.1 200 OK"
2026-05-19 09:32:48,494 INFO HTTP Request: GET https://t.me/s/usmlebooks?before=697 "HTTP/1.1 200 OK"
2026-05-19 09:32:49,248 INFO HTTP Request: GET https://t.me/s/usmlebooks?before=677 "HTTP/1.1 200 OK"
2026-05-19 09:32:49,978 INFO HTTP Request: GET https://t.me/s/usmlebooks?before=657 "HTTP/1.1 200 OK"
2026-05-19 09:32:50,729 INFO HTTP Request: GET https://t.me/s/usmlebooks?before=637 "HTTP/1.1 200 OK"
2026-05-19 09:32:51,473 INFO HTTP Request: GET https://t.me/s/usmlebooks?before=617 "HTTP/1.1 200 OK"
2026-05-19 09:32:52,209 INFO HTTP Request: GET https://t.me/s/usmlebooks?before=597 "HTTP/1.1 200 OK"
2026-05-19 09:32:53,059 INFO HTTP Request: GET https://t.me/s/usmlebooks?before=577 "HTTP/1.1 200 OK"
2026-05-19 09:32:53,794 INFO HTTP Request: GET https://t.me/s/usmlebooks?before=557 "HTTP/1.1 200 OK"
2026-05-19 09:32:54,531 INFO HTTP Request: GET https://t.me/s/usmlebooks?before=537 "HTTP/1.1 200 OK"
2026-05-19 09:32:55,285 INFO HTTP Request: GET https://t.me/s/usmlebooks?before=517 "HTTP/1.1 200 OK"
2026-05-19 09:32:56,054 INFO HTTP Request: GET https://t.me/s/usmlebooks?before=497 "HTTP/1.1 200 OK"
2026-05-19 09:32:56,796 INFO HTTP Request: GET https://t.me/s/usmlebooks?before=477 "HTTP/1.1 200 OK"
2026-05-19 09:32:57,550 INFO HTTP Request: GET https://t.me/s/usmlebooks?before=457 "HTTP/1.1 200 OK"
2026-05-19 09:32:58,292 INFO HTTP Request: GET https://t.me/s/usmlebooks?before=437 "HTTP/1.1 200 OK"
2026-05-19 09:32:59,045 INFO HTTP Request: GET https://t.me/s/usmlebooks?before=417 "HTTP/1.1 200 OK"
2026-05-19 09:32:59,830 INFO HTTP Request: GET https://t.me/s/usmlebooks?before=397 "HTTP/1.1 200 OK"
2026-05-19 09:33:00,611 INFO HTTP Request: GET https://t.me/s/usmlebooks?before=368 "HTTP/1.1 200 OK"
2026-05-19 09:33:01,444 INFO HTTP Request: GET https://t.me/s/usmlebooks?before=336 "HTTP/1.1 200 OK"
2026-05-19 09:33:02,274 INFO HTTP Request: GET https://t.me/s/usmlebooks?before=304 "HTTP/1.1 200 OK"
2026-05-19 09:33:03,110 INFO HTTP Request: GET https://t.me/s/usmlebooks?before=284 "HTTP/1.1 200 OK"
2026-05-19 09:33:03,940 INFO HTTP Request: GET https://t.me/s/usmlebooks?before=264 "HTTP/1.1 200 OK"
2026-05-19 09:33:04,760 INFO HTTP Request: GET https://t.me/s/usmlebooks?before=244 "HTTP/1.1 200 OK"
2026-05-19 09:33:05,597 INFO HTTP Request: GET https://t.me/s/usmlebooks?before=224 "HTTP/1.1 200 OK"
2026-05-19 09:33:06,423 INFO HTTP Request: GET https://t.me/s/usmlebooks?before=204 "HTTP/1.1 200 OK"
2026-05-19 09:33:07,453 INFO HTTP Request: GET https://t.me/s/usmlebooks?before=184 "HTTP/1.1 200 OK"
2026-05-19 09:33:08,281 INFO HTTP Request: GET https://t.me/s/usmlebooks?before=164 "HTTP/1.1 200 OK"
2026-05-19 09:33:09,104 INFO HTTP Request: GET https://t.me/s/usmlebooks?before=144 "HTTP/1.1 200 OK"
2026-05-19 09:33:09,984 INFO HTTP Request: GET https://t.me/s/usmlebooks?before=124 "HTTP/1.1 200 OK"
2026-05-19 09:33:10,820 INFO HTTP Request: GET https://t.me/s/usmlebooks?before=104 "HTTP/1.1 200 OK"
2026-05-19 09:33:11,656 INFO HTTP Request: GET https://t.me/s/usmlebooks?before=84 "HTTP/1.1 200 OK"
2026-05-19 09:33:12,482 INFO HTTP Request: GET https://t.me/s/usmlebooks?before=64 "HTTP/1.1 200 OK"
2026-05-19 09:33:13,308 INFO HTTP Request: GET https://t.me/s/usmlebooks?before=44 "HTTP/1.1 200 OK"
2026-05-19 09:33:14,187 INFO HTTP Request: GET https://t.me/s/usmlebooks?before=24 "HTTP/1.1 200 OK"
2026-05-19 09:33:14,926 INFO HTTP Request: GET https://t.me/s/usmlebooks?before=4 "HTTP/1.1 200 OK"
2026-05-19 09:33:15,609 INFO HTTP Request: GET https://t.me/s/usmlebooks?before=1 "HTTP/1.1 200 OK"
2026-05-19 09:33:16,265 INFO OK @usmlebooks ebooks=11 posts=981 source=tme_full_preview
2026-05-19 09:33:16,265 INFO Trying t.me/s/medical_books_storess ...
2026-05-19 09:33:17,105 INFO HTTP Request: GET https://t.me/s/medical_books_storess "HTTP/1.1 200 OK"
2026-05-19 09:33:17,800 INFO HTTP Request: GET https://t.me/s/medical_books_storess?before=1 "HTTP/1.1 200 OK"
2026-05-19 09:33:17,810 INFO Trying t.me/s/medbookspdf ...
2026-05-19 09:33:18,617 INFO HTTP Request: GET https://t.me/s/medbookspdf "HTTP/1.1 302 Found"
2026-05-19 09:33:18,900 INFO HTTP Request: GET https://t.me/medbookspdf "HTTP/1.1 200 OK"
2026-05-19 09:33:18,900 INFO TGStat sample for medbookspdf (no public preview)
2026-05-19 09:33:19,559 INFO HTTP Request: GET https://tgstat.com/channel/@medbookspdf "HTTP/1.1 404 Not Found"
2026-05-19 09:33:20,222 INFO HTTP Request: GET https://tgstat.com/channel/@medbookspdf "HTTP/1.1 404 Not Found"
2026-05-19 09:33:20,903 INFO HTTP Request: GET https://tgstat.com/channel/@Medbookspdf "HTTP/1.1 404 Not Found"
2026-05-19 09:33:21,257 INFO Trying t.me/s/amcclinicalexamprep ...
2026-05-19 09:33:22,057 INFO HTTP Request: GET https://t.me/s/amcclinicalexamprep "HTTP/1.1 302 Found"
2026-05-19 09:33:22,337 INFO HTTP Request: GET https://t.me/amcclinicalexamprep "HTTP/1.1 200 OK"
2026-05-19 09:33:22,337 INFO TGStat sample for amcclinicalexamprep (no public preview)
2026-05-19 09:33:23,014 INFO HTTP Request: GET https://tgstat.com/channel/@amcclinicalexamprep "HTTP/1.1 404 Not Found"
2026-05-19 09:33:23,690 INFO HTTP Request: GET https://tgstat.com/channel/@amcclinicalexamprep "HTTP/1.1 404 Not Found"
2026-05-19 09:33:24,365 INFO HTTP Request: GET https://tgstat.com/channel/@Amcclinicalexamprep "HTTP/1.1 404 Not Found"
2026-05-19 09:33:24,719 INFO Trying t.me/s/nbme_q ...
2026-05-19 09:33:25,555 INFO HTTP Request: GET https://t.me/s/nbme_q "HTTP/1.1 302 Found"
2026-05-19 09:33:25,838 INFO HTTP Request: GET https://t.me/nbme_q "HTTP/1.1 200 OK"
2026-05-19 09:33:25,839 INFO TGStat sample for nbme_q (no public preview)
2026-05-19 09:33:26,472 INFO HTTP Request: GET https://tgstat.com/channel/@nbme_q "HTTP/1.1 302 Found"
2026-05-19 09:33:28,029 INFO HTTP Request: GET https://tgstat.com/channel/@NBME_Q "HTTP/1.1 200 OK"
2026-05-19 09:33:28,727 INFO OK @nbme_q ebooks=14 posts=17 source=tgstat_sample
2026-05-19 09:33:29,327 INFO Wrote medical_telegram_channels_comprehensive.xlsx (14 channels)
2026-05-19 09:44:22,644 INFO Scraping 31 qualified channels (max_pages=120)
2026-05-19 09:44:22,647 INFO [1/31] skip @million_medical_books (cached)
2026-05-19 09:44:22,647 INFO [2/31] skip @medicalprep (cached)
2026-05-19 09:44:22,648 INFO Trying t.me/s/medicalbooksstoress ...
2026-05-19 09:44:23,643 INFO HTTP Request: GET https://t.me/s/medicalbooksstoress "HTTP/1.1 302 Found"
2026-05-19 09:44:23,935 INFO HTTP Request: GET https://t.me/medicalbooksstoress "HTTP/1.1 200 OK"
2026-05-19 09:44:23,936 INFO TGStat sample for medicalbooksstoress (no public preview)
2026-05-19 09:44:25,594 INFO HTTP Request: GET https://tgstat.com/channel/@medicalbooksstoress "HTTP/1.1 404 Not Found"
2026-05-19 09:44:26,278 INFO HTTP Request: GET https://tgstat.com/channel/@medicalbooksstoress "HTTP/1.1 404 Not Found"
2026-05-19 09:44:27,051 INFO HTTP Request: GET https://tgstat.com/channel/@Medicalbooksstoress "HTTP/1.1 404 Not Found"
2026-05-19 09:44:27,748 INFO [3/31] @medicalbooksstoress posts=0 source=no_public_data
2026-05-19 09:44:28,255 INFO [4/31] skip @medicalbooksstorea (cached)
2026-05-19 09:44:28,256 INFO Refreshing cache for @freesurgerybooks28 (posts=10 ebooks=10)
2026-05-19 09:44:28,256 INFO Trying t.me/s/freesurgerybooks28 ...
2026-05-19 09:44:29,070 INFO HTTP Request: GET https://t.me/s/freesurgerybooks28 "HTTP/1.1 302 Found"
2026-05-19 09:44:29,362 INFO HTTP Request: GET https://t.me/freesurgerybooks28 "HTTP/1.1 200 OK"
2026-05-19 09:44:29,364 INFO TGStat sample for freesurgerybooks28 (no public preview)
2026-05-19 09:44:31,016 INFO HTTP Request: GET https://tgstat.com/channel/@freesurgerybooks28 "HTTP/1.1 200 OK"
2026-05-19 09:44:31,471 INFO [5/31] @freesurgerybooks28 posts=10 source=tgstat_sample
2026-05-19 09:44:31,973 INFO Trying t.me/s/pdf4yo ...
2026-05-19 09:44:32,793 INFO HTTP Request: GET https://t.me/s/pdf4yo "HTTP/1.1 302 Found"
2026-05-19 09:44:33,070 INFO HTTP Request: GET https://t.me/pdf4yo "HTTP/1.1 200 OK"
2026-05-19 09:44:33,071 INFO TGStat sample for pdf4yo (no public preview)
2026-05-19 09:44:33,851 INFO HTTP Request: GET https://tgstat.com/channel/@pdf4yo "HTTP/1.1 200 OK"
2026-05-19 09:44:35,087 INFO HTTP Request: GET https://tgstat.com/channel/@pdf4yo "HTTP/1.1 200 OK"
2026-05-19 09:44:36,140 INFO HTTP Request: GET https://tgstat.com/channel/@Pdf4Yo "HTTP/1.1 302 Found"
2026-05-19 09:44:36,889 INFO HTTP Request: GET https://tgstat.com/channel/@pdf4yo "HTTP/1.1 200 OK"
2026-05-19 09:44:37,668 INFO [6/31] @pdf4yo posts=0 source=no_public_data
2026-05-19 09:44:38,175 INFO Trying t.me/s/nachrichtenportal ...
2026-05-19 09:44:39,276 INFO HTTP Request: GET https://t.me/s/nachrichtenportal "HTTP/1.1 200 OK"
2026-05-19 09:44:40,319 INFO HTTP Request: GET https://t.me/s/nachrichtenportal?before=18340 "HTTP/1.1 200 OK"
2026-05-19 09:44:41,243 INFO HTTP Request: GET https://t.me/s/nachrichtenportal?before=18320 "HTTP/1.1 200 OK"
2026-05-19 09:44:42,282 INFO HTTP Request: GET https://t.me/s/nachrichtenportal?before=18300 "HTTP/1.1 200 OK"
2026-05-19 09:44:43,258 INFO HTTP Request: GET https://t.me/s/nachrichtenportal?before=18280 "HTTP/1.1 200 OK"
2026-05-19 09:44:44,184 INFO HTTP Request: GET https://t.me/s/nachrichtenportal?before=18260 "HTTP/1.1 200 OK"
2026-05-19 09:44:45,182 INFO HTTP Request: GET https://t.me/s/nachrichtenportal?before=18240 "HTTP/1.1 200 OK"
2026-05-19 09:44:46,304 INFO HTTP Request: GET https://t.me/s/nachrichtenportal?before=18220 "HTTP/1.1 200 OK"
2026-05-19 09:44:47,294 INFO HTTP Request: GET https://t.me/s/nachrichtenportal?before=18200 "HTTP/1.1 200 OK"
2026-05-19 09:44:48,339 INFO HTTP Request: GET https://t.me/s/nachrichtenportal?before=18180 "HTTP/1.1 200 OK"
2026-05-19 09:44:49,309 INFO HTTP Request: GET https://t.me/s/nachrichtenportal?before=18160 "HTTP/1.1 200 OK"
2026-05-19 09:44:50,329 INFO HTTP Request: GET https://t.me/s/nachrichtenportal?before=18140 "HTTP/1.1 200 OK"
2026-05-19 09:44:51,327 INFO HTTP Request: GET https://t.me/s/nachrichtenportal?before=18120 "HTTP/1.1 200 OK"
2026-05-19 09:44:52,332 INFO HTTP Request: GET https://t.me/s/nachrichtenportal?before=18100 "HTTP/1.1 200 OK"
2026-05-19 09:44:53,311 INFO HTTP Request: GET https://t.me/s/nachrichtenportal?before=18080 "HTTP/1.1 200 OK"
2026-05-19 09:44:54,334 INFO HTTP Request: GET https://t.me/s/nachrichtenportal?before=18060 "HTTP/1.1 200 OK"
2026-05-19 09:44:55,455 INFO HTTP Request: GET https://t.me/s/nachrichtenportal?before=18040 "HTTP/1.1 200 OK"
2026-05-19 09:44:56,443 INFO HTTP Request: GET https://t.me/s/nachrichtenportal?before=18020 "HTTP/1.1 200 OK"
2026-05-19 09:44:57,541 INFO HTTP Request: GET https://t.me/s/nachrichtenportal?before=18000 "HTTP/1.1 200 OK"
2026-05-19 09:44:58,559 INFO HTTP Request: GET https://t.me/s/nachrichtenportal?before=17980 "HTTP/1.1 200 OK"
2026-05-19 09:44:59,528 INFO HTTP Request: GET https://t.me/s/nachrichtenportal?before=17960 "HTTP/1.1 200 OK"
2026-05-19 09:45:00,545 INFO HTTP Request: GET https://t.me/s/nachrichtenportal?before=17940 "HTTP/1.1 200 OK"
2026-05-19 09:45:01,536 INFO HTTP Request: GET https://t.me/s/nachrichtenportal?before=17920 "HTTP/1.1 200 OK"
2026-05-19 09:45:02,561 INFO HTTP Request: GET https://t.me/s/nachrichtenportal?before=17900 "HTTP/1.1 200 OK"
2026-05-19 09:45:03,623 INFO HTTP Request: GET https://t.me/s/nachrichtenportal?before=17880 "HTTP/1.1 200 OK"
2026-05-19 09:45:04,630 INFO HTTP Request: GET https://t.me/s/nachrichtenportal?before=17860 "HTTP/1.1 200 OK"
2026-05-19 09:45:05,651 INFO HTTP Request: GET https://t.me/s/nachrichtenportal?before=17840 "HTTP/1.1 200 OK"
2026-05-19 09:45:06,770 INFO HTTP Request: GET https://t.me/s/nachrichtenportal?before=17819 "HTTP/1.1 200 OK"
2026-05-19 09:45:07,900 INFO HTTP Request: GET https://t.me/s/nachrichtenportal?before=17799 "HTTP/1.1 200 OK"
2026-05-19 09:45:08,939 INFO HTTP Request: GET https://t.me/s/nachrichtenportal?before=17779 "HTTP/1.1 200 OK"
2026-05-19 09:45:10,047 INFO HTTP Request: GET https://t.me/s/nachrichtenportal?before=17759 "HTTP/1.1 200 OK"
2026-05-19 09:45:11,065 INFO HTTP Request: GET https://t.me/s/nachrichtenportal?before=17739 "HTTP/1.1 200 OK"
2026-05-19 09:45:12,081 INFO HTTP Request: GET https://t.me/s/nachrichtenportal?before=17719 "HTTP/1.1 200 OK"
2026-05-19 09:45:13,076 INFO HTTP Request: GET https://t.me/s/nachrichtenportal?before=17699 "HTTP/1.1 200 OK"
2026-05-19 09:45:14,150 INFO HTTP Request: GET https://t.me/s/nachrichtenportal?before=17679 "HTTP/1.1 200 OK"
2026-05-19 09:45:15,168 INFO HTTP Request: GET https://t.me/s/nachrichtenportal?before=17659 "HTTP/1.1 200 OK"
2026-05-19 09:45:16,221 INFO HTTP Request: GET https://t.me/s/nachrichtenportal?before=17639 "HTTP/1.1 200 OK"
2026-05-19 09:45:17,204 INFO HTTP Request: GET https://t.me/s/nachrichtenportal?before=17619 "HTTP/1.1 200 OK"
2026-05-19 09:45:18,232 INFO HTTP Request: GET https://t.me/s/nachrichtenportal?before=17599 "HTTP/1.1 200 OK"
2026-05-19 09:45:19,219 INFO HTTP Request: GET https://t.me/s/nachrichtenportal?before=17579 "HTTP/1.1 200 OK"
2026-05-19 09:45:20,354 INFO HTTP Request: GET https://t.me/s/nachrichtenportal?before=17559 "HTTP/1.1 200 OK"
2026-05-19 09:45:21,385 INFO HTTP Request: GET https://t.me/s/nachrichtenportal?before=17539 "HTTP/1.1 200 OK"
2026-05-19 09:45:22,394 INFO HTTP Request: GET https://t.me/s/nachrichtenportal?before=17519 "HTTP/1.1 200 OK"
2026-05-19 09:45:23,599 INFO HTTP Request: GET https://t.me/s/nachrichtenportal?before=17499 "HTTP/1.1 200 OK"
2026-05-19 09:45:24,610 INFO HTTP Request: GET https://t.me/s/nachrichtenportal?before=17479 "HTTP/1.1 200 OK"
2026-05-19 09:45:25,636 INFO HTTP Request: GET https://t.me/s/nachrichtenportal?before=17459 "HTTP/1.1 200 OK"
2026-05-19 09:45:26,617 INFO HTTP Request: GET https://t.me/s/nachrichtenportal?before=17439 "HTTP/1.1 200 OK"
2026-05-19 09:45:27,651 INFO HTTP Request: GET https://t.me/s/nachrichtenportal?before=17419 "HTTP/1.1 200 OK"
2026-05-19 09:45:28,668 INFO HTTP Request: GET https://t.me/s/nachrichtenportal?before=17399 "HTTP/1.1 200 OK"
2026-05-19 09:45:29,747 INFO HTTP Request: GET https://t.me/s/nachrichtenportal?before=17379 "HTTP/1.1 200 OK"
2026-05-19 09:45:30,814 INFO HTTP Request: GET https://t.me/s/nachrichtenportal?before=17359 "HTTP/1.1 200 OK"
2026-05-19 09:45:31,980 INFO HTTP Request: GET https://t.me/s/nachrichtenportal?before=17339 "HTTP/1.1 200 OK"
2026-05-19 09:45:33,117 INFO HTTP Request: GET https://t.me/s/nachrichtenportal?before=17319 "HTTP/1.1 200 OK"
2026-05-19 09:45:34,130 INFO HTTP Request: GET https://t.me/s/nachrichtenportal?before=17299 "HTTP/1.1 200 OK"
2026-05-19 09:45:35,181 INFO HTTP Request: GET https://t.me/s/nachrichtenportal?before=17279 "HTTP/1.1 200 OK"
2026-05-19 09:45:36,376 INFO HTTP Request: GET https://t.me/s/nachrichtenportal?before=17259 "HTTP/1.1 200 OK"
2026-05-19 09:45:37,431 INFO HTTP Request: GET https://t.me/s/nachrichtenportal?before=17239 "HTTP/1.1 200 OK"
2026-05-19 09:45:38,448 INFO HTTP Request: GET https://t.me/s/nachrichtenportal?before=17219 "HTTP/1.1 200 OK"
2026-05-19 09:45:39,477 INFO HTTP Request: GET https://t.me/s/nachrichtenportal?before=17199 "HTTP/1.1 200 OK"
2026-05-19 09:45:40,512 INFO HTTP Request: GET https://t.me/s/nachrichtenportal?before=17179 "HTTP/1.1 200 OK"
2026-05-19 09:45:41,520 INFO HTTP Request: GET https://t.me/s/nachrichtenportal?before=17159 "HTTP/1.1 200 OK"
2026-05-19 09:45:42,600 INFO HTTP Request: GET https://t.me/s/nachrichtenportal?before=17139 "HTTP/1.1 200 OK"
2026-05-19 09:45:43,757 INFO HTTP Request: GET https://t.me/s/nachrichtenportal?before=17119 "HTTP/1.1 200 OK"
2026-05-19 09:45:44,763 INFO HTTP Request: GET https://t.me/s/nachrichtenportal?before=17099 "HTTP/1.1 200 OK"
2026-05-19 09:45:45,942 INFO HTTP Request: GET https://t.me/s/nachrichtenportal?before=17079 "HTTP/1.1 200 OK"
2026-05-19 09:45:47,011 INFO HTTP Request: GET https://t.me/s/nachrichtenportal?before=17059 "HTTP/1.1 200 OK"
2026-05-19 09:45:48,049 INFO HTTP Request: GET https://t.me/s/nachrichtenportal?before=17039 "HTTP/1.1 200 OK"
2026-05-19 09:45:49,068 INFO HTTP Request: GET https://t.me/s/nachrichtenportal?before=17019 "HTTP/1.1 200 OK"
2026-05-19 09:45:49,985 INFO HTTP Request: GET https://t.me/s/nachrichtenportal?before=16999 "HTTP/1.1 200 OK"
2026-05-19 09:45:50,932 INFO HTTP Request: GET https://t.me/s/nachrichtenportal?before=16979 "HTTP/1.1 200 OK"
2026-05-19 09:45:52,024 INFO HTTP Request: GET https://t.me/s/nachrichtenportal?before=16959 "HTTP/1.1 200 OK"
2026-05-19 09:45:53,014 INFO HTTP Request: GET https://t.me/s/nachrichtenportal?before=16939 "HTTP/1.1 200 OK"
2026-05-19 09:45:54,062 INFO HTTP Request: GET https://t.me/s/nachrichtenportal?before=16919 "HTTP/1.1 200 OK"
2026-05-19 09:45:55,091 INFO HTTP Request: GET https://t.me/s/nachrichtenportal?before=16898 "HTTP/1.1 200 OK"
2026-05-19 09:45:56,104 INFO HTTP Request: GET https://t.me/s/nachrichtenportal?before=16878 "HTTP/1.1 200 OK"
2026-05-19 09:45:57,163 INFO HTTP Request: GET https://t.me/s/nachrichtenportal?before=16858 "HTTP/1.1 200 OK"
2026-05-19 09:45:58,191 INFO HTTP Request: GET https://t.me/s/nachrichtenportal?before=16838 "HTTP/1.1 200 OK"
2026-05-19 09:45:59,326 INFO HTTP Request: GET https://t.me/s/nachrichtenportal?before=16818 "HTTP/1.1 200 OK"
2026-05-19 09:46:00,366 INFO HTTP Request: GET https://t.me/s/nachrichtenportal?before=16798 "HTTP/1.1 200 OK"
2026-05-19 09:46:01,345 INFO HTTP Request: GET https://t.me/s/nachrichtenportal?before=16778 "HTTP/1.1 200 OK"
2026-05-19 09:46:02,352 INFO HTTP Request: GET https://t.me/s/nachrichtenportal?before=16758 "HTTP/1.1 200 OK"
2026-05-19 09:46:03,458 INFO HTTP Request: GET https://t.me/s/nachrichtenportal?before=16738 "HTTP/1.1 200 OK"
2026-05-19 09:46:04,453 INFO HTTP Request: GET https://t.me/s/nachrichtenportal?before=16718 "HTTP/1.1 200 OK"
2026-05-19 09:46:05,459 INFO HTTP Request: GET https://t.me/s/nachrichtenportal?before=16698 "HTTP/1.1 200 OK"
2026-05-19 09:46:06,754 INFO HTTP Request: GET https://t.me/s/nachrichtenportal?before=16678 "HTTP/1.1 200 OK"
2026-05-19 09:46:07,979 INFO HTTP Request: GET https://t.me/s/nachrichtenportal?before=16658 "HTTP/1.1 200 OK"
2026-05-19 09:46:09,089 INFO HTTP Request: GET https://t.me/s/nachrichtenportal?before=16638 "HTTP/1.1 200 OK"
2026-05-19 09:46:10,104 INFO HTTP Request: GET https://t.me/s/nachrichtenportal?before=16618 "HTTP/1.1 200 OK"
2026-05-19 09:46:11,145 INFO HTTP Request: GET https://t.me/s/nachrichtenportal?before=16598 "HTTP/1.1 200 OK"
2026-05-19 09:46:12,384 INFO HTTP Request: GET https://t.me/s/nachrichtenportal?before=16578 "HTTP/1.1 200 OK"
2026-05-19 09:46:13,399 INFO HTTP Request: GET https://t.me/s/nachrichtenportal?before=16558 "HTTP/1.1 200 OK"
2026-05-19 09:46:14,398 INFO HTTP Request: GET https://t.me/s/nachrichtenportal?before=16538 "HTTP/1.1 200 OK"
2026-05-19 09:46:15,461 INFO HTTP Request: GET https://t.me/s/nachrichtenportal?before=16518 "HTTP/1.1 200 OK"
2026-05-19 09:46:16,471 INFO HTTP Request: GET https://t.me/s/nachrichtenportal?before=16498 "HTTP/1.1 200 OK"
2026-05-19 09:46:17,499 INFO HTTP Request: GET https://t.me/s/nachrichtenportal?before=16478 "HTTP/1.1 200 OK"
2026-05-19 09:46:18,464 INFO HTTP Request: GET https://t.me/s/nachrichtenportal?before=16458 "HTTP/1.1 200 OK"
2026-05-19 09:46:19,527 INFO HTTP Request: GET https://t.me/s/nachrichtenportal?before=16438 "HTTP/1.1 200 OK"
2026-05-19 09:46:20,485 INFO HTTP Request: GET https://t.me/s/nachrichtenportal?before=16418 "HTTP/1.1 200 OK"
2026-05-19 09:46:21,592 INFO HTTP Request: GET https://t.me/s/nachrichtenportal?before=16398 "HTTP/1.1 200 OK"
2026-05-19 09:46:22,721 INFO HTTP Request: GET https://t.me/s/nachrichtenportal?before=16378 "HTTP/1.1 200 OK"
2026-05-19 09:46:23,715 INFO HTTP Request: GET https://t.me/s/nachrichtenportal?before=16358 "HTTP/1.1 200 OK"
2026-05-19 09:46:24,815 INFO HTTP Request: GET https://t.me/s/nachrichtenportal?before=16338 "HTTP/1.1 200 OK"
2026-05-19 09:46:25,912 INFO HTTP Request: GET https://t.me/s/nachrichtenportal?before=16318 "HTTP/1.1 200 OK"
2026-05-19 09:46:26,940 INFO HTTP Request: GET https://t.me/s/nachrichtenportal?before=16298 "HTTP/1.1 200 OK"
2026-05-19 09:46:28,030 INFO HTTP Request: GET https://t.me/s/nachrichtenportal?before=16278 "HTTP/1.1 200 OK"
2026-05-19 09:46:29,313 INFO HTTP Request: GET https://t.me/s/nachrichtenportal?before=16258 "HTTP/1.1 200 OK"
2026-05-19 09:46:30,331 INFO HTTP Request: GET https://t.me/s/nachrichtenportal?before=16238 "HTTP/1.1 200 OK"
2026-05-19 09:46:31,538 INFO HTTP Request: GET https://t.me/s/nachrichtenportal?before=16218 "HTTP/1.1 200 OK"
2026-05-19 09:46:32,896 INFO HTTP Request: GET https://t.me/s/nachrichtenportal?before=16198 "HTTP/1.1 200 OK"
2026-05-19 09:46:34,136 INFO HTTP Request: GET https://t.me/s/nachrichtenportal?before=16178 "HTTP/1.1 200 OK"
2026-05-19 09:46:35,222 INFO HTTP Request: GET https://t.me/s/nachrichtenportal?before=16158 "HTTP/1.1 200 OK"
2026-05-19 09:46:36,441 INFO HTTP Request: GET https://t.me/s/nachrichtenportal?before=16138 "HTTP/1.1 200 OK"
2026-05-19 09:46:37,552 INFO HTTP Request: GET https://t.me/s/nachrichtenportal?before=16117 "HTTP/1.1 200 OK"
2026-05-19 09:46:38,652 INFO HTTP Request: GET https://t.me/s/nachrichtenportal?before=16097 "HTTP/1.1 200 OK"
2026-05-19 09:46:40,002 INFO HTTP Request: GET https://t.me/s/nachrichtenportal?before=16077 "HTTP/1.1 200 OK"
2026-05-19 09:46:41,161 INFO HTTP Request: GET https://t.me/s/nachrichtenportal?before=16057 "HTTP/1.1 200 OK"
2026-05-19 09:46:42,558 INFO HTTP Request: GET https://t.me/s/nachrichtenportal?before=16037 "HTTP/1.1 200 OK"
2026-05-19 09:46:43,614 INFO HTTP Request: GET https://t.me/s/nachrichtenportal?before=16017 "HTTP/1.1 200 OK"
2026-05-19 09:46:44,748 INFO HTTP Request: GET https://t.me/s/nachrichtenportal?before=15997 "HTTP/1.1 200 OK"
2026-05-19 09:46:46,047 INFO HTTP Request: GET https://t.me/s/nachrichtenportal?before=15977 "HTTP/1.1 200 OK"
2026-05-19 09:46:46,708 INFO [7/31] @nachrichtenportal posts=2384 source=tme_full_preview
2026-05-19 09:46:47,224 INFO [8/31] skip @store_atm (cached)
2026-05-19 09:46:47,227 INFO Trying t.me/s/internal_medicine_material ...
2026-05-19 09:46:48,052 INFO HTTP Request: GET https://t.me/s/internal_medicine_material "HTTP/1.1 302 Found"
2026-05-19 09:46:48,342 INFO HTTP Request: GET https://t.me/internal_medicine_material "HTTP/1.1 200 OK"
2026-05-19 09:46:48,342 INFO TGStat sample for internal_medicine_material (no public preview)
2026-05-19 09:46:49,636 INFO HTTP Request: GET https://tgstat.com/channel/@internal_medicine_material "HTTP/1.1 302 Found"
2026-05-19 09:46:49,690 INFO HTTP Request: GET https://tgstat.ru/en/channel/@Internal_medicine_material "HTTP/1.1 403 Forbidden"
2026-05-19 09:46:50,327 INFO HTTP Request: GET https://tgstat.com/channel/@internal_medicine_material "HTTP/1.1 302 Found"
2026-05-19 09:46:50,377 INFO HTTP Request: GET https://tgstat.ru/en/channel/@Internal_medicine_material "HTTP/1.1 403 Forbidden"
2026-05-19 09:46:51,013 INFO HTTP Request: GET https://tgstat.com/channel/@Internal_Medicine_Material "HTTP/1.1 302 Found"
2026-05-19 09:46:51,069 INFO HTTP Request: GET https://tgstat.ru/en/channel/@Internal_medicine_material "HTTP/1.1 403 Forbidden"
2026-05-19 09:46:51,430 INFO [9/31] @internal_medicine_material posts=0 source=no_public_data
2026-05-19 09:46:51,940 INFO [10/31] skip @medbooksvn2 (cached)
2026-05-19 09:46:51,941 INFO Trying t.me/s/booksmedicospdf ...
2026-05-19 09:46:52,760 INFO HTTP Request: GET https://t.me/s/booksmedicospdf "HTTP/1.1 302 Found"
2026-05-19 09:46:53,059 INFO HTTP Request: GET https://t.me/booksmedicospdf "HTTP/1.1 200 OK"
2026-05-19 09:46:53,060 INFO TGStat sample for booksmedicospdf (no public preview)
2026-05-19 09:46:53,723 INFO HTTP Request: GET https://tgstat.com/channel/@booksmedicospdf "HTTP/1.1 404 Not Found"
2026-05-19 09:46:54,375 INFO HTTP Request: GET https://tgstat.com/channel/@booksmedicospdf "HTTP/1.1 404 Not Found"
2026-05-19 09:46:55,028 INFO HTTP Request: GET https://tgstat.com/channel/@Booksmedicospdf "HTTP/1.1 404 Not Found"
2026-05-19 09:46:55,393 INFO [11/31] @booksmedicospdf posts=0 source=no_public_data
2026-05-19 09:46:55,893 INFO [12/31] skip @medicalegypt (cached)
2026-05-19 09:46:55,894 INFO Trying t.me/s/kaplan_atm ...
2026-05-19 09:46:56,706 INFO HTTP Request: GET https://t.me/s/kaplan_atm "HTTP/1.1 302 Found"
2026-05-19 09:46:56,992 INFO HTTP Request: GET https://t.me/kaplan_atm "HTTP/1.1 200 OK"
2026-05-19 09:46:56,993 INFO TGStat sample for kaplan_atm (no public preview)
2026-05-19 09:46:57,632 INFO HTTP Request: GET https://tgstat.com/channel/@kaplan_atm "HTTP/1.1 302 Found"
2026-05-19 09:46:59,174 INFO HTTP Request: GET https://tgstat.com/channel/@Kaplan_ATM "HTTP/1.1 200 OK"
2026-05-19 09:47:00,396 INFO HTTP Request: GET https://tgstat.com/channel/@kaplan_atm "HTTP/1.1 302 Found"
2026-05-19 09:47:01,707 INFO HTTP Request: GET https://tgstat.com/channel/@Kaplan_ATM "HTTP/1.1 200 OK"
2026-05-19 09:47:02,827 INFO HTTP Request: GET https://tgstat.com/channel/@Kaplan_Atm "HTTP/1.1 302 Found"
2026-05-19 09:47:04,269 INFO HTTP Request: GET https://tgstat.com/channel/@Kaplan_ATM "HTTP/1.1 200 OK"
2026-05-19 09:47:05,161 INFO [13/31] @kaplan_atm posts=0 source=no_public_data
2026-05-19 09:47:05,675 INFO Refreshing cache for @radiologist_library (posts=6 ebooks=5)
2026-05-19 09:47:05,677 INFO Trying t.me/s/radiologist_library ...
2026-05-19 09:47:06,484 INFO HTTP Request: GET https://t.me/s/radiologist_library "HTTP/1.1 302 Found"
2026-05-19 09:47:06,764 INFO HTTP Request: GET https://t.me/radiologist_library "HTTP/1.1 200 OK"
2026-05-19 09:47:06,765 INFO TGStat sample for radiologist_library (no public preview)
2026-05-19 09:47:07,430 INFO HTTP Request: GET https://tgstat.com/channel/@radiologist_library "HTTP/1.1 302 Found"
2026-05-19 09:47:10,111 INFO HTTP Request: GET https://cn.tgstat.com/channel/@Radiologist_Library "HTTP/1.1 200 OK"
2026-05-19 09:47:10,707 INFO [14/31] @radiologist_library posts=6 source=tgstat_sample
2026-05-19 09:47:11,214 INFO Trying t.me/s/boards_beyonds ...
2026-05-19 09:47:12,029 INFO HTTP Request: GET https://t.me/s/boards_beyonds "HTTP/1.1 302 Found"
2026-05-19 09:47:12,316 INFO HTTP Request: GET https://t.me/boards_beyonds "HTTP/1.1 200 OK"
2026-05-19 09:47:12,317 INFO TGStat sample for boards_beyonds (no public preview)
2026-05-19 09:47:12,980 INFO HTTP Request: GET https://tgstat.com/channel/@boards_beyonds "HTTP/1.1 302 Found"
2026-05-19 09:47:14,367 INFO HTTP Request: GET https://tgstat.com/channel/@Boards_BeyondS "HTTP/1.1 200 OK"
2026-05-19 09:47:14,919 INFO [15/31] @boards_beyonds posts=16 source=tgstat_sample
2026-05-19 09:47:15,432 INFO Trying t.me/s/medstudyvideos ...
2026-05-19 09:47:16,264 INFO HTTP Request: GET https://t.me/s/medstudyvideos "HTTP/1.1 302 Found"
2026-05-19 09:47:16,549 INFO HTTP Request: GET https://t.me/medstudyvideos "HTTP/1.1 200 OK"
2026-05-19 09:47:16,551 INFO TGStat sample for medstudyvideos (no public preview)
2026-05-19 09:47:17,172 INFO HTTP Request: GET https://tgstat.com/channel/@medstudyvideos "HTTP/1.1 302 Found"
2026-05-19 09:47:18,169 INFO HTTP Request: GET https://tgstat.com/channel/@Medstudyvideos "HTTP/1.1 200 OK"
2026-05-19 09:47:19,234 INFO HTTP Request: GET https://tgstat.com/channel/@medstudyvideos "HTTP/1.1 302 Found"
2026-05-19 09:47:20,183 INFO HTTP Request: GET https://tgstat.com/channel/@Medstudyvideos "HTTP/1.1 200 OK"
2026-05-19 09:47:21,686 INFO HTTP Request: GET https://tgstat.com/channel/@Medstudyvideos "HTTP/1.1 200 OK"
2026-05-19 09:47:22,483 INFO [16/31] @medstudyvideos posts=0 source=no_public_data
2026-05-19 09:47:22,985 INFO [17/31] skip @medicallibrarymax (cached)
2026-05-19 09:47:22,986 INFO Trying t.me/s/medical_ebook_pdfs ...
2026-05-19 09:47:23,794 INFO HTTP Request: GET https://t.me/s/medical_ebook_pdfs "HTTP/1.1 302 Found"
2026-05-19 09:47:24,084 INFO HTTP Request: GET https://t.me/medical_ebook_pdfs "HTTP/1.1 200 OK"
2026-05-19 09:47:24,085 INFO TGStat sample for medical_ebook_pdfs (no public preview)
2026-05-19 09:47:24,749 INFO HTTP Request: GET https://tgstat.com/channel/@medical_ebook_pdfs "HTTP/1.1 404 Not Found"
2026-05-19 09:47:25,435 INFO HTTP Request: GET https://tgstat.com/channel/@medical_ebook_pdfs "HTTP/1.1 404 Not Found"
2026-05-19 09:47:26,085 INFO HTTP Request: GET https://tgstat.com/channel/@Medical_Ebook_Pdfs "HTTP/1.1 404 Not Found"
2026-05-19 09:47:26,451 INFO [18/31] @medical_ebook_pdfs posts=0 source=no_public_data
2026-05-19 09:47:26,954 INFO Refreshing cache for @radiologygoldenbooks (posts=1 ebooks=0)
2026-05-19 09:47:26,955 INFO Trying t.me/s/radiologygoldenbooks ...
2026-05-19 09:47:27,775 INFO HTTP Request: GET https://t.me/s/radiologygoldenbooks "HTTP/1.1 302 Found"
2026-05-19 09:47:28,053 INFO HTTP Request: GET https://t.me/radiologygoldenbooks "HTTP/1.1 200 OK"
2026-05-19 09:47:28,054 INFO TGStat sample for radiologygoldenbooks (no public preview)
2026-05-19 09:47:29,689 INFO HTTP Request: GET https://tgstat.com/channel/@radiologygoldenbooks "HTTP/1.1 200 OK"
2026-05-19 09:47:30,167 INFO [19/31] @radiologygoldenbooks posts=1 source=tgstat_sample
2026-05-19 09:47:30,670 INFO [20/31] skip @amcmcq (cached)
2026-05-19 09:47:30,671 INFO [21/31] skip @dtunewsmedicine (cached)
2026-05-19 09:47:30,672 INFO Trying t.me/s/mccqe ...
2026-05-19 09:47:31,464 INFO HTTP Request: GET https://t.me/s/mccqe "HTTP/1.1 302 Found"
2026-05-19 09:47:31,746 INFO HTTP Request: GET https://t.me/mccqe "HTTP/1.1 200 OK"
2026-05-19 09:47:31,747 INFO TGStat sample for mccqe (no public preview)
2026-05-19 09:47:32,438 INFO HTTP Request: GET https://tgstat.com/channel/@mccqe "HTTP/1.1 404 Not Found"
2026-05-19 09:47:33,081 INFO HTTP Request: GET https://tgstat.com/channel/@mccqe "HTTP/1.1 404 Not Found"
2026-05-19 09:47:33,762 INFO HTTP Request: GET https://tgstat.com/channel/@Mccqe "HTTP/1.1 404 Not Found"
2026-05-19 09:47:34,119 INFO [22/31] @mccqe posts=0 source=no_public_data
2026-05-19 09:47:34,622 INFO Trying t.me/s/amcmcqrecalls ...
2026-05-19 09:47:35,419 INFO HTTP Request: GET https://t.me/s/amcmcqrecalls "HTTP/1.1 302 Found"
2026-05-19 09:47:35,705 INFO HTTP Request: GET https://t.me/amcmcqrecalls "HTTP/1.1 200 OK"
2026-05-19 09:47:35,706 INFO TGStat sample for amcmcqrecalls (no public preview)
2026-05-19 09:47:36,792 INFO HTTP Request: GET https://tgstat.com/channel/@amcmcqrecalls "HTTP/1.1 404 Not Found"
2026-05-19 09:47:37,468 INFO HTTP Request: GET https://tgstat.com/channel/@amcmcqrecalls "HTTP/1.1 404 Not Found"
2026-05-19 09:47:38,151 INFO HTTP Request: GET https://tgstat.com/channel/@Amcmcqrecalls "HTTP/1.1 404 Not Found"
2026-05-19 09:47:38,505 INFO [23/31] @amcmcqrecalls posts=0 source=no_public_data
2026-05-19 09:47:39,021 INFO [24/31] skip @amcclinical (cached)
2026-05-19 09:47:39,024 INFO Refreshing cache for @mccqe_1 (posts=4 ebooks=4)
2026-05-19 09:47:39,026 INFO Trying t.me/s/mccqe_1 ...
2026-05-19 09:47:39,839 INFO HTTP Request: GET https://t.me/s/mccqe_1 "HTTP/1.1 302 Found"
2026-05-19 09:47:40,121 INFO HTTP Request: GET https://t.me/mccqe_1 "HTTP/1.1 200 OK"
2026-05-19 09:47:40,123 INFO TGStat sample for mccqe_1 (no public preview)
2026-05-19 09:47:40,747 INFO HTTP Request: GET https://tgstat.com/channel/@mccqe_1 "HTTP/1.1 302 Found"
2026-05-19 09:47:42,155 INFO HTTP Request: GET https://tgstat.com/channel/@MCCQE_1 "HTTP/1.1 200 OK"
2026-05-19 09:47:42,926 INFO [25/31] @mccqe_1 posts=4 source=tgstat_sample
2026-05-19 09:47:43,440 INFO [26/31] skip @usmlebooks (cached)
2026-05-19 09:47:43,443 INFO Refreshing cache for @medical_books_storess (posts=2 ebooks=0)
2026-05-19 09:47:43,443 INFO Trying t.me/s/medical_books_storess ...
2026-05-19 09:47:44,290 INFO HTTP Request: GET https://t.me/s/medical_books_storess "HTTP/1.1 200 OK"
2026-05-19 09:47:44,967 INFO HTTP Request: GET https://t.me/s/medical_books_storess?before=1 "HTTP/1.1 200 OK"
2026-05-19 09:47:44,974 INFO [27/31] @medical_books_storess posts=2 source=tme_partial_preview
2026-05-19 09:47:45,477 INFO Trying t.me/s/medbookspdf ...
2026-05-19 09:47:46,289 INFO HTTP Request: GET https://t.me/s/medbookspdf "HTTP/1.1 302 Found"
2026-05-19 09:47:46,569 INFO HTTP Request: GET https://t.me/medbookspdf "HTTP/1.1 200 OK"
2026-05-19 09:47:46,571 INFO TGStat sample for medbookspdf (no public preview)
2026-05-19 09:47:47,227 INFO HTTP Request: GET https://tgstat.com/channel/@medbookspdf "HTTP/1.1 404 Not Found"
2026-05-19 09:47:47,902 INFO HTTP Request: GET https://tgstat.com/channel/@medbookspdf "HTTP/1.1 404 Not Found"
2026-05-19 09:47:48,996 INFO HTTP Request: GET https://tgstat.com/channel/@Medbookspdf "HTTP/1.1 404 Not Found"
2026-05-19 09:47:49,355 INFO [28/31] @medbookspdf posts=0 source=no_public_data
2026-05-19 09:47:49,856 INFO Trying t.me/s/amcclinicalexamprep ...
2026-05-19 09:47:50,655 INFO HTTP Request: GET https://t.me/s/amcclinicalexamprep "HTTP/1.1 302 Found"
2026-05-19 09:47:50,939 INFO HTTP Request: GET https://t.me/amcclinicalexamprep "HTTP/1.1 200 OK"
2026-05-19 09:47:50,940 INFO TGStat sample for amcclinicalexamprep (no public preview)
2026-05-19 09:47:51,617 INFO HTTP Request: GET https://tgstat.com/channel/@amcclinicalexamprep "HTTP/1.1 404 Not Found"
2026-05-19 09:47:52,286 INFO HTTP Request: GET https://tgstat.com/channel/@amcclinicalexamprep "HTTP/1.1 404 Not Found"
2026-05-19 09:47:53,338 INFO HTTP Request: GET https://tgstat.com/channel/@Amcclinicalexamprep "HTTP/1.1 404 Not Found"
2026-05-19 09:47:53,695 INFO [29/31] @amcclinicalexamprep posts=0 source=no_public_data
2026-05-19 09:47:54,209 INFO [30/31] skip @nbme_q (cached)
2026-05-19 09:47:54,210 INFO Trying t.me/s/pezeshkibooks ...
2026-05-19 09:47:55,028 INFO HTTP Request: GET https://t.me/s/pezeshkibooks "HTTP/1.1 302 Found"
2026-05-19 09:47:55,317 INFO HTTP Request: GET https://t.me/pezeshkibooks "HTTP/1.1 200 OK"
2026-05-19 09:47:55,317 INFO TGStat sample for pezeshkibooks (no public preview)
2026-05-19 09:47:55,991 INFO HTTP Request: GET https://tgstat.com/channel/@pezeshkibooks "HTTP/1.1 404 Not Found"
2026-05-19 09:47:56,675 INFO HTTP Request: GET https://tgstat.com/channel/@pezeshkibooks "HTTP/1.1 404 Not Found"
2026-05-19 09:47:57,345 INFO HTTP Request: GET https://tgstat.com/channel/@Pezeshkibooks "HTTP/1.1 404 Not Found"
2026-05-19 09:47:57,709 INFO [31/31] @pezeshkibooks posts=0 source=no_public_data
2026-05-19 09:47:58,209 INFO Batch scrape complete
2026-05-19 09:48:21,739 INFO Scraping 108 qualified channels (max_pages=120)
2026-05-19 09:48:21,739 INFO Trying t.me/s/medicine_way2 ...
2026-05-19 09:48:23,045 INFO HTTP Request: GET https://t.me/s/medicine_way2 "HTTP/1.1 200 OK"
2026-05-19 09:48:24,171 INFO HTTP Request: GET https://t.me/s/medicine_way2?before=11406 "HTTP/1.1 200 OK"
2026-05-19 09:48:25,276 INFO HTTP Request: GET https://t.me/s/medicine_way2?before=11367 "HTTP/1.1 200 OK"
2026-05-19 09:48:26,317 INFO HTTP Request: GET https://t.me/s/medicine_way2?before=11346 "HTTP/1.1 200 OK"
2026-05-19 09:48:27,385 INFO HTTP Request: GET https://t.me/s/medicine_way2?before=11129 "HTTP/1.1 200 OK"
2026-05-19 09:48:28,363 INFO HTTP Request: GET https://t.me/s/medicine_way2?before=11073 "HTTP/1.1 200 OK"
2026-05-19 09:48:29,352 INFO HTTP Request: GET https://t.me/s/medicine_way2?before=11025 "HTTP/1.1 200 OK"
2026-05-19 09:48:30,121 INFO HTTP Request: GET https://t.me/s/medicine_way2?before=10981 "HTTP/1.1 200 OK"
2026-05-19 09:48:30,968 INFO HTTP Request: GET https://t.me/s/medicine_way2?before=10961 "HTTP/1.1 200 OK"
2026-05-19 09:48:32,010 INFO HTTP Request: GET https://t.me/s/medicine_way2?before=10934 "HTTP/1.1 200 OK"
2026-05-19 09:48:33,010 INFO HTTP Request: GET https://t.me/s/medicine_way2?before=10910 "HTTP/1.1 200 OK"
2026-05-19 09:48:33,947 INFO HTTP Request: GET https://t.me/s/medicine_way2?before=10887 "HTTP/1.1 200 OK"
2026-05-19 09:48:35,085 INFO HTTP Request: GET https://t.me/s/medicine_way2?before=10865 "HTTP/1.1 200 OK"
2026-05-19 09:48:36,011 INFO HTTP Request: GET https://t.me/s/medicine_way2?before=10840 "HTTP/1.1 200 OK"
2026-05-19 09:48:36,725 INFO HTTP Request: GET https://t.me/s/medicine_way2?before=10820 "HTTP/1.1 200 OK"
2026-05-19 09:48:37,584 INFO HTTP Request: GET https://t.me/s/medicine_way2?before=10800 "HTTP/1.1 200 OK"
2026-05-19 09:48:38,358 INFO HTTP Request: GET https://t.me/s/medicine_way2?before=10779 "HTTP/1.1 200 OK"
2026-05-19 09:48:39,195 INFO HTTP Request: GET https://t.me/s/medicine_way2?before=10759 "HTTP/1.1 200 OK"
2026-05-19 09:48:40,032 INFO HTTP Request: GET https://t.me/s/medicine_way2?before=10734 "HTTP/1.1 200 OK"
2026-05-19 09:48:40,811 INFO HTTP Request: GET https://t.me/s/medicine_way2?before=10668 "HTTP/1.1 200 OK"
2026-05-19 09:48:41,608 INFO HTTP Request: GET https://t.me/s/medicine_way2?before=10646 "HTTP/1.1 200 OK"
2026-05-19 09:48:42,363 INFO HTTP Request: GET https://t.me/s/medicine_way2?before=10621 "HTTP/1.1 200 OK"
2026-05-19 09:48:43,177 INFO HTTP Request: GET https://t.me/s/medicine_way2?before=10600 "HTTP/1.1 200 OK"
2026-05-19 09:48:43,988 INFO HTTP Request: GET https://t.me/s/medicine_way2?before=10573 "HTTP/1.1 200 OK"
2026-05-19 09:48:44,819 INFO HTTP Request: GET https://t.me/s/medicine_way2?before=10553 "HTTP/1.1 200 OK"
2026-05-19 09:48:45,670 INFO HTTP Request: GET https://t.me/s/medicine_way2?before=10533 "HTTP/1.1 200 OK"
2026-05-19 09:48:46,462 INFO HTTP Request: GET https://t.me/s/medicine_way2?before=10512 "HTTP/1.1 200 OK"
2026-05-19 09:48:47,243 INFO HTTP Request: GET https://t.me/s/medicine_way2?before=10492 "HTTP/1.1 200 OK"
2026-05-19 09:48:48,025 INFO HTTP Request: GET https://t.me/s/medicine_way2?before=10472 "HTTP/1.1 200 OK"
2026-05-19 09:48:48,771 INFO HTTP Request: GET https://t.me/s/medicine_way2?before=10452 "HTTP/1.1 200 OK"
2026-05-19 09:48:49,523 INFO HTTP Request: GET https://t.me/s/medicine_way2?before=10432 "HTTP/1.1 200 OK"
2026-05-19 09:48:50,376 INFO HTTP Request: GET https://t.me/s/medicine_way2?before=10412 "HTTP/1.1 200 OK"
2026-05-19 09:48:51,148 INFO HTTP Request: GET https://t.me/s/medicine_way2?before=10392 "HTTP/1.1 200 OK"
2026-05-19 09:48:51,932 INFO HTTP Request: GET https://t.me/s/medicine_way2?before=10371 "HTTP/1.1 200 OK"
2026-05-19 09:48:52,663 INFO HTTP Request: GET https://t.me/s/medicine_way2?before=10351 "HTTP/1.1 200 OK"
2026-05-19 09:48:53,466 INFO HTTP Request: GET https://t.me/s/medicine_way2?before=10331 "HTTP/1.1 200 OK"
2026-05-19 09:48:54,210 INFO HTTP Request: GET https://t.me/s/medicine_way2?before=10252 "HTTP/1.1 200 OK"
2026-05-19 09:48:55,019 INFO HTTP Request: GET https://t.me/s/medicine_way2?before=10232 "HTTP/1.1 200 OK"
2026-05-19 09:48:55,785 INFO HTTP Request: GET https://t.me/s/medicine_way2?before=10211 "HTTP/1.1 200 OK"
2026-05-19 09:48:56,541 INFO HTTP Request: GET https://t.me/s/medicine_way2?before=10191 "HTTP/1.1 200 OK"
2026-05-19 09:48:57,315 INFO HTTP Request: GET https://t.me/s/medicine_way2?before=10171 "HTTP/1.1 200 OK"
2026-05-19 09:48:58,060 INFO HTTP Request: GET https://t.me/s/medicine_way2?before=10151 "HTTP/1.1 200 OK"
2026-05-19 09:48:58,873 INFO HTTP Request: GET https://t.me/s/medicine_way2?before=10130 "HTTP/1.1 200 OK"
2026-05-19 09:48:59,648 INFO HTTP Request: GET https://t.me/s/medicine_way2?before=10110 "HTTP/1.1 200 OK"
2026-05-19 09:49:00,531 INFO HTTP Request: GET https://t.me/s/medicine_way2?before=10090 "HTTP/1.1 200 OK"
2026-05-19 09:49:01,515 INFO HTTP Request: GET https://t.me/s/medicine_way2?before=10054 "HTTP/1.1 200 OK"
2026-05-19 09:49:02,547 INFO HTTP Request: GET https://t.me/s/medicine_way2?before=9981 "HTTP/1.1 200 OK"
2026-05-19 09:49:03,583 INFO HTTP Request: GET https://t.me/s/medicine_way2?before=9957 "HTTP/1.1 200 OK"
2026-05-19 09:49:04,533 INFO HTTP Request: GET https://t.me/s/medicine_way2?before=9922 "HTTP/1.1 200 OK"
2026-05-19 09:49:05,493 INFO HTTP Request: GET https://t.me/s/medicine_way2?before=9902 "HTTP/1.1 200 OK"
2026-05-19 09:49:06,403 INFO HTTP Request: GET https://t.me/s/medicine_way2?before=9875 "HTTP/1.1 200 OK"
2026-05-19 09:49:07,423 INFO HTTP Request: GET https://t.me/s/medicine_way2?before=9838 "HTTP/1.1 200 OK"
2026-05-19 09:49:08,374 INFO HTTP Request: GET https://t.me/s/medicine_way2?before=9810 "HTTP/1.1 200 OK"
2026-05-19 09:49:09,307 INFO HTTP Request: GET https://t.me/s/medicine_way2?before=9789 "HTTP/1.1 200 OK"
2026-05-19 09:49:10,403 INFO HTTP Request: GET https://t.me/s/medicine_way2?before=9762 "HTTP/1.1 200 OK"
2026-05-19 09:49:11,283 INFO HTTP Request: GET https://t.me/s/medicine_way2?before=9739 "HTTP/1.1 200 OK"
2026-05-19 09:49:12,042 INFO HTTP Request: GET https://t.me/s/medicine_way2?before=9718 "HTTP/1.1 200 OK"
2026-05-19 09:49:12,825 INFO HTTP Request: GET https://t.me/s/medicine_way2?before=9697 "HTTP/1.1 200 OK"
2026-05-19 09:49:13,586 INFO HTTP Request: GET https://t.me/s/medicine_way2?before=9674 "HTTP/1.1 200 OK"
2026-05-19 09:49:14,479 INFO HTTP Request: GET https://t.me/s/medicine_way2?before=9654 "HTTP/1.1 200 OK"
2026-05-19 09:49:15,347 INFO HTTP Request: GET https://t.me/s/medicine_way2?before=9633 "HTTP/1.1 200 OK"
2026-05-19 09:49:16,267 INFO HTTP Request: GET https://t.me/s/medicine_way2?before=9575 "HTTP/1.1 200 OK"
2026-05-19 09:49:17,185 INFO HTTP Request: GET https://t.me/s/medicine_way2?before=9512 "HTTP/1.1 200 OK"
2026-05-19 09:49:17,996 INFO HTTP Request: GET https://t.me/s/medicine_way2?before=9388 "HTTP/1.1 200 OK"
2026-05-19 09:49:18,817 INFO HTTP Request: GET https://t.me/s/medicine_way2?before=9365 "HTTP/1.1 200 OK"
2026-05-19 09:49:19,793 INFO HTTP Request: GET https://t.me/s/medicine_way2?before=9337 "HTTP/1.1 200 OK"
2026-05-19 09:49:20,718 INFO HTTP Request: GET https://t.me/s/medicine_way2?before=9278 "HTTP/1.1 200 OK"
2026-05-19 09:49:21,678 INFO HTTP Request: GET https://t.me/s/medicine_way2?before=9183 "HTTP/1.1 200 OK"
2026-05-19 09:49:22,461 INFO HTTP Request: GET https://t.me/s/medicine_way2?before=9136 "HTTP/1.1 200 OK"
2026-05-19 09:49:23,247 INFO HTTP Request: GET https://t.me/s/medicine_way2?before=9116 "HTTP/1.1 200 OK"
2026-05-19 09:49:24,046 INFO HTTP Request: GET https://t.me/s/medicine_way2?before=9096 "HTTP/1.1 200 OK"
2026-05-19 09:49:24,855 INFO HTTP Request: GET https://t.me/s/medicine_way2?before=9076 "HTTP/1.1 200 OK"
2026-05-19 09:49:25,665 INFO HTTP Request: GET https://t.me/s/medicine_way2?before=9055 "HTTP/1.1 200 OK"
2026-05-19 09:49:26,463 INFO HTTP Request: GET https://t.me/s/medicine_way2?before=9034 "HTTP/1.1 200 OK"
2026-05-19 09:49:27,240 INFO HTTP Request: GET https://t.me/s/medicine_way2?before=9014 "HTTP/1.1 200 OK"
2026-05-19 09:49:28,063 INFO HTTP Request: GET https://t.me/s/medicine_way2?before=8993 "HTTP/1.1 200 OK"
2026-05-19 09:49:28,813 INFO HTTP Request: GET https://t.me/s/medicine_way2?before=8970 "HTTP/1.1 200 OK"
2026-05-19 09:49:29,656 INFO HTTP Request: GET https://t.me/s/medicine_way2?before=8949 "HTTP/1.1 200 OK"
2026-05-19 09:49:30,467 INFO HTTP Request: GET https://t.me/s/medicine_way2?before=8927 "HTTP/1.1 200 OK"
2026-05-19 09:49:31,261 INFO HTTP Request: GET https://t.me/s/medicine_way2?before=8904 "HTTP/1.1 200 OK"
2026-05-19 09:49:32,118 INFO HTTP Request: GET https://t.me/s/medicine_way2?before=8884 "HTTP/1.1 200 OK"
2026-05-19 09:49:32,947 INFO HTTP Request: GET https://t.me/s/medicine_way2?before=8864 "HTTP/1.1 200 OK"
2026-05-19 09:49:33,741 INFO HTTP Request: GET https://t.me/s/medicine_way2?before=8837 "HTTP/1.1 200 OK"
2026-05-19 09:49:34,572 INFO HTTP Request: GET https://t.me/s/medicine_way2?before=8817 "HTTP/1.1 200 OK"
2026-05-19 09:49:35,397 INFO HTTP Request: GET https://t.me/s/medicine_way2?before=8797 "HTTP/1.1 200 OK"
2026-05-19 09:49:36,196 INFO HTTP Request: GET https://t.me/s/medicine_way2?before=8771 "HTTP/1.1 200 OK"
2026-05-19 09:49:36,985 INFO HTTP Request: GET https://t.me/s/medicine_way2?before=8749 "HTTP/1.1 200 OK"
2026-05-19 09:49:37,799 INFO HTTP Request: GET https://t.me/s/medicine_way2?before=8729 "HTTP/1.1 200 OK"
2026-05-19 09:49:38,586 INFO HTTP Request: GET https://t.me/s/medicine_way2?before=8709 "HTTP/1.1 200 OK"
2026-05-19 09:49:39,376 INFO HTTP Request: GET https://t.me/s/medicine_way2?before=8684 "HTTP/1.1 200 OK"
2026-05-19 09:49:40,159 INFO HTTP Request: GET https://t.me/s/medicine_way2?before=8664 "HTTP/1.1 200 OK"
2026-05-19 09:49:40,960 INFO HTTP Request: GET https://t.me/s/medicine_way2?before=8642 "HTTP/1.1 200 OK"
2026-05-19 09:49:41,731 INFO HTTP Request: GET https://t.me/s/medicine_way2?before=8621 "HTTP/1.1 200 OK"
2026-05-19 09:49:42,492 INFO HTTP Request: GET https://t.me/s/medicine_way2?before=8601 "HTTP/1.1 200 OK"
2026-05-19 09:49:43,259 INFO HTTP Request: GET https://t.me/s/medicine_way2?before=8581 "HTTP/1.1 200 OK"
2026-05-19 09:49:44,050 INFO HTTP Request: GET https://t.me/s/medicine_way2?before=8559 "HTTP/1.1 200 OK"
2026-05-19 09:49:44,944 INFO HTTP Request: GET https://t.me/s/medicine_way2?before=8534 "HTTP/1.1 200 OK"
2026-05-19 09:49:45,720 INFO HTTP Request: GET https://t.me/s/medicine_way2?before=8513 "HTTP/1.1 200 OK"
2026-05-19 09:49:46,518 INFO HTTP Request: GET https://t.me/s/medicine_way2?before=8492 "HTTP/1.1 200 OK"
2026-05-19 09:49:47,298 INFO HTTP Request: GET https://t.me/s/medicine_way2?before=8467 "HTTP/1.1 200 OK"
2026-05-19 09:49:48,044 INFO HTTP Request: GET https://t.me/s/medicine_way2?before=8445 "HTTP/1.1 200 OK"
2026-05-19 09:49:48,813 INFO HTTP Request: GET https://t.me/s/medicine_way2?before=8425 "HTTP/1.1 200 OK"
2026-05-19 09:49:49,569 INFO HTTP Request: GET https://t.me/s/medicine_way2?before=8405 "HTTP/1.1 200 OK"
2026-05-19 09:49:50,312 INFO HTTP Request: GET https://t.me/s/medicine_way2?before=8384 "HTTP/1.1 200 OK"
2026-05-19 09:49:51,072 INFO HTTP Request: GET https://t.me/s/medicine_way2?before=8364 "HTTP/1.1 200 OK"
2026-05-19 09:49:51,847 INFO HTTP Request: GET https://t.me/s/medicine_way2?before=8344 "HTTP/1.1 200 OK"
2026-05-19 09:49:52,644 INFO HTTP Request: GET https://t.me/s/medicine_way2?before=8324 "HTTP/1.1 200 OK"
2026-05-19 09:49:53,445 INFO HTTP Request: GET https://t.me/s/medicine_way2?before=8300 "HTTP/1.1 200 OK"
2026-05-19 09:49:54,223 INFO HTTP Request: GET https://t.me/s/medicine_way2?before=8276 "HTTP/1.1 200 OK"
2026-05-19 09:49:55,043 INFO HTTP Request: GET https://t.me/s/medicine_way2?before=8256 "HTTP/1.1 200 OK"
2026-05-19 09:49:55,829 INFO HTTP Request: GET https://t.me/s/medicine_way2?before=8236 "HTTP/1.1 200 OK"
2026-05-19 09:49:56,554 INFO HTTP Request: GET https://t.me/s/medicine_way2?before=8213 "HTTP/1.1 200 OK"
2026-05-19 09:49:57,381 INFO HTTP Request: GET https://t.me/s/medicine_way2?before=8191 "HTTP/1.1 200 OK"
2026-05-19 09:49:58,156 INFO HTTP Request: GET https://t.me/s/medicine_way2?before=8169 "HTTP/1.1 200 OK"
2026-05-19 09:49:58,910 INFO HTTP Request: GET https://t.me/s/medicine_way2?before=8149 "HTTP/1.1 200 OK"
2026-05-19 09:49:59,673 INFO HTTP Request: GET https://t.me/s/medicine_way2?before=8129 "HTTP/1.1 200 OK"
2026-05-19 09:50:00,419 INFO HTTP Request: GET https://t.me/s/medicine_way2?before=8109 "HTTP/1.1 200 OK"
2026-05-19 09:50:01,255 INFO HTTP Request: GET https://t.me/s/medicine_way2?before=8089 "HTTP/1.1 200 OK"
2026-05-19 09:50:02,055 INFO HTTP Request: GET https://t.me/s/medicine_way2?before=8069 "HTTP/1.1 200 OK"
2026-05-19 09:50:02,820 INFO HTTP Request: GET https://t.me/s/medicine_way2?before=8049 "HTTP/1.1 200 OK"
2026-05-19 09:50:03,357 INFO [1/108] @medicine_way2 posts=2158 source=tme_full_preview
2026-05-19 09:50:03,863 INFO Trying t.me/s/medicinevideoss ...
2026-05-19 09:50:04,793 INFO HTTP Request: GET https://t.me/s/medicinevideoss "HTTP/1.1 200 OK"
2026-05-19 09:50:05,671 INFO HTTP Request: GET https://t.me/s/medicinevideoss?before=2293 "HTTP/1.1 200 OK"
2026-05-19 09:50:06,569 INFO HTTP Request: GET https://t.me/s/medicinevideoss?before=2270 "HTTP/1.1 200 OK"
2026-05-19 09:50:07,496 INFO HTTP Request: GET https://t.me/s/medicinevideoss?before=2243 "HTTP/1.1 200 OK"
2026-05-19 09:50:08,426 INFO HTTP Request: GET https://t.me/s/medicinevideoss?before=2214 "HTTP/1.1 200 OK"
2026-05-19 09:50:09,294 INFO HTTP Request: GET https://t.me/s/medicinevideoss?before=2192 "HTTP/1.1 200 OK"
2026-05-19 09:50:10,166 INFO HTTP Request: GET https://t.me/s/medicinevideoss?before=2172 "HTTP/1.1 200 OK"
2026-05-19 09:50:11,049 INFO HTTP Request: GET https://t.me/s/medicinevideoss?before=2152 "HTTP/1.1 200 OK"
2026-05-19 09:50:12,033 INFO HTTP Request: GET https://t.me/s/medicinevideoss?before=2132 "HTTP/1.1 200 OK"
2026-05-19 09:50:12,931 INFO HTTP Request: GET https://t.me/s/medicinevideoss?before=2112 "HTTP/1.1 200 OK"
2026-05-19 09:50:13,788 INFO HTTP Request: GET https://t.me/s/medicinevideoss?before=2092 "HTTP/1.1 200 OK"
2026-05-19 09:50:14,681 INFO HTTP Request: GET https://t.me/s/medicinevideoss?before=2072 "HTTP/1.1 200 OK"
2026-05-19 09:50:15,583 INFO HTTP Request: GET https://t.me/s/medicinevideoss?before=2052 "HTTP/1.1 200 OK"
2026-05-19 09:50:16,506 INFO HTTP Request: GET https://t.me/s/medicinevideoss?before=2032 "HTTP/1.1 200 OK"
2026-05-19 09:50:17,376 INFO HTTP Request: GET https://t.me/s/medicinevideoss?before=2012 "HTTP/1.1 200 OK"
2026-05-19 09:50:18,250 INFO HTTP Request: GET https://t.me/s/medicinevideoss?before=1992 "HTTP/1.1 200 OK"
2026-05-19 09:50:19,163 INFO HTTP Request: GET https://t.me/s/medicinevideoss?before=1972 "HTTP/1.1 200 OK"
2026-05-19 09:50:20,073 INFO HTTP Request: GET https://t.me/s/medicinevideoss?before=1946 "HTTP/1.1 200 OK"
2026-05-19 09:50:21,055 INFO HTTP Request: GET https://t.me/s/medicinevideoss?before=1926 "HTTP/1.1 200 OK"
2026-05-19 09:50:21,906 INFO HTTP Request: GET https://t.me/s/medicinevideoss?before=1902 "HTTP/1.1 200 OK"
2026-05-19 09:50:22,833 INFO HTTP Request: GET https://t.me/s/medicinevideoss?before=1876 "HTTP/1.1 200 OK"
2026-05-19 09:50:23,783 INFO HTTP Request: GET https://t.me/s/medicinevideoss?before=1852 "HTTP/1.1 200 OK"
2026-05-19 09:50:24,737 INFO HTTP Request: GET https://t.me/s/medicinevideoss?before=1830 "HTTP/1.1 200 OK"
2026-05-19 09:50:25,648 INFO HTTP Request: GET https://t.me/s/medicinevideoss?before=1808 "HTTP/1.1 200 OK"
2026-05-19 09:50:26,522 INFO HTTP Request: GET https://t.me/s/medicinevideoss?before=1784 "HTTP/1.1 200 OK"
2026-05-19 09:50:27,469 INFO HTTP Request: GET https://t.me/s/medicinevideoss?before=1757 "HTTP/1.1 200 OK"
2026-05-19 09:50:28,348 INFO HTTP Request: GET https://t.me/s/medicinevideoss?before=1736 "HTTP/1.1 200 OK"
2026-05-19 09:50:29,259 INFO HTTP Request: GET https://t.me/s/medicinevideoss?before=1713 "HTTP/1.1 200 OK"
2026-05-19 09:50:30,267 INFO HTTP Request: GET https://t.me/s/medicinevideoss?before=1690 "HTTP/1.1 200 OK"
2026-05-19 09:50:31,209 INFO HTTP Request: GET https://t.me/s/medicinevideoss?before=1664 "HTTP/1.1 200 OK"
2026-05-19 09:50:32,165 INFO HTTP Request: GET https://t.me/s/medicinevideoss?before=1634 "HTTP/1.1 200 OK"
2026-05-19 09:50:33,072 INFO HTTP Request: GET https://t.me/s/medicinevideoss?before=1607 "HTTP/1.1 200 OK"
2026-05-19 09:50:33,928 INFO HTTP Request: GET https://t.me/s/medicinevideoss?before=1559 "HTTP/1.1 200 OK"
2026-05-19 09:50:34,859 INFO HTTP Request: GET https://t.me/s/medicinevideoss?before=1522 "HTTP/1.1 200 OK"
2026-05-19 09:50:35,728 INFO HTTP Request: GET https://t.me/s/medicinevideoss?before=1486 "HTTP/1.1 200 OK"
2026-05-19 09:50:36,597 INFO HTTP Request: GET https://t.me/s/medicinevideoss?before=1448 "HTTP/1.1 200 OK"
2026-05-19 09:50:37,511 INFO HTTP Request: GET https://t.me/s/medicinevideoss?before=1356 "HTTP/1.1 200 OK"
2026-05-19 09:50:38,410 INFO HTTP Request: GET https://t.me/s/medicinevideoss?before=1149 "HTTP/1.1 200 OK"
2026-05-19 09:50:39,342 INFO HTTP Request: GET https://t.me/s/medicinevideoss?before=1072 "HTTP/1.1 200 OK"
2026-05-19 09:50:41,207 INFO HTTP Request: GET https://t.me/s/medicinevideoss?before=998 "HTTP/1.1 200 OK"
2026-05-19 09:50:42,100 INFO HTTP Request: GET https://t.me/s/medicinevideoss?before=960 "HTTP/1.1 200 OK"
2026-05-19 09:50:42,869 INFO HTTP Request: GET https://t.me/s/medicinevideoss?before=893 "HTTP/1.1 200 OK"
2026-05-19 09:50:43,933 INFO HTTP Request: GET https://t.me/s/medicinevideoss?before=1 "HTTP/1.1 200 OK"
2026-05-19 09:50:43,984 INFO [2/108] @medicinevideoss posts=835 source=tme_full_preview
2026-05-19 09:50:44,487 INFO [3/108] skip @million_medical_books (cached)
2026-05-19 09:50:44,487 INFO Trying t.me/s/sketchymedical ...
2026-05-19 09:50:45,452 INFO HTTP Request: GET https://t.me/s/sketchymedical "HTTP/1.1 200 OK"
2026-05-19 09:50:46,315 INFO HTTP Request: GET https://t.me/s/sketchymedical?before=2754 "HTTP/1.1 200 OK"
2026-05-19 09:50:47,312 INFO HTTP Request: GET https://t.me/s/sketchymedical?before=2717 "HTTP/1.1 200 OK"
2026-05-19 09:50:48,284 INFO HTTP Request: GET https://t.me/s/sketchymedical?before=2692 "HTTP/1.1 200 OK"
2026-05-19 09:50:49,165 INFO HTTP Request: GET https://t.me/s/sketchymedical?before=2667 "HTTP/1.1 200 OK"
2026-05-19 09:50:50,378 INFO HTTP Request: GET https://t.me/s/sketchymedical?before=2645 "HTTP/1.1 200 OK"
2026-05-19 09:50:51,294 INFO HTTP Request: GET https://t.me/s/sketchymedical?before=2623 "HTTP/1.1 200 OK"
2026-05-19 09:50:52,145 INFO HTTP Request: GET https://t.me/s/sketchymedical?before=2603 "HTTP/1.1 200 OK"
2026-05-19 09:50:53,010 INFO HTTP Request: GET https://t.me/s/sketchymedical?before=2583 "HTTP/1.1 200 OK"
2026-05-19 09:50:53,970 INFO HTTP Request: GET https://t.me/s/sketchymedical?before=2563 "HTTP/1.1 200 OK"
2026-05-19 09:50:56,552 INFO HTTP Request: GET https://t.me/s/sketchymedical?before=2543 "HTTP/1.1 200 OK"
2026-05-19 09:50:57,415 INFO HTTP Request: GET https://t.me/s/sketchymedical?before=2523 "HTTP/1.1 200 OK"
2026-05-19 09:50:58,350 INFO HTTP Request: GET https://t.me/s/sketchymedical?before=2503 "HTTP/1.1 200 OK"
2026-05-19 09:50:59,801 INFO HTTP Request: GET https://t.me/s/sketchymedical?before=2483 "HTTP/1.1 200 OK"
2026-05-19 09:51:01,097 INFO HTTP Request: GET https://t.me/s/sketchymedical?before=2463 "HTTP/1.1 200 OK"
2026-05-19 09:51:01,969 INFO HTTP Request: GET https://t.me/s/sketchymedical?before=2443 "HTTP/1.1 200 OK"
2026-05-19 09:51:02,848 INFO HTTP Request: GET https://t.me/s/sketchymedical?before=2423 "HTTP/1.1 200 OK"
2026-05-19 09:51:03,717 INFO HTTP Request: GET https://t.me/s/sketchymedical?before=2403 "HTTP/1.1 200 OK"
2026-05-19 09:51:04,590 INFO HTTP Request: GET https://t.me/s/sketchymedical?before=2383 "HTTP/1.1 200 OK"
2026-05-19 09:51:05,477 INFO HTTP Request: GET https://t.me/s/sketchymedical?before=2362 "HTTP/1.1 200 OK"
2026-05-19 09:51:06,456 INFO HTTP Request: GET https://t.me/s/sketchymedical?before=2339 "HTTP/1.1 200 OK"
2026-05-19 09:51:07,382 INFO HTTP Request: GET https://t.me/s/sketchymedical?before=2316 "HTTP/1.1 200 OK"
2026-05-19 09:51:08,342 INFO HTTP Request: GET https://t.me/s/sketchymedical?before=2290 "HTTP/1.1 200 OK"
2026-05-19 09:51:09,226 INFO HTTP Request: GET https://t.me/s/sketchymedical?before=2266 "HTTP/1.1 200 OK"
2026-05-19 09:51:10,101 INFO HTTP Request: GET https://t.me/s/sketchymedical?before=2245 "HTTP/1.1 200 OK"
2026-05-19 09:51:11,010 INFO HTTP Request: GET https://t.me/s/sketchymedical?before=2219 "HTTP/1.1 200 OK"
2026-05-19 09:51:11,902 INFO HTTP Request: GET https://t.me/s/sketchymedical?before=2187 "HTTP/1.1 200 OK"
2026-05-19 09:51:12,766 INFO HTTP Request: GET https://t.me/s/sketchymedical?before=2163 "HTTP/1.1 200 OK"
2026-05-19 09:51:13,635 INFO HTTP Request: GET https://t.me/s/sketchymedical?before=2139 "HTTP/1.1 200 OK"
2026-05-19 09:51:14,588 INFO HTTP Request: GET https://t.me/s/sketchymedical?before=2116 "HTTP/1.1 200 OK"
2026-05-19 09:51:15,449 INFO HTTP Request: GET https://t.me/s/sketchymedical?before=2090 "HTTP/1.1 200 OK"
2026-05-19 09:51:16,332 INFO HTTP Request: GET https://t.me/s/sketchymedical?before=2066 "HTTP/1.1 200 OK"
2026-05-19 09:51:17,330 INFO HTTP Request: GET https://t.me/s/sketchymedical?before=2035 "HTTP/1.1 200 OK"
2026-05-19 09:51:18,215 INFO HTTP Request: GET https://t.me/s/sketchymedical?before=2005 "HTTP/1.1 200 OK"
2026-05-19 09:51:19,133 INFO HTTP Request: GET https://t.me/s/sketchymedical?before=1977 "HTTP/1.1 200 OK"
2026-05-19 09:51:20,019 INFO HTTP Request: GET https://t.me/s/sketchymedical?before=1940 "HTTP/1.1 200 OK"
2026-05-19 09:51:20,842 INFO HTTP Request: GET https://t.me/s/sketchymedical?before=1907 "HTTP/1.1 200 OK"
2026-05-19 09:51:21,712 INFO HTTP Request: GET https://t.me/s/sketchymedical?before=1872 "HTTP/1.1 200 OK"
2026-05-19 09:51:22,586 INFO HTTP Request: GET https://t.me/s/sketchymedical?before=1808 "HTTP/1.1 200 OK"
2026-05-19 09:51:23,453 INFO HTTP Request: GET https://t.me/s/sketchymedical?before=1569 "HTTP/1.1 200 OK"
2026-05-19 09:51:24,358 INFO HTTP Request: GET https://t.me/s/sketchymedical?before=1536 "HTTP/1.1 200 OK"
2026-05-19 09:51:25,138 INFO HTTP Request: GET https://t.me/s/sketchymedical?before=1455 "HTTP/1.1 200 OK"
2026-05-19 09:51:25,821 INFO HTTP Request: GET https://t.me/s/sketchymedical?before=1 "HTTP/1.1 200 OK"
2026-05-19 09:51:25,881 INFO [4/108] @sketchymedical posts=822 source=tme_full_preview
2026-05-19 09:51:26,382 INFO Trying t.me/s/surgeryvideos ...
2026-05-19 09:51:27,313 INFO HTTP Request: GET https://t.me/s/surgeryvideos "HTTP/1.1 200 OK"
2026-05-19 09:51:28,201 INFO HTTP Request: GET https://t.me/s/surgeryvideos?before=2035 "HTTP/1.1 200 OK"
2026-05-19 09:51:29,164 INFO HTTP Request: GET https://t.me/s/surgeryvideos?before=1989 "HTTP/1.1 200 OK"
2026-05-19 09:51:30,093 INFO HTTP Request: GET https://t.me/s/surgeryvideos?before=1958 "HTTP/1.1 200 OK"
2026-05-19 09:51:31,009 INFO HTTP Request: GET https://t.me/s/surgeryvideos?before=1930 "HTTP/1.1 200 OK"
2026-05-19 09:51:31,914 INFO HTTP Request: GET https://t.me/s/surgeryvideos?before=1907 "HTTP/1.1 200 OK"
2026-05-19 09:51:32,832 INFO HTTP Request: GET https://t.me/s/surgeryvideos?before=1887 "HTTP/1.1 200 OK"
2026-05-19 09:51:33,727 INFO HTTP Request: GET https://t.me/s/surgeryvideos?before=1867 "HTTP/1.1 200 OK"
2026-05-19 09:51:34,590 INFO HTTP Request: GET https://t.me/s/surgeryvideos?before=1847 "HTTP/1.1 200 OK"
2026-05-19 09:51:35,473 INFO HTTP Request: GET https://t.me/s/surgeryvideos?before=1827 "HTTP/1.1 200 OK"
2026-05-19 09:51:36,310 INFO HTTP Request: GET https://t.me/s/surgeryvideos?before=1807 "HTTP/1.1 200 OK"
2026-05-19 09:51:37,218 INFO HTTP Request: GET https://t.me/s/surgeryvideos?before=1787 "HTTP/1.1 200 OK"
2026-05-19 09:51:38,138 INFO HTTP Request: GET https://t.me/s/surgeryvideos?before=1767 "HTTP/1.1 200 OK"
2026-05-19 09:51:39,100 INFO HTTP Request: GET https://t.me/s/surgeryvideos?before=1747 "HTTP/1.1 200 OK"
2026-05-19 09:51:39,979 INFO HTTP Request: GET https://t.me/s/surgeryvideos?before=1726 "HTTP/1.1 200 OK"
2026-05-19 09:51:40,821 INFO HTTP Request: GET https://t.me/s/surgeryvideos?before=1706 "HTTP/1.1 200 OK"
2026-05-19 09:51:41,682 INFO HTTP Request: GET https://t.me/s/surgeryvideos?before=1686 "HTTP/1.1 200 OK"
2026-05-19 09:51:42,624 INFO HTTP Request: GET https://t.me/s/surgeryvideos?before=1666 "HTTP/1.1 200 OK"
2026-05-19 09:51:43,510 INFO HTTP Request: GET https://t.me/s/surgeryvideos?before=1639 "HTTP/1.1 200 OK"
2026-05-19 09:51:44,388 INFO HTTP Request: GET https://t.me/s/surgeryvideos?before=1616 "HTTP/1.1 200 OK"
2026-05-19 09:51:45,260 INFO HTTP Request: GET https://t.me/s/surgeryvideos?before=1590 "HTTP/1.1 200 OK"
2026-05-19 09:51:46,216 INFO HTTP Request: GET https://t.me/s/surgeryvideos?before=1564 "HTTP/1.1 200 OK"
2026-05-19 09:51:47,252 INFO HTTP Request: GET https://t.me/s/surgeryvideos?before=1544 "HTTP/1.1 200 OK"
2026-05-19 09:51:48,171 INFO HTTP Request: GET https://t.me/s/surgeryvideos?before=1520 "HTTP/1.1 200 OK"
2026-05-19 09:51:49,054 INFO HTTP Request: GET https://t.me/s/surgeryvideos?before=1492 "HTTP/1.1 200 OK"
2026-05-19 09:51:49,957 INFO HTTP Request: GET https://t.me/s/surgeryvideos?before=1470 "HTTP/1.1 200 OK"
2026-05-19 09:51:50,912 INFO HTTP Request: GET https://t.me/s/surgeryvideos?before=1446 "HTTP/1.1 200 OK"
2026-05-19 09:51:51,784 INFO HTTP Request: GET https://t.me/s/surgeryvideos?before=1421 "HTTP/1.1 200 OK"
2026-05-19 09:51:52,634 INFO HTTP Request: GET https://t.me/s/surgeryvideos?before=1399 "HTTP/1.1 200 OK"
2026-05-19 09:51:53,519 INFO HTTP Request: GET https://t.me/s/surgeryvideos?before=1370 "HTTP/1.1 200 OK"
2026-05-19 09:51:54,440 INFO HTTP Request: GET https://t.me/s/surgeryvideos?before=1339 "HTTP/1.1 200 OK"
2026-05-19 09:51:55,261 INFO HTTP Request: GET https://t.me/s/surgeryvideos?before=1297 "HTTP/1.1 200 OK"
2026-05-19 09:51:56,240 INFO HTTP Request: GET https://t.me/s/surgeryvideos?before=1260 "HTTP/1.1 200 OK"
2026-05-19 09:51:57,100 INFO HTTP Request: GET https://t.me/s/surgeryvideos?before=1220 "HTTP/1.1 200 OK"
2026-05-19 09:51:57,961 INFO HTTP Request: GET https://t.me/s/surgeryvideos?before=1118 "HTTP/1.1 200 OK"
2026-05-19 09:51:58,800 INFO HTTP Request: GET https://t.me/s/surgeryvideos?before=896 "HTTP/1.1 200 OK"
2026-05-19 09:51:59,714 INFO HTTP Request: GET https://t.me/s/surgeryvideos?before=864 "HTTP/1.1 200 OK"
2026-05-19 09:52:00,484 INFO HTTP Request: GET https://t.me/s/surgeryvideos?before=772 "HTTP/1.1 200 OK"
2026-05-19 09:52:01,159 INFO HTTP Request: GET https://t.me/s/surgeryvideos?before=1 "HTTP/1.1 200 OK"
2026-05-19 09:52:01,205 INFO [5/108] @surgeryvideos posts=741 source=tme_full_preview
2026-05-19 09:52:01,709 INFO Trying t.me/s/anesthesia_books ...
2026-05-19 09:52:02,525 INFO HTTP Request: GET https://t.me/s/anesthesia_books "HTTP/1.1 302 Found"
2026-05-19 09:52:02,806 INFO HTTP Request: GET https://t.me/anesthesia_books "HTTP/1.1 200 OK"
2026-05-19 09:52:02,807 INFO TGStat sample for anesthesia_books (no public preview)
2026-05-19 09:52:04,752 INFO HTTP Request: GET https://tgstat.com/channel/@anesthesia_books "HTTP/1.1 302 Found"
2026-05-19 09:52:06,311 INFO HTTP Request: GET https://tgstat.com/channel/@Anesthesia_Books "HTTP/1.1 200 OK"
2026-05-19 09:52:06,764 INFO [6/108] @anesthesia_books posts=10 source=tgstat_sample
2026-05-19 09:52:07,277 INFO Trying t.me/s/medipoints ...
2026-05-19 09:52:08,615 INFO HTTP Request: GET https://t.me/s/medipoints "HTTP/1.1 200 OK"
2026-05-19 09:52:09,637 INFO HTTP Request: GET https://t.me/s/medipoints?before=50954 "HTTP/1.1 200 OK"
2026-05-19 09:52:10,598 INFO HTTP Request: GET https://t.me/s/medipoints?before=50861 "HTTP/1.1 200 OK"
2026-05-19 09:52:11,651 INFO HTTP Request: GET https://t.me/s/medipoints?before=50792 "HTTP/1.1 200 OK"
2026-05-19 09:52:12,713 INFO HTTP Request: GET https://t.me/s/medipoints?before=50621 "HTTP/1.1 200 OK"
2026-05-19 09:52:13,601 INFO HTTP Request: GET https://t.me/s/medipoints?before=50485 "HTTP/1.1 200 OK"
2026-05-19 09:52:14,607 INFO HTTP Request: GET https://t.me/s/medipoints?before=50333 "HTTP/1.1 200 OK"
2026-05-19 09:52:15,566 INFO HTTP Request: GET https://t.me/s/medipoints?before=50165 "HTTP/1.1 200 OK"
2026-05-19 09:52:16,481 INFO HTTP Request: GET https://t.me/s/medipoints?before=50043 "HTTP/1.1 200 OK"
2026-05-19 09:52:17,478 INFO HTTP Request: GET https://t.me/s/medipoints?before=49958 "HTTP/1.1 200 OK"
2026-05-19 09:52:18,363 INFO HTTP Request: GET https://t.me/s/medipoints?before=49876 "HTTP/1.1 200 OK"
2026-05-19 09:52:19,282 INFO HTTP Request: GET https://t.me/s/medipoints?before=49728 "HTTP/1.1 200 OK"
2026-05-19 09:52:20,170 INFO HTTP Request: GET https://t.me/s/medipoints?before=49593 "HTTP/1.1 200 OK"
2026-05-19 09:52:21,063 INFO HTTP Request: GET https://t.me/s/medipoints?before=49463 "HTTP/1.1 200 OK"
2026-05-19 09:52:21,988 INFO HTTP Request: GET https://t.me/s/medipoints?before=49340 "HTTP/1.1 200 OK"
2026-05-19 09:52:22,870 INFO HTTP Request: GET https://t.me/s/medipoints?before=49248 "HTTP/1.1 200 OK"
2026-05-19 09:52:23,776 INFO HTTP Request: GET https://t.me/s/medipoints?before=49142 "HTTP/1.1 200 OK"
2026-05-19 09:52:24,666 INFO HTTP Request: GET https://t.me/s/medipoints?before=49040 "HTTP/1.1 200 OK"
2026-05-19 09:52:25,520 INFO HTTP Request: GET https://t.me/s/medipoints?before=48951 "HTTP/1.1 200 OK"
2026-05-19 09:52:26,418 INFO HTTP Request: GET https://t.me/s/medipoints?before=48892 "HTTP/1.1 200 OK"
2026-05-19 09:52:27,357 INFO HTTP Request: GET https://t.me/s/medipoints?before=48838 "HTTP/1.1 200 OK"
2026-05-19 09:52:28,225 INFO HTTP Request: GET https://t.me/s/medipoints?before=48771 "HTTP/1.1 200 OK"
2026-05-19 09:52:29,173 INFO HTTP Request: GET https://t.me/s/medipoints?before=48668 "HTTP/1.1 200 OK"
2026-05-19 09:52:30,044 INFO HTTP Request: GET https://t.me/s/medipoints?before=48564 "HTTP/1.1 200 OK"
2026-05-19 09:52:30,921 INFO HTTP Request: GET https://t.me/s/medipoints?before=48446 "HTTP/1.1 200 OK"
2026-05-19 09:52:31,894 INFO HTTP Request: GET https://t.me/s/medipoints?before=48272 "HTTP/1.1 200 OK"
2026-05-19 09:52:32,852 INFO HTTP Request: GET https://t.me/s/medipoints?before=48136 "HTTP/1.1 200 OK"
2026-05-19 09:52:33,781 INFO HTTP Request: GET https://t.me/s/medipoints?before=48007 "HTTP/1.1 200 OK"
2026-05-19 09:52:34,674 INFO HTTP Request: GET https://t.me/s/medipoints?before=47899 "HTTP/1.1 200 OK"
2026-05-19 09:52:35,525 INFO HTTP Request: GET https://t.me/s/medipoints?before=47783 "HTTP/1.1 200 OK"
2026-05-19 09:52:36,459 INFO HTTP Request: GET https://t.me/s/medipoints?before=47678 "HTTP/1.1 200 OK"
2026-05-19 09:52:37,404 INFO HTTP Request: GET https://t.me/s/medipoints?before=47553 "HTTP/1.1 200 OK"
2026-05-19 09:52:38,425 INFO HTTP Request: GET https://t.me/s/medipoints?before=47426 "HTTP/1.1 200 OK"
2026-05-19 09:52:39,328 INFO HTTP Request: GET https://t.me/s/medipoints?before=47314 "HTTP/1.1 200 OK"
2026-05-19 09:52:40,229 INFO HTTP Request: GET https://t.me/s/medipoints?before=47178 "HTTP/1.1 200 OK"
2026-05-19 09:52:41,152 INFO HTTP Request: GET https://t.me/s/medipoints?before=47043 "HTTP/1.1 200 OK"
2026-05-19 09:52:42,075 INFO HTTP Request: GET https://t.me/s/medipoints?before=46939 "HTTP/1.1 200 OK"
2026-05-19 09:52:43,011 INFO HTTP Request: GET https://t.me/s/medipoints?before=46843 "HTTP/1.1 200 OK"
2026-05-19 09:52:43,912 INFO HTTP Request: GET https://t.me/s/medipoints?before=46691 "HTTP/1.1 200 OK"
2026-05-19 09:52:44,831 INFO HTTP Request: GET https://t.me/s/medipoints?before=46585 "HTTP/1.1 200 OK"
2026-05-19 09:52:45,695 INFO HTTP Request: GET https://t.me/s/medipoints?before=46453 "HTTP/1.1 200 OK"
2026-05-19 09:52:46,589 INFO HTTP Request: GET https://t.me/s/medipoints?before=46342 "HTTP/1.1 200 OK"
2026-05-19 09:52:47,624 INFO HTTP Request: GET https://t.me/s/medipoints?before=46215 "HTTP/1.1 200 OK"
2026-05-19 09:52:48,565 INFO HTTP Request: GET https://t.me/s/medipoints?before=46120 "HTTP/1.1 200 OK"
2026-05-19 09:52:49,435 INFO HTTP Request: GET https://t.me/s/medipoints?before=46024 "HTTP/1.1 200 OK"
2026-05-19 09:52:50,361 INFO HTTP Request: GET https://t.me/s/medipoints?before=45904 "HTTP/1.1 200 OK"
2026-05-19 09:52:51,210 INFO HTTP Request: GET https://t.me/s/medipoints?before=45803 "HTTP/1.1 200 OK"
2026-05-19 09:52:52,087 INFO HTTP Request: GET https://t.me/s/medipoints?before=45688 "HTTP/1.1 200 OK"
2026-05-19 09:52:53,004 INFO HTTP Request: GET https://t.me/s/medipoints?before=45580 "HTTP/1.1 200 OK"
2026-05-19 09:52:53,907 INFO HTTP Request: GET https://t.me/s/medipoints?before=45529 "HTTP/1.1 200 OK"
2026-05-19 09:52:54,767 INFO HTTP Request: GET https://t.me/s/medipoints?before=45469 "HTTP/1.1 200 OK"
2026-05-19 09:52:55,655 INFO HTTP Request: GET https://t.me/s/medipoints?before=45419 "HTTP/1.1 200 OK"
2026-05-19 09:52:56,588 INFO HTTP Request: GET https://t.me/s/medipoints?before=45368 "HTTP/1.1 200 OK"
2026-05-19 09:52:57,541 INFO HTTP Request: GET https://t.me/s/medipoints?before=45299 "HTTP/1.1 200 OK"
2026-05-19 09:52:58,519 INFO HTTP Request: GET https://t.me/s/medipoints?before=45238 "HTTP/1.1 200 OK"
2026-05-19 09:52:59,432 INFO HTTP Request: GET https://t.me/s/medipoints?before=45179 "HTTP/1.1 200 OK"
2026-05-19 09:53:00,353 INFO HTTP Request: GET https://t.me/s/medipoints?before=45098 "HTTP/1.1 200 OK"
2026-05-19 09:53:01,339 INFO HTTP Request: GET https://t.me/s/medipoints?before=45006 "HTTP/1.1 200 OK"
2026-05-19 09:53:02,313 INFO HTTP Request: GET https://t.me/s/medipoints?before=44900 "HTTP/1.1 200 OK"
2026-05-19 09:53:03,247 INFO HTTP Request: GET https://t.me/s/medipoints?before=44745 "HTTP/1.1 200 OK"
2026-05-19 09:53:04,177 INFO HTTP Request: GET https://t.me/s/medipoints?before=44591 "HTTP/1.1 200 OK"
2026-05-19 09:53:05,151 INFO HTTP Request: GET https://t.me/s/medipoints?before=44483 "HTTP/1.1 200 OK"
2026-05-19 09:53:06,024 INFO HTTP Request: GET https://t.me/s/medipoints?before=44354 "HTTP/1.1 200 OK"
2026-05-19 09:53:07,154 INFO HTTP Request: GET https://t.me/s/medipoints?before=44259 "HTTP/1.1 200 OK"
2026-05-19 09:53:08,069 INFO HTTP Request: GET https://t.me/s/medipoints?before=44086 "HTTP/1.1 200 OK"
2026-05-19 09:53:09,011 INFO HTTP Request: GET https://t.me/s/medipoints?before=43951 "HTTP/1.1 200 OK"
2026-05-19 09:53:10,212 INFO HTTP Request: GET https://t.me/s/medipoints?before=43816 "HTTP/1.1 200 OK"
2026-05-19 09:53:11,128 INFO HTTP Request: GET https://t.me/s/medipoints?before=43694 "HTTP/1.1 200 OK"
2026-05-19 09:53:12,094 INFO HTTP Request: GET https://t.me/s/medipoints?before=43556 "HTTP/1.1 200 OK"
2026-05-19 09:53:13,005 INFO HTTP Request: GET https://t.me/s/medipoints?before=43399 "HTTP/1.1 200 OK"
2026-05-19 09:53:13,982 INFO HTTP Request: GET https://t.me/s/medipoints?before=43254 "HTTP/1.1 200 OK"
2026-05-19 09:53:14,878 INFO HTTP Request: GET https://t.me/s/medipoints?before=43118 "HTTP/1.1 200 OK"
2026-05-19 09:53:15,923 INFO HTTP Request: GET https://t.me/s/medipoints?before=42990 "HTTP/1.1 200 OK"
2026-05-19 09:53:16,943 INFO HTTP Request: GET https://t.me/s/medipoints?before=42855 "HTTP/1.1 200 OK"
2026-05-19 09:53:17,888 INFO HTTP Request: GET https://t.me/s/medipoints?before=42758 "HTTP/1.1 200 OK"
2026-05-19 09:53:18,841 INFO HTTP Request: GET https://t.me/s/medipoints?before=42621 "HTTP/1.1 200 OK"
2026-05-19 09:53:19,839 INFO HTTP Request: GET https://t.me/s/medipoints?before=42486 "HTTP/1.1 200 OK"
2026-05-19 09:53:20,746 INFO HTTP Request: GET https://t.me/s/medipoints?before=42373 "HTTP/1.1 200 OK"
2026-05-19 09:53:21,662 INFO HTTP Request: GET https://t.me/s/medipoints?before=42207 "HTTP/1.1 200 OK"
2026-05-19 09:53:22,599 INFO HTTP Request: GET https://t.me/s/medipoints?before=42051 "HTTP/1.1 200 OK"
2026-05-19 09:53:23,503 INFO HTTP Request: GET https://t.me/s/medipoints?before=41839 "HTTP/1.1 200 OK"
2026-05-19 09:53:24,396 INFO HTTP Request: GET https://t.me/s/medipoints?before=41633 "HTTP/1.1 200 OK"
2026-05-19 09:53:25,423 INFO HTTP Request: GET https://t.me/s/medipoints?before=41435 "HTTP/1.1 200 OK"
2026-05-19 09:53:26,376 INFO HTTP Request: GET https://t.me/s/medipoints?before=41208 "HTTP/1.1 200 OK"
2026-05-19 09:53:27,342 INFO HTTP Request: GET https://t.me/s/medipoints?before=40989 "HTTP/1.1 200 OK"
2026-05-19 09:53:28,239 INFO HTTP Request: GET https://t.me/s/medipoints?before=40821 "HTTP/1.1 200 OK"
2026-05-19 09:53:29,129 INFO HTTP Request: GET https://t.me/s/medipoints?before=40648 "HTTP/1.1 200 OK"
2026-05-19 09:53:30,186 INFO HTTP Request: GET https://t.me/s/medipoints?before=40486 "HTTP/1.1 200 OK"
2026-05-19 09:53:31,137 INFO HTTP Request: GET https://t.me/s/medipoints?before=40319 "HTTP/1.1 200 OK"
2026-05-19 09:53:32,106 INFO HTTP Request: GET https://t.me/s/medipoints?before=40077 "HTTP/1.1 200 OK"
2026-05-19 09:53:33,115 INFO HTTP Request: GET https://t.me/s/medipoints?before=39892 "HTTP/1.1 200 OK"
2026-05-19 09:53:34,029 INFO HTTP Request: GET https://t.me/s/medipoints?before=39561 "HTTP/1.1 200 OK"
2026-05-19 09:53:35,034 INFO HTTP Request: GET https://t.me/s/medipoints?before=39316 "HTTP/1.1 200 OK"
2026-05-19 09:53:36,071 INFO HTTP Request: GET https://t.me/s/medipoints?before=39099 "HTTP/1.1 200 OK"
2026-05-19 09:53:36,984 INFO HTTP Request: GET https://t.me/s/medipoints?before=38829 "HTTP/1.1 200 OK"
2026-05-19 09:53:37,931 INFO HTTP Request: GET https://t.me/s/medipoints?before=38541 "HTTP/1.1 200 OK"
2026-05-19 09:53:38,977 INFO HTTP Request: GET https://t.me/s/medipoints?before=38297 "HTTP/1.1 200 OK"
2026-05-19 09:53:39,897 INFO HTTP Request: GET https://t.me/s/medipoints?before=38096 "HTTP/1.1 200 OK"
2026-05-19 09:53:40,851 INFO HTTP Request: GET https://t.me/s/medipoints?before=37834 "HTTP/1.1 200 OK"
2026-05-19 09:53:41,956 INFO HTTP Request: GET https://t.me/s/medipoints?before=37536 "HTTP/1.1 200 OK"
2026-05-19 09:53:42,925 INFO HTTP Request: GET https://t.me/s/medipoints?before=37346 "HTTP/1.1 200 OK"
2026-05-19 09:53:43,822 INFO HTTP Request: GET https://t.me/s/medipoints?before=37178 "HTTP/1.1 200 OK"
2026-05-19 09:53:45,028 INFO HTTP Request: GET https://t.me/s/medipoints?before=36996 "HTTP/1.1 200 OK"
2026-05-19 09:53:46,017 INFO HTTP Request: GET https://t.me/s/medipoints?before=36785 "HTTP/1.1 200 OK"
2026-05-19 09:53:47,101 INFO HTTP Request: GET https://t.me/s/medipoints?before=36491 "HTTP/1.1 200 OK"
2026-05-19 09:53:47,981 INFO HTTP Request: GET https://t.me/s/medipoints?before=36226 "HTTP/1.1 200 OK"
2026-05-19 09:53:48,973 INFO HTTP Request: GET https://t.me/s/medipoints?before=36050 "HTTP/1.1 200 OK"
2026-05-19 09:53:49,973 INFO HTTP Request: GET https://t.me/s/medipoints?before=35843 "HTTP/1.1 200 OK"
2026-05-19 09:53:50,967 INFO HTTP Request: GET https://t.me/s/medipoints?before=35410 "HTTP/1.1 200 OK"
2026-05-19 09:53:51,912 INFO HTTP Request: GET https://t.me/s/medipoints?before=35056 "HTTP/1.1 200 OK"
2026-05-19 09:53:52,868 INFO HTTP Request: GET https://t.me/s/medipoints?before=34643 "HTTP/1.1 200 OK"
2026-05-19 09:53:53,891 INFO HTTP Request: GET https://t.me/s/medipoints?before=34321 "HTTP/1.1 200 OK"
2026-05-19 09:53:54,793 INFO HTTP Request: GET https://t.me/s/medipoints?before=33931 "HTTP/1.1 200 OK"
2026-05-19 09:53:55,715 INFO HTTP Request: GET https://t.me/s/medipoints?before=33623 "HTTP/1.1 200 OK"
2026-05-19 09:53:56,617 INFO HTTP Request: GET https://t.me/s/medipoints?before=33383 "HTTP/1.1 200 OK"
2026-05-19 09:53:57,506 INFO HTTP Request: GET https://t.me/s/medipoints?before=33213 "HTTP/1.1 200 OK"
2026-05-19 09:53:58,422 INFO HTTP Request: GET https://t.me/s/medipoints?before=32956 "HTTP/1.1 200 OK"
2026-05-19 09:53:59,344 INFO HTTP Request: GET https://t.me/s/medipoints?before=32748 "HTTP/1.1 200 OK"
2026-05-19 09:54:00,210 INFO HTTP Request: GET https://t.me/s/medipoints?before=32537 "HTTP/1.1 200 OK"
2026-05-19 09:54:01,104 INFO HTTP Request: GET https://t.me/s/medipoints?before=32262 "HTTP/1.1 200 OK"
2026-05-19 09:54:01,849 INFO [7/108] @medipoints posts=2386 source=tme_full_preview
2026-05-19 09:54:02,360 INFO [8/108] skip @medicalprep (cached)
2026-05-19 09:54:02,363 INFO Trying t.me/s/plab_mrcp ...
2026-05-19 09:54:03,163 INFO HTTP Request: GET https://t.me/s/plab_mrcp "HTTP/1.1 302 Found"
2026-05-19 09:54:03,441 INFO HTTP Request: GET https://t.me/plab_mrcp "HTTP/1.1 200 OK"
2026-05-19 09:54:03,442 INFO TGStat sample for plab_mrcp (no public preview)
2026-05-19 09:54:04,826 INFO HTTP Request: GET https://tgstat.com/channel/@plab_mrcp "HTTP/1.1 302 Found"
2026-05-19 09:54:06,417 INFO HTTP Request: GET https://tgstat.com/channel/@Plab_MRcp "HTTP/1.1 200 OK"
2026-05-19 09:54:06,870 INFO [9/108] @plab_mrcp posts=27 source=tgstat_sample
2026-05-19 09:54:07,385 INFO Trying t.me/s/ophthalmology_books_2016 ...
2026-05-19 09:54:08,198 INFO HTTP Request: GET https://t.me/s/ophthalmology_books_2016 "HTTP/1.1 302 Found"
2026-05-19 09:54:08,475 INFO HTTP Request: GET https://t.me/ophthalmology_books_2016 "HTTP/1.1 200 OK"
2026-05-19 09:54:08,476 INFO TGStat sample for ophthalmology_books_2016 (no public preview)
2026-05-19 09:54:09,135 INFO HTTP Request: GET https://tgstat.com/channel/@ophthalmology_books_2016 "HTTP/1.1 302 Found"
2026-05-19 09:54:10,560 INFO HTTP Request: GET https://tgstat.com/channel/@Ophthalmology_Books_2016 "HTTP/1.1 200 OK"
2026-05-19 09:54:11,805 INFO HTTP Request: GET https://tgstat.com/channel/@ophthalmology_books_2016 "HTTP/1.1 302 Found"
2026-05-19 09:54:13,122 INFO HTTP Request: GET https://tgstat.com/channel/@Ophthalmology_Books_2016 "HTTP/1.1 200 OK"
2026-05-19 09:54:14,963 INFO HTTP Request: GET https://tgstat.com/channel/@Ophthalmology_Books_2016 "HTTP/1.1 200 OK"
2026-05-19 09:54:15,798 INFO [10/108] @ophthalmology_books_2016 posts=0 source=no_public_data
2026-05-19 09:54:16,312 INFO Trying t.me/s/medicalbooksstoress ...
2026-05-19 09:54:17,440 INFO HTTP Request: GET https://t.me/s/medicalbooksstoress "HTTP/1.1 302 Found"
2026-05-19 09:54:18,045 INFO HTTP Request: GET https://t.me/medicalbooksstoress "HTTP/1.1 200 OK"
2026-05-19 09:54:18,048 INFO TGStat sample for medicalbooksstoress (no public preview)
2026-05-19 09:54:19,191 INFO HTTP Request: GET https://tgstat.com/channel/@medicalbooksstoress "HTTP/1.1 404 Not Found"
2026-05-19 09:54:19,872 INFO HTTP Request: GET https://tgstat.com/channel/@medicalbooksstoress "HTTP/1.1 404 Not Found"
2026-05-19 09:54:20,555 INFO HTTP Request: GET https://tgstat.com/channel/@Medicalbooksstoress "HTTP/1.1 404 Not Found"
2026-05-19 09:54:20,913 INFO [11/108] @medicalbooksstoress posts=0 source=no_public_data
2026-05-19 09:54:21,419 INFO Trying t.me/s/libraryedent ...
2026-05-19 09:54:22,212 INFO HTTP Request: GET https://t.me/s/libraryedent "HTTP/1.1 302 Found"
2026-05-19 09:54:22,490 INFO HTTP Request: GET https://t.me/libraryedent "HTTP/1.1 200 OK"
2026-05-19 09:54:22,491 INFO TGStat sample for libraryedent (no public preview)
2026-05-19 09:54:23,163 INFO HTTP Request: GET https://tgstat.com/channel/@libraryedent "HTTP/1.1 302 Found"
2026-05-19 09:54:25,620 INFO HTTP Request: GET https://ir.tgstat.com/channel/@LibraryEDent "HTTP/1.1 200 OK"
2026-05-19 09:54:26,108 INFO [12/108] @libraryedent posts=12 source=tgstat_sample
2026-05-19 09:54:26,615 INFO Trying t.me/s/thedentists ...
2026-05-19 09:54:27,423 INFO HTTP Request: GET https://t.me/s/thedentists "HTTP/1.1 302 Found"
2026-05-19 09:54:27,703 INFO HTTP Request: GET https://t.me/thedentists "HTTP/1.1 200 OK"
2026-05-19 09:54:27,705 INFO TGStat sample for thedentists (no public preview)
2026-05-19 09:54:29,354 INFO HTTP Request: GET https://tgstat.com/channel/@thedentists "HTTP/1.1 200 OK"
2026-05-19 09:54:29,777 INFO [13/108] @thedentists posts=10 source=tgstat_sample
2026-05-19 09:54:30,282 INFO Trying t.me/s/medicalrefrencess ...
2026-05-19 09:54:31,411 INFO HTTP Request: GET https://t.me/s/medicalrefrencess "HTTP/1.1 200 OK"
2026-05-19 09:54:32,423 INFO HTTP Request: GET https://t.me/s/medicalrefrencess?before=6299 "HTTP/1.1 200 OK"
2026-05-19 09:54:33,325 INFO HTTP Request: GET https://t.me/s/medicalrefrencess?before=6279 "HTTP/1.1 200 OK"
2026-05-19 09:54:34,366 INFO HTTP Request: GET https://t.me/s/medicalrefrencess?before=6259 "HTTP/1.1 200 OK"
2026-05-19 09:54:35,289 INFO HTTP Request: GET https://t.me/s/medicalrefrencess?before=6239 "HTTP/1.1 200 OK"
2026-05-19 09:54:36,195 INFO HTTP Request: GET https://t.me/s/medicalrefrencess?before=6219 "HTTP/1.1 200 OK"
2026-05-19 09:54:37,114 INFO HTTP Request: GET https://t.me/s/medicalrefrencess?before=6199 "HTTP/1.1 200 OK"
2026-05-19 09:54:37,968 INFO HTTP Request: GET https://t.me/s/medicalrefrencess?before=6178 "HTTP/1.1 200 OK"
2026-05-19 09:54:38,855 INFO HTTP Request: GET https://t.me/s/medicalrefrencess?before=6157 "HTTP/1.1 200 OK"
2026-05-19 09:54:39,737 INFO HTTP Request: GET https://t.me/s/medicalrefrencess?before=6137 "HTTP/1.1 200 OK"
2026-05-19 09:54:40,668 INFO HTTP Request: GET https://t.me/s/medicalrefrencess?before=6116 "HTTP/1.1 200 OK"
2026-05-19 09:54:41,578 INFO HTTP Request: GET https://t.me/s/medicalrefrencess?before=6096 "HTTP/1.1 200 OK"
2026-05-19 09:54:42,501 INFO HTTP Request: GET https://t.me/s/medicalrefrencess?before=6073 "HTTP/1.1 200 OK"
2026-05-19 09:54:43,396 INFO HTTP Request: GET https://t.me/s/medicalrefrencess?before=6050 "HTTP/1.1 200 OK"
2026-05-19 09:54:44,402 INFO HTTP Request: GET https://t.me/s/medicalrefrencess?before=6027 "HTTP/1.1 200 OK"
2026-05-19 09:54:45,295 INFO HTTP Request: GET https://t.me/s/medicalrefrencess?before=6005 "HTTP/1.1 200 OK"
2026-05-19 09:54:46,175 INFO HTTP Request: GET https://t.me/s/medicalrefrencess?before=5985 "HTTP/1.1 200 OK"
2026-05-19 09:54:47,131 INFO HTTP Request: GET https://t.me/s/medicalrefrencess?before=5965 "HTTP/1.1 200 OK"
2026-05-19 09:54:48,018 INFO HTTP Request: GET https://t.me/s/medicalrefrencess?before=5945 "HTTP/1.1 200 OK"
2026-05-19 09:54:48,916 INFO HTTP Request: GET https://t.me/s/medicalrefrencess?before=5925 "HTTP/1.1 200 OK"
2026-05-19 09:54:49,978 INFO HTTP Request: GET https://t.me/s/medicalrefrencess?before=5905 "HTTP/1.1 200 OK"
2026-05-19 09:54:50,858 INFO HTTP Request: GET https://t.me/s/medicalrefrencess?before=5884 "HTTP/1.1 200 OK"
2026-05-19 09:54:51,758 INFO HTTP Request: GET https://t.me/s/medicalrefrencess?before=5864 "HTTP/1.1 200 OK"
2026-05-19 09:54:52,738 INFO HTTP Request: GET https://t.me/s/medicalrefrencess?before=5844 "HTTP/1.1 200 OK"
2026-05-19 09:54:53,626 INFO HTTP Request: GET https://t.me/s/medicalrefrencess?before=5823 "HTTP/1.1 200 OK"
2026-05-19 09:54:54,577 INFO HTTP Request: GET https://t.me/s/medicalrefrencess?before=5803 "HTTP/1.1 200 OK"
2026-05-19 09:54:55,505 INFO HTTP Request: GET https://t.me/s/medicalrefrencess?before=5783 "HTTP/1.1 200 OK"
2026-05-19 09:54:56,339 INFO HTTP Request: GET https://t.me/s/medicalrefrencess?before=5761 "HTTP/1.1 200 OK"
2026-05-19 09:54:57,267 INFO HTTP Request: GET https://t.me/s/medicalrefrencess?before=5740 "HTTP/1.1 200 OK"
2026-05-19 09:54:58,127 INFO HTTP Request: GET https://t.me/s/medicalrefrencess?before=5720 "HTTP/1.1 200 OK"
2026-05-19 09:54:59,000 INFO HTTP Request: GET https://t.me/s/medicalrefrencess?before=5700 "HTTP/1.1 200 OK"
2026-05-19 09:54:59,989 INFO HTTP Request: GET https://t.me/s/medicalrefrencess?before=5680 "HTTP/1.1 200 OK"
2026-05-19 09:55:00,933 INFO HTTP Request: GET https://t.me/s/medicalrefrencess?before=5660 "HTTP/1.1 200 OK"
2026-05-19 09:55:01,816 INFO HTTP Request: GET https://t.me/s/medicalrefrencess?before=5640 "HTTP/1.1 200 OK"
2026-05-19 09:55:02,696 INFO HTTP Request: GET https://t.me/s/medicalrefrencess?before=5620 "HTTP/1.1 200 OK"
2026-05-19 09:55:03,639 INFO HTTP Request: GET https://t.me/s/medicalrefrencess?before=5600 "HTTP/1.1 200 OK"
2026-05-19 09:55:04,569 INFO HTTP Request: GET https://t.me/s/medicalrefrencess?before=5580 "HTTP/1.1 200 OK"
2026-05-19 09:55:05,516 INFO HTTP Request: GET https://t.me/s/medicalrefrencess?before=5559 "HTTP/1.1 200 OK"
2026-05-19 09:55:06,375 INFO HTTP Request: GET https://t.me/s/medicalrefrencess?before=5539 "HTTP/1.1 200 OK"
2026-05-19 09:55:07,415 INFO HTTP Request: GET https://t.me/s/medicalrefrencess?before=5519 "HTTP/1.1 200 OK"
2026-05-19 09:55:08,374 INFO HTTP Request: GET https://t.me/s/medicalrefrencess?before=5493 "HTTP/1.1 200 OK"
2026-05-19 09:55:09,279 INFO HTTP Request: GET https://t.me/s/medicalrefrencess?before=5469 "HTTP/1.1 200 OK"
2026-05-19 09:55:10,103 INFO HTTP Request: GET https://t.me/s/medicalrefrencess?before=5449 "HTTP/1.1 200 OK"
2026-05-19 09:55:10,893 INFO HTTP Request: GET https://t.me/s/medicalrefrencess?before=5429 "HTTP/1.1 200 OK"
2026-05-19 09:55:11,769 INFO HTTP Request: GET https://t.me/s/medicalrefrencess?before=5409 "HTTP/1.1 200 OK"
2026-05-19 09:55:12,594 INFO HTTP Request: GET https://t.me/s/medicalrefrencess?before=5383 "HTTP/1.1 200 OK"
2026-05-19 09:55:13,486 INFO HTTP Request: GET https://t.me/s/medicalrefrencess?before=5363 "HTTP/1.1 200 OK"
2026-05-19 09:55:14,360 INFO HTTP Request: GET https://t.me/s/medicalrefrencess?before=5343 "HTTP/1.1 200 OK"
2026-05-19 09:55:15,393 INFO HTTP Request: GET https://t.me/s/medicalrefrencess?before=5323 "HTTP/1.1 200 OK"
2026-05-19 09:55:16,331 INFO HTTP Request: GET https://t.me/s/medicalrefrencess?before=5300 "HTTP/1.1 200 OK"
2026-05-19 09:55:17,287 INFO HTTP Request: GET https://t.me/s/medicalrefrencess?before=5280 "HTTP/1.1 200 OK"
2026-05-19 09:55:18,229 INFO HTTP Request: GET https://t.me/s/medicalrefrencess?before=5260 "HTTP/1.1 200 OK"
2026-05-19 09:55:19,108 INFO HTTP Request: GET https://t.me/s/medicalrefrencess?before=5240 "HTTP/1.1 200 OK"
2026-05-19 09:55:20,009 INFO HTTP Request: GET https://t.me/s/medicalrefrencess?before=5220 "HTTP/1.1 200 OK"
2026-05-19 09:55:20,853 INFO HTTP Request: GET https://t.me/s/medicalrefrencess?before=5200 "HTTP/1.1 200 OK"
2026-05-19 09:55:21,764 INFO HTTP Request: GET https://t.me/s/medicalrefrencess?before=5180 "HTTP/1.1 200 OK"
2026-05-19 09:55:22,633 INFO HTTP Request: GET https://t.me/s/medicalrefrencess?before=5160 "HTTP/1.1 200 OK"
2026-05-19 09:55:23,871 INFO HTTP Request: GET https://t.me/s/medicalrefrencess?before=5140 "HTTP/1.1 200 OK"
2026-05-19 09:55:24,763 INFO HTTP Request: GET https://t.me/s/medicalrefrencess?before=5120 "HTTP/1.1 200 OK"
2026-05-19 09:55:25,712 INFO HTTP Request: GET https://t.me/s/medicalrefrencess?before=5100 "HTTP/1.1 200 OK"
2026-05-19 09:55:26,608 INFO HTTP Request: GET https://t.me/s/medicalrefrencess?before=5079 "HTTP/1.1 200 OK"
2026-05-19 09:55:27,701 INFO HTTP Request: GET https://t.me/s/medicalrefrencess?before=5059 "HTTP/1.1 200 OK"
2026-05-19 09:55:28,580 INFO HTTP Request: GET https://t.me/s/medicalrefrencess?before=5039 "HTTP/1.1 200 OK"
2026-05-19 09:55:29,497 INFO HTTP Request: GET https://t.me/s/medicalrefrencess?before=5019 "HTTP/1.1 200 OK"
2026-05-19 09:55:30,527 INFO HTTP Request: GET https://t.me/s/medicalrefrencess?before=4999 "HTTP/1.1 200 OK"
2026-05-19 09:55:31,438 INFO HTTP Request: GET https://t.me/s/medicalrefrencess?before=4979 "HTTP/1.1 200 OK"
2026-05-19 09:55:32,391 INFO HTTP Request: GET https://t.me/s/medicalrefrencess?before=4957 "HTTP/1.1 200 OK"
2026-05-19 09:55:33,392 INFO HTTP Request: GET https://t.me/s/medicalrefrencess?before=4933 "HTTP/1.1 200 OK"
2026-05-19 09:55:34,881 INFO HTTP Request: GET https://t.me/s/medicalrefrencess?before=4909 "HTTP/1.1 200 OK"
2026-05-19 09:55:35,877 INFO HTTP Request: GET https://t.me/s/medicalrefrencess?before=4872 "HTTP/1.1 200 OK"
2026-05-19 09:55:36,810 INFO HTTP Request: GET https://t.me/s/medicalrefrencess?before=4839 "HTTP/1.1 200 OK"
2026-05-19 09:55:37,721 INFO HTTP Request: GET https://t.me/s/medicalrefrencess?before=4811 "HTTP/1.1 200 OK"
2026-05-19 09:55:38,685 INFO HTTP Request: GET https://t.me/s/medicalrefrencess?before=4766 "HTTP/1.1 200 OK"
2026-05-19 09:55:39,586 INFO HTTP Request: GET https://t.me/s/medicalrefrencess?before=4744 "HTTP/1.1 200 OK"
2026-05-19 09:55:40,351 INFO HTTP Request: GET https://t.me/s/medicalrefrencess?before=4724 "HTTP/1.1 200 OK"
2026-05-19 09:55:41,334 INFO HTTP Request: GET https://t.me/s/medicalrefrencess?before=4704 "HTTP/1.1 200 OK"
2026-05-19 09:55:42,340 INFO HTTP Request: GET https://t.me/s/medicalrefrencess?before=4670 "HTTP/1.1 200 OK"
2026-05-19 09:55:43,320 INFO HTTP Request: GET https://t.me/s/medicalrefrencess?before=4619 "HTTP/1.1 200 OK"
2026-05-19 09:55:44,198 INFO HTTP Request: GET https://t.me/s/medicalrefrencess?before=4598 "HTTP/1.1 200 OK"
2026-05-19 09:55:45,102 INFO HTTP Request: GET https://t.me/s/medicalrefrencess?before=4562 "HTTP/1.1 200 OK"
2026-05-19 09:55:46,068 INFO HTTP Request: GET https://t.me/s/medicalrefrencess?before=4538 "HTTP/1.1 200 OK"
2026-05-19 09:55:46,924 INFO HTTP Request: GET https://t.me/s/medicalrefrencess?before=4506 "HTTP/1.1 200 OK"
2026-05-19 09:55:47,858 INFO HTTP Request: GET https://t.me/s/medicalrefrencess?before=4191 "HTTP/1.1 200 OK"
2026-05-19 09:55:48,700 INFO HTTP Request: GET https://t.me/s/medicalrefrencess?before=4170 "HTTP/1.1 200 OK"
2026-05-19 09:55:49,509 INFO HTTP Request: GET https://t.me/s/medicalrefrencess?before=4144 "HTTP/1.1 200 OK"
2026-05-19 09:55:50,372 INFO HTTP Request: GET https://t.me/s/medicalrefrencess?before=4119 "HTTP/1.1 200 OK"
2026-05-19 09:55:51,287 INFO HTTP Request: GET https://t.me/s/medicalrefrencess?before=4092 "HTTP/1.1 200 OK"
2026-05-19 09:55:52,238 INFO HTTP Request: GET https://t.me/s/medicalrefrencess?before=4070 "HTTP/1.1 200 OK"
2026-05-19 09:55:53,037 INFO HTTP Request: GET https://t.me/s/medicalrefrencess?before=4042 "HTTP/1.1 200 OK"
2026-05-19 09:55:53,913 INFO HTTP Request: GET https://t.me/s/medicalrefrencess?before=4019 "HTTP/1.1 200 OK"
2026-05-19 09:55:54,921 INFO HTTP Request: GET https://t.me/s/medicalrefrencess?before=3991 "HTTP/1.1 200 OK"
2026-05-19 09:55:55,779 INFO HTTP Request: GET https://t.me/s/medicalrefrencess?before=3967 "HTTP/1.1 200 OK"
2026-05-19 09:55:56,701 INFO HTTP Request: GET https://t.me/s/medicalrefrencess?before=3946 "HTTP/1.1 200 OK"
2026-05-19 09:55:57,528 INFO HTTP Request: GET https://t.me/s/medicalrefrencess?before=3920 "HTTP/1.1 200 OK"
2026-05-19 09:55:58,452 INFO HTTP Request: GET https://t.me/s/medicalrefrencess?before=3893 "HTTP/1.1 200 OK"
2026-05-19 09:55:59,381 INFO HTTP Request: GET https://t.me/s/medicalrefrencess?before=3867 "HTTP/1.1 200 OK"
2026-05-19 09:56:00,334 INFO HTTP Request: GET https://t.me/s/medicalrefrencess?before=3839 "HTTP/1.1 200 OK"
2026-05-19 09:56:01,359 INFO HTTP Request: GET https://t.me/s/medicalrefrencess?before=3819 "HTTP/1.1 200 OK"
2026-05-19 09:56:02,285 INFO HTTP Request: GET https://t.me/s/medicalrefrencess?before=3798 "HTTP/1.1 200 OK"
2026-05-19 09:56:03,210 INFO HTTP Request: GET https://t.me/s/medicalrefrencess?before=3776 "HTTP/1.1 200 OK"
2026-05-19 09:56:04,212 INFO HTTP Request: GET https://t.me/s/medicalrefrencess?before=3749 "HTTP/1.1 200 OK"
2026-05-19 09:56:05,120 INFO HTTP Request: GET https://t.me/s/medicalrefrencess?before=3724 "HTTP/1.1 200 OK"
2026-05-19 09:56:06,063 INFO HTTP Request: GET https://t.me/s/medicalrefrencess?before=3695 "HTTP/1.1 200 OK"
2026-05-19 09:56:07,005 INFO HTTP Request: GET https://t.me/s/medicalrefrencess?before=3675 "HTTP/1.1 200 OK"
2026-05-19 09:56:07,866 INFO HTTP Request: GET https://t.me/s/medicalrefrencess?before=3643 "HTTP/1.1 200 OK"
2026-05-19 09:56:08,758 INFO HTTP Request: GET https://t.me/s/medicalrefrencess?before=3620 "HTTP/1.1 200 OK"
2026-05-19 09:56:09,688 INFO HTTP Request: GET https://t.me/s/medicalrefrencess?before=3588 "HTTP/1.1 200 OK"
2026-05-19 09:56:10,635 INFO HTTP Request: GET https://t.me/s/medicalrefrencess?before=3564 "HTTP/1.1 200 OK"
2026-05-19 09:56:11,530 INFO HTTP Request: GET https://t.me/s/medicalrefrencess?before=3544 "HTTP/1.1 200 OK"
2026-05-19 09:56:12,431 INFO HTTP Request: GET https://t.me/s/medicalrefrencess?before=3518 "HTTP/1.1 200 OK"
2026-05-19 09:56:13,386 INFO HTTP Request: GET https://t.me/s/medicalrefrencess?before=3496 "HTTP/1.1 200 OK"
2026-05-19 09:56:14,244 INFO HTTP Request: GET https://t.me/s/medicalrefrencess?before=3467 "HTTP/1.1 200 OK"
2026-05-19 09:56:15,101 INFO HTTP Request: GET https://t.me/s/medicalrefrencess?before=3447 "HTTP/1.1 200 OK"
2026-05-19 09:56:15,936 INFO HTTP Request: GET https://t.me/s/medicalrefrencess?before=3427 "HTTP/1.1 200 OK"
2026-05-19 09:56:16,776 INFO HTTP Request: GET https://t.me/s/medicalrefrencess?before=3407 "HTTP/1.1 200 OK"
2026-05-19 09:56:17,587 INFO HTTP Request: GET https://t.me/s/medicalrefrencess?before=3387 "HTTP/1.1 200 OK"
2026-05-19 09:56:18,503 INFO HTTP Request: GET https://t.me/s/medicalrefrencess?before=3365 "HTTP/1.1 200 OK"
2026-05-19 09:56:19,496 INFO HTTP Request: GET https://t.me/s/medicalrefrencess?before=3343 "HTTP/1.1 200 OK"
2026-05-19 09:56:20,613 INFO HTTP Request: GET https://t.me/s/medicalrefrencess?before=3323 "HTTP/1.1 200 OK"
2026-05-19 09:56:21,626 INFO HTTP Request: GET https://t.me/s/medicalrefrencess?before=3303 "HTTP/1.1 200 OK"
2026-05-19 09:56:22,168 INFO [14/108] @medicalrefrencess posts=1971 source=tme_full_preview
2026-05-19 09:56:22,684 INFO Trying t.me/s/bscnursing ...
2026-05-19 09:56:23,507 INFO HTTP Request: GET https://t.me/s/bscnursing "HTTP/1.1 302 Found"
2026-05-19 09:56:23,787 INFO HTTP Request: GET https://t.me/bscnursing "HTTP/1.1 200 OK"
2026-05-19 09:56:23,787 INFO TGStat sample for bscnursing (no public preview)
2026-05-19 09:56:25,575 INFO HTTP Request: GET https://tgstat.com/channel/@bscnursing "HTTP/1.1 404 Not Found"
2026-05-19 09:56:26,283 INFO HTTP Request: GET https://tgstat.com/channel/@bscnursing "HTTP/1.1 404 Not Found"
2026-05-19 09:56:26,965 INFO HTTP Request: GET https://tgstat.com/channel/@Bscnursing "HTTP/1.1 404 Not Found"
2026-05-19 09:56:27,335 INFO [15/108] @bscnursing posts=0 source=no_public_data
2026-05-19 09:56:27,851 INFO Trying t.me/s/imd_app ...
2026-05-19 09:56:28,987 INFO HTTP Request: GET https://t.me/s/imd_app "HTTP/1.1 200 OK"
2026-05-19 09:56:29,976 INFO HTTP Request: GET https://t.me/s/imd_app?before=400 "HTTP/1.1 200 OK"
2026-05-19 09:56:30,992 INFO HTTP Request: GET https://t.me/s/imd_app?before=379 "HTTP/1.1 200 OK"
2026-05-19 09:56:31,984 INFO HTTP Request: GET https://t.me/s/imd_app?before=347 "HTTP/1.1 200 OK"
2026-05-19 09:56:32,976 INFO HTTP Request: GET https://t.me/s/imd_app?before=326 "HTTP/1.1 200 OK"
2026-05-19 09:56:33,838 INFO HTTP Request: GET https://t.me/s/imd_app?before=1 "HTTP/1.1 200 OK"
2026-05-19 09:56:33,861 INFO [16/108] @imd_app posts=97 source=tme_full_preview
2026-05-19 09:56:34,367 INFO Trying t.me/s/pharmabookscollection ...
2026-05-19 09:56:35,199 INFO HTTP Request: GET https://t.me/s/pharmabookscollection "HTTP/1.1 302 Found"
2026-05-19 09:56:35,477 INFO HTTP Request: GET https://t.me/pharmabookscollection "HTTP/1.1 200 OK"
2026-05-19 09:56:35,477 INFO TGStat sample for pharmabookscollection (no public preview)
2026-05-19 09:56:37,378 INFO HTTP Request: GET https://tgstat.com/channel/@pharmabookscollection "HTTP/1.1 200 OK"
2026-05-19 09:56:37,836 INFO [17/108] @pharmabookscollection posts=3 source=tgstat_sample
2026-05-19 09:56:38,351 INFO Trying t.me/s/fisioterapiaykinesiologia ...
2026-05-19 09:56:39,142 INFO HTTP Request: GET https://t.me/s/fisioterapiaykinesiologia "HTTP/1.1 302 Found"
2026-05-19 09:56:39,422 INFO HTTP Request: GET https://t.me/fisioterapiaykinesiologia "HTTP/1.1 200 OK"
2026-05-19 09:56:39,424 INFO TGStat sample for fisioterapiaykinesiologia (no public preview)
2026-05-19 09:56:40,117 INFO HTTP Request: GET https://tgstat.com/channel/@fisioterapiaykinesiologia "HTTP/1.1 404 Not Found"
2026-05-19 09:56:41,238 INFO HTTP Request: GET https://tgstat.com/channel/@fisioterapiaykinesiologia "HTTP/1.1 404 Not Found"
2026-05-19 09:56:41,934 INFO HTTP Request: GET https://tgstat.com/channel/@Fisioterapiaykinesiologia "HTTP/1.1 404 Not Found"
2026-05-19 09:56:42,300 INFO [18/108] @fisioterapiaykinesiologia posts=0 source=no_public_data
2026-05-19 09:56:42,815 INFO Trying t.me/s/medical_patna ...
2026-05-19 09:56:43,918 INFO HTTP Request: GET https://t.me/s/medical_patna "HTTP/1.1 200 OK"
2026-05-19 09:56:44,699 INFO HTTP Request: GET https://t.me/s/medical_patna?before=6636 "HTTP/1.1 200 OK"
2026-05-19 09:56:45,451 INFO HTTP Request: GET https://t.me/s/medical_patna?before=6616 "HTTP/1.1 200 OK"
2026-05-19 09:56:46,410 INFO HTTP Request: GET https://t.me/s/medical_patna?before=6596 "HTTP/1.1 200 OK"
2026-05-19 09:56:47,268 INFO HTTP Request: GET https://t.me/s/medical_patna?before=6576 "HTTP/1.1 200 OK"
2026-05-19 09:56:48,241 INFO HTTP Request: GET https://t.me/s/medical_patna?before=6556 "HTTP/1.1 200 OK"
2026-05-19 09:56:49,228 INFO HTTP Request: GET https://t.me/s/medical_patna?before=6533 "HTTP/1.1 200 OK"
2026-05-19 09:56:50,156 INFO HTTP Request: GET https://t.me/s/medical_patna?before=6513 "HTTP/1.1 200 OK"
2026-05-19 09:56:51,130 INFO HTTP Request: GET https://t.me/s/medical_patna?before=6466 "HTTP/1.1 200 OK"
2026-05-19 09:56:52,068 INFO HTTP Request: GET https://t.me/s/medical_patna?before=6442 "HTTP/1.1 200 OK"
2026-05-19 09:56:53,086 INFO HTTP Request: GET https://t.me/s/medical_patna?before=6420 "HTTP/1.1 200 OK"
2026-05-19 09:56:53,937 INFO HTTP Request: GET https://t.me/s/medical_patna?before=6382 "HTTP/1.1 200 OK"
2026-05-19 09:56:54,788 INFO HTTP Request: GET https://t.me/s/medical_patna?before=6359 "HTTP/1.1 200 OK"
2026-05-19 09:56:55,763 INFO HTTP Request: GET https://t.me/s/medical_patna?before=6336 "HTTP/1.1 200 OK"
2026-05-19 09:56:56,657 INFO HTTP Request: GET https://t.me/s/medical_patna?before=6316 "HTTP/1.1 200 OK"
2026-05-19 09:56:57,506 INFO HTTP Request: GET https://t.me/s/medical_patna?before=6296 "HTTP/1.1 200 OK"
2026-05-19 09:56:58,471 INFO HTTP Request: GET https://t.me/s/medical_patna?before=6276 "HTTP/1.1 200 OK"
2026-05-19 09:56:59,285 INFO HTTP Request: GET https://t.me/s/medical_patna?before=6256 "HTTP/1.1 200 OK"
2026-05-19 09:57:00,230 INFO HTTP Request: GET https://t.me/s/medical_patna?before=6236 "HTTP/1.1 200 OK"
2026-05-19 09:57:01,076 INFO HTTP Request: GET https://t.me/s/medical_patna?before=6216 "HTTP/1.1 200 OK"
2026-05-19 09:57:01,978 INFO HTTP Request: GET https://t.me/s/medical_patna?before=6196 "HTTP/1.1 200 OK"
2026-05-19 09:57:02,931 INFO HTTP Request: GET https://t.me/s/medical_patna?before=6174 "HTTP/1.1 200 OK"
2026-05-19 09:57:03,862 INFO HTTP Request: GET https://t.me/s/medical_patna?before=6154 "HTTP/1.1 200 OK"
2026-05-19 09:57:04,805 INFO HTTP Request: GET https://t.me/s/medical_patna?before=6134 "HTTP/1.1 200 OK"
2026-05-19 09:57:05,762 INFO HTTP Request: GET https://t.me/s/medical_patna?before=6114 "HTTP/1.1 200 OK"
2026-05-19 09:57:06,752 INFO HTTP Request: GET https://t.me/s/medical_patna?before=6094 "HTTP/1.1 200 OK"
2026-05-19 09:57:07,810 INFO HTTP Request: GET https://t.me/s/medical_patna?before=6074 "HTTP/1.1 200 OK"
2026-05-19 09:57:08,768 INFO HTTP Request: GET https://t.me/s/medical_patna?before=6054 "HTTP/1.1 200 OK"
2026-05-19 09:57:09,792 INFO HTTP Request: GET https://t.me/s/medical_patna?before=6034 "HTTP/1.1 200 OK"
2026-05-19 09:57:10,817 INFO HTTP Request: GET https://t.me/s/medical_patna?before=6008 "HTTP/1.1 200 OK"
2026-05-19 09:57:11,806 INFO HTTP Request: GET https://t.me/s/medical_patna?before=5987 "HTTP/1.1 200 OK"
2026-05-19 09:57:12,806 INFO HTTP Request: GET https://t.me/s/medical_patna?before=5964 "HTTP/1.1 200 OK"
2026-05-19 09:57:13,771 INFO HTTP Request: GET https://t.me/s/medical_patna?before=5944 "HTTP/1.1 200 OK"
2026-05-19 09:57:14,770 INFO HTTP Request: GET https://t.me/s/medical_patna?before=5924 "HTTP/1.1 200 OK"
2026-05-19 09:57:15,655 INFO HTTP Request: GET https://t.me/s/medical_patna?before=5904 "HTTP/1.1 200 OK"
2026-05-19 09:57:16,468 INFO HTTP Request: GET https://t.me/s/medical_patna?before=5877 "HTTP/1.1 200 OK"
2026-05-19 09:57:17,356 INFO HTTP Request: GET https://t.me/s/medical_patna?before=5857 "HTTP/1.1 200 OK"
2026-05-19 09:57:18,135 INFO HTTP Request: GET https://t.me/s/medical_patna?before=5837 "HTTP/1.1 200 OK"
2026-05-19 09:57:18,958 INFO HTTP Request: GET https://t.me/s/medical_patna?before=5817 "HTTP/1.1 200 OK"
2026-05-19 09:57:19,942 INFO HTTP Request: GET https://t.me/s/medical_patna?before=5797 "HTTP/1.1 200 OK"
2026-05-19 09:57:20,947 INFO HTTP Request: GET https://t.me/s/medical_patna?before=5777 "HTTP/1.1 200 OK"
2026-05-19 09:57:21,913 INFO HTTP Request: GET https://t.me/s/medical_patna?before=5757 "HTTP/1.1 200 OK"
2026-05-19 09:57:22,887 INFO HTTP Request: GET https://t.me/s/medical_patna?before=5737 "HTTP/1.1 200 OK"
2026-05-19 09:57:23,890 INFO HTTP Request: GET https://t.me/s/medical_patna?before=5717 "HTTP/1.1 200 OK"
2026-05-19 09:57:24,878 INFO HTTP Request: GET https://t.me/s/medical_patna?before=5697 "HTTP/1.1 200 OK"
2026-05-19 09:57:25,685 INFO HTTP Request: GET https://t.me/s/medical_patna?before=5676 "HTTP/1.1 200 OK"
2026-05-19 09:57:26,438 INFO HTTP Request: GET https://t.me/s/medical_patna?before=5652 "HTTP/1.1 200 OK"
2026-05-19 09:57:27,174 INFO HTTP Request: GET https://t.me/s/medical_patna?before=5611 "HTTP/1.1 200 OK"
2026-05-19 09:57:28,004 INFO HTTP Request: GET https://t.me/s/medical_patna?before=5591 "HTTP/1.1 200 OK"
2026-05-19 09:57:28,995 INFO HTTP Request: GET https://t.me/s/medical_patna?before=5571 "HTTP/1.1 200 OK"
2026-05-19 09:57:29,962 INFO HTTP Request: GET https://t.me/s/medical_patna?before=5551 "HTTP/1.1 200 OK"
2026-05-19 09:57:30,957 INFO HTTP Request: GET https://t.me/s/medical_patna?before=5531 "HTTP/1.1 200 OK"
2026-05-19 09:57:31,994 INFO HTTP Request: GET https://t.me/s/medical_patna?before=5511 "HTTP/1.1 200 OK"
2026-05-19 09:57:33,001 INFO HTTP Request: GET https://t.me/s/medical_patna?before=5491 "HTTP/1.1 200 OK"
2026-05-19 09:57:34,022 INFO HTTP Request: GET https://t.me/s/medical_patna?before=5471 "HTTP/1.1 200 OK"
2026-05-19 09:57:34,903 INFO HTTP Request: GET https://t.me/s/medical_patna?before=5450 "HTTP/1.1 200 OK"
2026-05-19 09:57:35,853 INFO HTTP Request: GET https://t.me/s/medical_patna?before=5426 "HTTP/1.1 200 OK"
2026-05-19 09:57:36,859 INFO HTTP Request: GET https://t.me/s/medical_patna?before=5406 "HTTP/1.1 200 OK"
2026-05-19 09:57:37,874 INFO HTTP Request: GET https://t.me/s/medical_patna?before=5386 "HTTP/1.1 200 OK"
2026-05-19 09:57:38,872 INFO HTTP Request: GET https://t.me/s/medical_patna?before=5366 "HTTP/1.1 200 OK"
2026-05-19 09:57:39,881 INFO HTTP Request: GET https://t.me/s/medical_patna?before=5344 "HTTP/1.1 200 OK"
2026-05-19 09:57:40,864 INFO HTTP Request: GET https://t.me/s/medical_patna?before=5324 "HTTP/1.1 200 OK"
2026-05-19 09:57:41,823 INFO HTTP Request: GET https://t.me/s/medical_patna?before=5304 "HTTP/1.1 200 OK"
2026-05-19 09:57:42,804 INFO HTTP Request: GET https://t.me/s/medical_patna?before=5284 "HTTP/1.1 200 OK"
2026-05-19 09:57:43,663 INFO HTTP Request: GET https://t.me/s/medical_patna?before=5264 "HTTP/1.1 200 OK"
2026-05-19 09:57:44,671 INFO HTTP Request: GET https://t.me/s/medical_patna?before=5244 "HTTP/1.1 200 OK"
2026-05-19 09:57:45,628 INFO HTTP Request: GET https://t.me/s/medical_patna?before=5224 "HTTP/1.1 200 OK"
2026-05-19 09:57:46,758 INFO HTTP Request: GET https://t.me/s/medical_patna?before=5204 "HTTP/1.1 200 OK"
2026-05-19 09:57:47,605 INFO HTTP Request: GET https://t.me/s/medical_patna?before=5184 "HTTP/1.1 200 OK"
2026-05-19 09:57:48,449 INFO HTTP Request: GET https://t.me/s/medical_patna?before=5164 "HTTP/1.1 200 OK"
2026-05-19 09:57:49,386 INFO HTTP Request: GET https://t.me/s/medical_patna?before=5144 "HTTP/1.1 200 OK"
2026-05-19 09:57:50,202 INFO HTTP Request: GET https://t.me/s/medical_patna?before=5124 "HTTP/1.1 200 OK"
2026-05-19 09:57:51,132 INFO HTTP Request: GET https://t.me/s/medical_patna?before=5104 "HTTP/1.1 200 OK"
2026-05-19 09:57:52,064 INFO HTTP Request: GET https://t.me/s/medical_patna?before=5081 "HTTP/1.1 200 OK"
2026-05-19 09:57:53,029 INFO HTTP Request: GET https://t.me/s/medical_patna?before=5061 "HTTP/1.1 200 OK"
2026-05-19 09:57:53,952 INFO HTTP Request: GET https://t.me/s/medical_patna?before=5041 "HTTP/1.1 200 OK"
2026-05-19 09:57:54,812 INFO HTTP Request: GET https://t.me/s/medical_patna?before=5019 "HTTP/1.1 200 OK"
2026-05-19 09:57:55,675 INFO HTTP Request: GET https://t.me/s/medical_patna?before=4994 "HTTP/1.1 200 OK"
2026-05-19 09:57:56,499 INFO HTTP Request: GET https://t.me/s/medical_patna?before=4974 "HTTP/1.1 200 OK"
2026-05-19 09:57:57,282 INFO HTTP Request: GET https://t.me/s/medical_patna?before=4947 "HTTP/1.1 200 OK"
2026-05-19 09:57:58,149 INFO HTTP Request: GET https://t.me/s/medical_patna?before=4927 "HTTP/1.1 200 OK"
2026-05-19 09:57:59,071 INFO HTTP Request: GET https://t.me/s/medical_patna?before=4907 "HTTP/1.1 200 OK"
2026-05-19 09:57:59,821 INFO HTTP Request: GET https://t.me/s/medical_patna?before=4887 "HTTP/1.1 200 OK"
2026-05-19 09:58:00,819 INFO HTTP Request: GET https://t.me/s/medical_patna?before=4867 "HTTP/1.1 200 OK"
2026-05-19 09:58:01,810 INFO HTTP Request: GET https://t.me/s/medical_patna?before=4847 "HTTP/1.1 200 OK"
2026-05-19 09:58:02,608 INFO HTTP Request: GET https://t.me/s/medical_patna?before=4826 "HTTP/1.1 200 OK"
2026-05-19 09:58:03,491 INFO HTTP Request: GET https://t.me/s/medical_patna?before=4800 "HTTP/1.1 200 OK"
2026-05-19 09:58:04,366 INFO HTTP Request: GET https://t.me/s/medical_patna?before=4780 "HTTP/1.1 200 OK"
2026-05-19 09:58:05,362 INFO HTTP Request: GET https://t.me/s/medical_patna?before=4760 "HTTP/1.1 200 OK"
2026-05-19 09:58:06,163 INFO HTTP Request: GET https://t.me/s/medical_patna?before=4738 "HTTP/1.1 200 OK"
2026-05-19 09:58:07,218 INFO HTTP Request: GET https://t.me/s/medical_patna?before=4717 "HTTP/1.1 200 OK"
2026-05-19 09:58:08,010 INFO HTTP Request: GET https://t.me/s/medical_patna?before=4697 "HTTP/1.1 200 OK"
2026-05-19 09:58:09,006 INFO HTTP Request: GET https://t.me/s/medical_patna?before=4676 "HTTP/1.1 200 OK"
2026-05-19 09:58:09,898 INFO HTTP Request: GET https://t.me/s/medical_patna?before=4655 "HTTP/1.1 200 OK"
2026-05-19 09:58:10,681 INFO HTTP Request: GET https://t.me/s/medical_patna?before=4635 "HTTP/1.1 200 OK"
2026-05-19 09:58:11,438 INFO HTTP Request: GET https://t.me/s/medical_patna?before=4615 "HTTP/1.1 200 OK"
2026-05-19 09:58:12,311 INFO HTTP Request: GET https://t.me/s/medical_patna?before=4590 "HTTP/1.1 200 OK"
2026-05-19 09:58:13,525 INFO HTTP Request: GET https://t.me/s/medical_patna?before=4570 "HTTP/1.1 200 OK"
2026-05-19 09:58:14,507 INFO HTTP Request: GET https://t.me/s/medical_patna?before=4548 "HTTP/1.1 200 OK"
2026-05-19 09:58:15,552 INFO HTTP Request: GET https://t.me/s/medical_patna?before=4528 "HTTP/1.1 200 OK"
2026-05-19 09:58:16,498 INFO HTTP Request: GET https://t.me/s/medical_patna?before=4508 "HTTP/1.1 200 OK"
2026-05-19 09:58:17,404 INFO HTTP Request: GET https://t.me/s/medical_patna?before=4488 "HTTP/1.1 200 OK"
2026-05-19 09:58:18,405 INFO HTTP Request: GET https://t.me/s/medical_patna?before=4467 "HTTP/1.1 200 OK"
2026-05-19 09:58:19,244 INFO HTTP Request: GET https://t.me/s/medical_patna?before=4447 "HTTP/1.1 200 OK"
2026-05-19 09:58:20,145 INFO HTTP Request: GET https://t.me/s/medical_patna?before=4427 "HTTP/1.1 200 OK"
2026-05-19 09:58:21,036 INFO HTTP Request: GET https://t.me/s/medical_patna?before=4407 "HTTP/1.1 200 OK"
2026-05-19 09:58:21,791 INFO HTTP Request: GET https://t.me/s/medical_patna?before=4387 "HTTP/1.1 200 OK"
2026-05-19 09:58:22,571 INFO HTTP Request: GET https://t.me/s/medical_patna?before=4367 "HTTP/1.1 200 OK"
2026-05-19 09:58:23,345 INFO HTTP Request: GET https://t.me/s/medical_patna?before=4347 "HTTP/1.1 200 OK"
2026-05-19 09:58:24,309 INFO HTTP Request: GET https://t.me/s/medical_patna?before=4327 "HTTP/1.1 200 OK"
2026-05-19 09:58:25,308 INFO HTTP Request: GET https://t.me/s/medical_patna?before=4307 "HTTP/1.1 200 OK"
2026-05-19 09:58:26,208 INFO HTTP Request: GET https://t.me/s/medical_patna?before=4286 "HTTP/1.1 200 OK"
2026-05-19 09:58:26,998 INFO HTTP Request: GET https://t.me/s/medical_patna?before=4266 "HTTP/1.1 200 OK"
2026-05-19 09:58:27,760 INFO HTTP Request: GET https://t.me/s/medical_patna?before=4246 "HTTP/1.1 200 OK"
2026-05-19 09:58:28,627 INFO HTTP Request: GET https://t.me/s/medical_patna?before=4226 "HTTP/1.1 200 OK"
2026-05-19 09:58:29,392 INFO HTTP Request: GET https://t.me/s/medical_patna?before=4206 "HTTP/1.1 200 OK"
2026-05-19 09:58:30,161 INFO HTTP Request: GET https://t.me/s/medical_patna?before=4186 "HTTP/1.1 200 OK"
2026-05-19 09:58:30,946 INFO HTTP Request: GET https://t.me/s/medical_patna?before=4166 "HTTP/1.1 200 OK"
2026-05-19 09:58:31,729 INFO HTTP Request: GET https://t.me/s/medical_patna?before=4145 "HTTP/1.1 200 OK"
2026-05-19 09:58:32,528 INFO HTTP Request: GET https://t.me/s/medical_patna?before=4106 "HTTP/1.1 200 OK"
2026-05-19 09:58:33,048 INFO [19/108] @medical_patna posts=2233 source=tme_full_preview
2026-05-19 09:58:33,556 INFO Trying t.me/s/pathologybooks ...
2026-05-19 09:58:34,358 INFO HTTP Request: GET https://t.me/s/pathologybooks "HTTP/1.1 302 Found"
2026-05-19 09:58:34,633 INFO HTTP Request: GET https://t.me/pathologybooks "HTTP/1.1 200 OK"
2026-05-19 09:58:34,635 INFO TGStat sample for pathologybooks (no public preview)
2026-05-19 09:58:36,283 INFO HTTP Request: GET https://tgstat.com/channel/@pathologybooks "HTTP/1.1 404 Not Found"
2026-05-19 09:58:37,036 INFO HTTP Request: GET https://tgstat.com/channel/@pathologybooks "HTTP/1.1 404 Not Found"
2026-05-19 09:58:37,789 INFO HTTP Request: GET https://tgstat.com/channel/@Pathologybooks "HTTP/1.1 404 Not Found"
2026-05-19 09:58:38,155 INFO [20/108] @pathologybooks posts=0 source=no_public_data
2026-05-19 09:58:38,669 INFO [21/108] skip @medicalbooksstorea (cached)
2026-05-19 09:58:38,670 INFO Trying t.me/s/entvideos ...
2026-05-19 09:58:39,637 INFO HTTP Request: GET https://t.me/s/entvideos "HTTP/1.1 200 OK"
2026-05-19 09:58:40,566 INFO HTTP Request: GET https://t.me/s/entvideos?before=1053 "HTTP/1.1 200 OK"
2026-05-19 09:58:41,428 INFO HTTP Request: GET https://t.me/s/entvideos?before=1016 "HTTP/1.1 200 OK"
2026-05-19 09:58:42,279 INFO HTTP Request: GET https://t.me/s/entvideos?before=986 "HTTP/1.1 200 OK"
2026-05-19 09:58:43,148 INFO HTTP Request: GET https://t.me/s/entvideos?before=966 "HTTP/1.1 200 OK"
2026-05-19 09:58:44,106 INFO HTTP Request: GET https://t.me/s/entvideos?before=946 "HTTP/1.1 200 OK"
2026-05-19 09:58:44,990 INFO HTTP Request: GET https://t.me/s/entvideos?before=926 "HTTP/1.1 200 OK"
2026-05-19 09:58:45,845 INFO HTTP Request: GET https://t.me/s/entvideos?before=906 "HTTP/1.1 200 OK"
2026-05-19 09:58:46,728 INFO HTTP Request: GET https://t.me/s/entvideos?before=886 "HTTP/1.1 200 OK"
2026-05-19 09:58:47,608 INFO HTTP Request: GET https://t.me/s/entvideos?before=866 "HTTP/1.1 200 OK"
2026-05-19 09:58:48,905 INFO HTTP Request: GET https://t.me/s/entvideos?before=846 "HTTP/1.1 200 OK"
2026-05-19 09:58:49,801 INFO HTTP Request: GET https://t.me/s/entvideos?before=826 "HTTP/1.1 200 OK"
2026-05-19 09:58:50,760 INFO HTTP Request: GET https://t.me/s/entvideos?before=806 "HTTP/1.1 200 OK"
2026-05-19 09:58:51,630 INFO HTTP Request: GET https://t.me/s/entvideos?before=786 "HTTP/1.1 200 OK"
2026-05-19 09:58:52,567 INFO HTTP Request: GET https://t.me/s/entvideos?before=766 "HTTP/1.1 200 OK"
2026-05-19 09:58:53,443 INFO HTTP Request: GET https://t.me/s/entvideos?before=746 "HTTP/1.1 200 OK"
2026-05-19 09:58:54,330 INFO HTTP Request: GET https://t.me/s/entvideos?before=723 "HTTP/1.1 200 OK"
2026-05-19 09:58:55,309 INFO HTTP Request: GET https://t.me/s/entvideos?before=702 "HTTP/1.1 200 OK"
2026-05-19 09:58:56,174 INFO HTTP Request: GET https://t.me/s/entvideos?before=677 "HTTP/1.1 200 OK"
2026-05-19 09:58:57,031 INFO HTTP Request: GET https://t.me/s/entvideos?before=654 "HTTP/1.1 200 OK"
2026-05-19 09:58:57,966 INFO HTTP Request: GET https://t.me/s/entvideos?before=629 "HTTP/1.1 200 OK"
2026-05-19 09:58:58,842 INFO HTTP Request: GET https://t.me/s/entvideos?before=606 "HTTP/1.1 200 OK"
2026-05-19 09:58:59,730 INFO HTTP Request: GET https://t.me/s/entvideos?before=583 "HTTP/1.1 200 OK"
2026-05-19 09:59:00,644 INFO HTTP Request: GET https://t.me/s/entvideos?before=558 "HTTP/1.1 200 OK"
2026-05-19 09:59:01,618 INFO HTTP Request: GET https://t.me/s/entvideos?before=530 "HTTP/1.1 200 OK"
2026-05-19 09:59:02,563 INFO HTTP Request: GET https://t.me/s/entvideos?before=506 "HTTP/1.1 200 OK"
2026-05-19 09:59:03,432 INFO HTTP Request: GET https://t.me/s/entvideos?before=483 "HTTP/1.1 200 OK"
2026-05-19 09:59:04,315 INFO HTTP Request: GET https://t.me/s/entvideos?before=452 "HTTP/1.1 200 OK"
2026-05-19 09:59:05,127 INFO HTTP Request: GET https://t.me/s/entvideos?before=424 "HTTP/1.1 200 OK"
2026-05-19 09:59:05,958 INFO HTTP Request: GET https://t.me/s/entvideos?before=386 "HTTP/1.1 200 OK"
2026-05-19 09:59:06,824 INFO HTTP Request: GET https://t.me/s/entvideos?before=356 "HTTP/1.1 200 OK"
2026-05-19 09:59:07,683 INFO HTTP Request: GET https://t.me/s/entvideos?before=115 "HTTP/1.1 200 OK"
2026-05-19 09:59:08,485 INFO HTTP Request: GET https://t.me/s/entvideos?before=83 "HTTP/1.1 200 OK"
2026-05-19 09:59:09,194 INFO HTTP Request: GET https://t.me/s/entvideos?before=1 "HTTP/1.1 200 OK"
2026-05-19 09:59:09,231 INFO [22/108] @entvideos posts=645 source=tme_full_preview
2026-05-19 09:59:09,742 INFO Refreshing cache for @freesurgerybooks28 (posts=10 ebooks=10)
2026-05-19 09:59:09,744 INFO Trying t.me/s/freesurgerybooks28 ...
2026-05-19 09:59:10,643 INFO HTTP Request: GET https://t.me/s/freesurgerybooks28 "HTTP/1.1 302 Found"
2026-05-19 09:59:10,922 INFO HTTP Request: GET https://t.me/freesurgerybooks28 "HTTP/1.1 200 OK"
2026-05-19 09:59:10,924 INFO TGStat sample for freesurgerybooks28 (no public preview)
2026-05-19 09:59:13,347 INFO HTTP Request: GET https://tgstat.com/channel/@freesurgerybooks28 "HTTP/1.1 200 OK"
2026-05-19 09:59:13,777 INFO [23/108] @freesurgerybooks28 posts=10 source=tgstat_sample
2026-05-19 09:59:14,291 INFO Trying t.me/s/sdgtbookstore ...
2026-05-19 09:59:15,394 INFO HTTP Request: GET https://t.me/s/sdgtbookstore "HTTP/1.1 200 OK"
2026-05-19 09:59:16,327 INFO HTTP Request: GET https://t.me/s/sdgtbookstore?before=4590 "HTTP/1.1 200 OK"
2026-05-19 09:59:17,216 INFO HTTP Request: GET https://t.me/s/sdgtbookstore?before=4568 "HTTP/1.1 200 OK"
2026-05-19 09:59:18,072 INFO HTTP Request: GET https://t.me/s/sdgtbookstore?before=4548 "HTTP/1.1 200 OK"
2026-05-19 09:59:18,972 INFO HTTP Request: GET https://t.me/s/sdgtbookstore?before=4528 "HTTP/1.1 200 OK"
2026-05-19 09:59:19,867 INFO HTTP Request: GET https://t.me/s/sdgtbookstore?before=4508 "HTTP/1.1 200 OK"
2026-05-19 09:59:20,829 INFO HTTP Request: GET https://t.me/s/sdgtbookstore?before=4482 "HTTP/1.1 200 OK"
2026-05-19 09:59:21,780 INFO HTTP Request: GET https://t.me/s/sdgtbookstore?before=4460 "HTTP/1.1 200 OK"
2026-05-19 09:59:22,721 INFO HTTP Request: GET https://t.me/s/sdgtbookstore?before=4430 "HTTP/1.1 200 OK"
2026-05-19 09:59:23,701 INFO HTTP Request: GET https://t.me/s/sdgtbookstore?before=4409 "HTTP/1.1 200 OK"
2026-05-19 09:59:24,649 INFO HTTP Request: GET https://t.me/s/sdgtbookstore?before=4387 "HTTP/1.1 200 OK"
2026-05-19 09:59:25,549 INFO HTTP Request: GET https://t.me/s/sdgtbookstore?before=4367 "HTTP/1.1 200 OK"
2026-05-19 09:59:26,420 INFO HTTP Request: GET https://t.me/s/sdgtbookstore?before=4342 "HTTP/1.1 200 OK"
2026-05-19 09:59:27,241 INFO HTTP Request: GET https://t.me/s/sdgtbookstore?before=4321 "HTTP/1.1 200 OK"
2026-05-19 09:59:28,233 INFO HTTP Request: GET https://t.me/s/sdgtbookstore?before=4300 "HTTP/1.1 200 OK"
2026-05-19 09:59:29,166 INFO HTTP Request: GET https://t.me/s/sdgtbookstore?before=4280 "HTTP/1.1 200 OK"
2026-05-19 09:59:30,048 INFO HTTP Request: GET https://t.me/s/sdgtbookstore?before=4260 "HTTP/1.1 200 OK"
2026-05-19 09:59:30,936 INFO HTTP Request: GET https://t.me/s/sdgtbookstore?before=4240 "HTTP/1.1 200 OK"
2026-05-19 09:59:31,826 INFO HTTP Request: GET https://t.me/s/sdgtbookstore?before=4220 "HTTP/1.1 200 OK"
2026-05-19 09:59:32,679 INFO HTTP Request: GET https://t.me/s/sdgtbookstore?before=4197 "HTTP/1.1 200 OK"
2026-05-19 09:59:33,511 INFO HTTP Request: GET https://t.me/s/sdgtbookstore?before=4174 "HTTP/1.1 200 OK"
2026-05-19 09:59:34,352 INFO HTTP Request: GET https://t.me/s/sdgtbookstore?before=4154 "HTTP/1.1 200 OK"
2026-05-19 09:59:35,206 INFO HTTP Request: GET https://t.me/s/sdgtbookstore?before=4133 "HTTP/1.1 200 OK"
2026-05-19 09:59:36,082 INFO HTTP Request: GET https://t.me/s/sdgtbookstore?before=4111 "HTTP/1.1 200 OK"
2026-05-19 09:59:36,898 INFO HTTP Request: GET https://t.me/s/sdgtbookstore?before=4091 "HTTP/1.1 200 OK"
2026-05-19 09:59:37,726 INFO HTTP Request: GET https://t.me/s/sdgtbookstore?before=4071 "HTTP/1.1 200 OK"
2026-05-19 09:59:38,525 INFO HTTP Request: GET https://t.me/s/sdgtbookstore?before=4050 "HTTP/1.1 200 OK"
2026-05-19 09:59:39,351 INFO HTTP Request: GET https://t.me/s/sdgtbookstore?before=4030 "HTTP/1.1 200 OK"
2026-05-19 09:59:40,324 INFO HTTP Request: GET https://t.me/s/sdgtbookstore?before=4010 "HTTP/1.1 200 OK"
2026-05-19 09:59:41,142 INFO HTTP Request: GET https://t.me/s/sdgtbookstore?before=3987 "HTTP/1.1 200 OK"
2026-05-19 09:59:41,942 INFO HTTP Request: GET https://t.me/s/sdgtbookstore?before=3965 "HTTP/1.1 200 OK"
2026-05-19 09:59:42,751 INFO HTTP Request: GET https://t.me/s/sdgtbookstore?before=3943 "HTTP/1.1 200 OK"
2026-05-19 09:59:43,554 INFO HTTP Request: GET https://t.me/s/sdgtbookstore?before=3923 "HTTP/1.1 200 OK"
2026-05-19 09:59:44,367 INFO HTTP Request: GET https://t.me/s/sdgtbookstore?before=3901 "HTTP/1.1 200 OK"
2026-05-19 09:59:45,170 INFO HTTP Request: GET https://t.me/s/sdgtbookstore?before=3878 "HTTP/1.1 200 OK"
2026-05-19 09:59:46,006 INFO HTTP Request: GET https://t.me/s/sdgtbookstore?before=3857 "HTTP/1.1 200 OK"
2026-05-19 09:59:46,843 INFO HTTP Request: GET https://t.me/s/sdgtbookstore?before=3837 "HTTP/1.1 200 OK"
2026-05-19 09:59:47,698 INFO HTTP Request: GET https://t.me/s/sdgtbookstore?before=3816 "HTTP/1.1 200 OK"
2026-05-19 09:59:48,581 INFO HTTP Request: GET https://t.me/s/sdgtbookstore?before=3796 "HTTP/1.1 200 OK"
2026-05-19 09:59:49,421 INFO HTTP Request: GET https://t.me/s/sdgtbookstore?before=3773 "HTTP/1.1 200 OK"
2026-05-19 09:59:50,225 INFO HTTP Request: GET https://t.me/s/sdgtbookstore?before=3753 "HTTP/1.1 200 OK"
2026-05-19 09:59:51,036 INFO HTTP Request: GET https://t.me/s/sdgtbookstore?before=3733 "HTTP/1.1 200 OK"
2026-05-19 09:59:51,851 INFO HTTP Request: GET https://t.me/s/sdgtbookstore?before=3713 "HTTP/1.1 200 OK"
2026-05-19 09:59:52,675 INFO HTTP Request: GET https://t.me/s/sdgtbookstore?before=3692 "HTTP/1.1 200 OK"
2026-05-19 09:59:53,502 INFO HTTP Request: GET https://t.me/s/sdgtbookstore?before=3669 "HTTP/1.1 200 OK"
2026-05-19 09:59:54,396 INFO HTTP Request: GET https://t.me/s/sdgtbookstore?before=3648 "HTTP/1.1 200 OK"
2026-05-19 09:59:55,218 INFO HTTP Request: GET https://t.me/s/sdgtbookstore?before=3628 "HTTP/1.1 200 OK"
2026-05-19 09:59:56,016 INFO HTTP Request: GET https://t.me/s/sdgtbookstore?before=3608 "HTTP/1.1 200 OK"
2026-05-19 09:59:56,863 INFO HTTP Request: GET https://t.me/s/sdgtbookstore?before=3585 "HTTP/1.1 200 OK"
2026-05-19 09:59:57,667 INFO HTTP Request: GET https://t.me/s/sdgtbookstore?before=3559 "HTTP/1.1 200 OK"
2026-05-19 09:59:58,478 INFO HTTP Request: GET https://t.me/s/sdgtbookstore?before=3536 "HTTP/1.1 200 OK"
2026-05-19 09:59:59,295 INFO HTTP Request: GET https://t.me/s/sdgtbookstore?before=3514 "HTTP/1.1 200 OK"
2026-05-19 10:00:00,118 INFO HTTP Request: GET https://t.me/s/sdgtbookstore?before=3494 "HTTP/1.1 200 OK"
2026-05-19 10:00:00,986 INFO HTTP Request: GET https://t.me/s/sdgtbookstore?before=3472 "HTTP/1.1 200 OK"
2026-05-19 10:00:01,823 INFO HTTP Request: GET https://t.me/s/sdgtbookstore?before=3449 "HTTP/1.1 200 OK"
2026-05-19 10:00:02,612 INFO HTTP Request: GET https://t.me/s/sdgtbookstore?before=3429 "HTTP/1.1 200 OK"
2026-05-19 10:00:03,418 INFO HTTP Request: GET https://t.me/s/sdgtbookstore?before=3409 "HTTP/1.1 200 OK"
2026-05-19 10:00:04,194 INFO HTTP Request: GET https://t.me/s/sdgtbookstore?before=3387 "HTTP/1.1 200 OK"
2026-05-19 10:00:05,038 INFO HTTP Request: GET https://t.me/s/sdgtbookstore?before=3367 "HTTP/1.1 200 OK"
2026-05-19 10:00:05,926 INFO HTTP Request: GET https://t.me/s/sdgtbookstore?before=3346 "HTTP/1.1 200 OK"
2026-05-19 10:00:06,772 INFO HTTP Request: GET https://t.me/s/sdgtbookstore?before=3324 "HTTP/1.1 200 OK"
2026-05-19 10:00:07,646 INFO HTTP Request: GET https://t.me/s/sdgtbookstore?before=3300 "HTTP/1.1 200 OK"
2026-05-19 10:00:08,496 INFO HTTP Request: GET https://t.me/s/sdgtbookstore?before=3278 "HTTP/1.1 200 OK"
2026-05-19 10:00:09,285 INFO HTTP Request: GET https://t.me/s/sdgtbookstore?before=3257 "HTTP/1.1 200 OK"
2026-05-19 10:00:10,171 INFO HTTP Request: GET https://t.me/s/sdgtbookstore?before=3235 "HTTP/1.1 200 OK"
2026-05-19 10:00:10,983 INFO HTTP Request: GET https://t.me/s/sdgtbookstore?before=3213 "HTTP/1.1 200 OK"
2026-05-19 10:00:11,829 INFO HTTP Request: GET https://t.me/s/sdgtbookstore?before=3189 "HTTP/1.1 200 OK"
2026-05-19 10:00:12,653 INFO HTTP Request: GET https://t.me/s/sdgtbookstore?before=3168 "HTTP/1.1 200 OK"
2026-05-19 10:00:13,442 INFO HTTP Request: GET https://t.me/s/sdgtbookstore?before=3147 "HTTP/1.1 200 OK"
2026-05-19 10:00:14,255 INFO HTTP Request: GET https://t.me/s/sdgtbookstore?before=3126 "HTTP/1.1 200 OK"
2026-05-19 10:00:15,052 INFO HTTP Request: GET https://t.me/s/sdgtbookstore?before=3106 "HTTP/1.1 200 OK"
2026-05-19 10:00:15,872 INFO HTTP Request: GET https://t.me/s/sdgtbookstore?before=3086 "HTTP/1.1 200 OK"
2026-05-19 10:00:16,722 INFO HTTP Request: GET https://t.me/s/sdgtbookstore?before=3065 "HTTP/1.1 200 OK"
2026-05-19 10:00:17,517 INFO HTTP Request: GET https://t.me/s/sdgtbookstore?before=3040 "HTTP/1.1 200 OK"
2026-05-19 10:00:18,376 INFO HTTP Request: GET https://t.me/s/sdgtbookstore?before=3015 "HTTP/1.1 200 OK"
2026-05-19 10:00:19,272 INFO HTTP Request: GET https://t.me/s/sdgtbookstore?before=2990 "HTTP/1.1 200 OK"
2026-05-19 10:00:20,096 INFO HTTP Request: GET https://t.me/s/sdgtbookstore?before=2965 "HTTP/1.1 200 OK"
2026-05-19 10:00:20,974 INFO HTTP Request: GET https://t.me/s/sdgtbookstore?before=2945 "HTTP/1.1 200 OK"
2026-05-19 10:00:21,799 INFO HTTP Request: GET https://t.me/s/sdgtbookstore?before=2916 "HTTP/1.1 200 OK"
2026-05-19 10:00:22,611 INFO HTTP Request: GET https://t.me/s/sdgtbookstore?before=2893 "HTTP/1.1 200 OK"
2026-05-19 10:00:23,460 INFO HTTP Request: GET https://t.me/s/sdgtbookstore?before=2871 "HTTP/1.1 200 OK"
2026-05-19 10:00:24,287 INFO HTTP Request: GET https://t.me/s/sdgtbookstore?before=2851 "HTTP/1.1 200 OK"
2026-05-19 10:00:25,084 INFO HTTP Request: GET https://t.me/s/sdgtbookstore?before=2831 "HTTP/1.1 200 OK"
2026-05-19 10:00:25,896 INFO HTTP Request: GET https://t.me/s/sdgtbookstore?before=2811 "HTTP/1.1 200 OK"
2026-05-19 10:00:26,696 INFO HTTP Request: GET https://t.me/s/sdgtbookstore?before=2790 "HTTP/1.1 200 OK"
2026-05-19 10:00:27,453 INFO HTTP Request: GET https://t.me/s/sdgtbookstore?before=2770 "HTTP/1.1 200 OK"
2026-05-19 10:00:28,219 INFO HTTP Request: GET https://t.me/s/sdgtbookstore?before=2750 "HTTP/1.1 200 OK"
2026-05-19 10:00:29,011 INFO HTTP Request: GET https://t.me/s/sdgtbookstore?before=2730 "HTTP/1.1 200 OK"
2026-05-19 10:00:29,804 INFO HTTP Request: GET https://t.me/s/sdgtbookstore?before=2709 "HTTP/1.1 200 OK"
2026-05-19 10:00:30,632 INFO HTTP Request: GET https://t.me/s/sdgtbookstore?before=2689 "HTTP/1.1 200 OK"
2026-05-19 10:00:31,427 INFO HTTP Request: GET https://t.me/s/sdgtbookstore?before=2669 "HTTP/1.1 200 OK"
2026-05-19 10:00:32,274 INFO HTTP Request: GET https://t.me/s/sdgtbookstore?before=2645 "HTTP/1.1 200 OK"
2026-05-19 10:00:33,114 INFO HTTP Request: GET https://t.me/s/sdgtbookstore?before=2623 "HTTP/1.1 200 OK"
2026-05-19 10:00:33,936 INFO HTTP Request: GET https://t.me/s/sdgtbookstore?before=2597 "HTTP/1.1 200 OK"
2026-05-19 10:00:34,813 INFO HTTP Request: GET https://t.me/s/sdgtbookstore?before=2577 "HTTP/1.1 200 OK"
2026-05-19 10:00:35,638 INFO HTTP Request: GET https://t.me/s/sdgtbookstore?before=2556 "HTTP/1.1 200 OK"
2026-05-19 10:00:36,413 INFO HTTP Request: GET https://t.me/s/sdgtbookstore?before=2530 "HTTP/1.1 200 OK"
2026-05-19 10:00:37,235 INFO HTTP Request: GET https://t.me/s/sdgtbookstore?before=2510 "HTTP/1.1 200 OK"
2026-05-19 10:00:38,009 INFO HTTP Request: GET https://t.me/s/sdgtbookstore?before=2490 "HTTP/1.1 200 OK"
2026-05-19 10:00:38,837 INFO HTTP Request: GET https://t.me/s/sdgtbookstore?before=2468 "HTTP/1.1 200 OK"
2026-05-19 10:00:39,643 INFO HTTP Request: GET https://t.me/s/sdgtbookstore?before=2447 "HTTP/1.1 200 OK"
2026-05-19 10:00:40,445 INFO HTTP Request: GET https://t.me/s/sdgtbookstore?before=2423 "HTTP/1.1 200 OK"
2026-05-19 10:00:41,219 INFO HTTP Request: GET https://t.me/s/sdgtbookstore?before=2401 "HTTP/1.1 200 OK"
2026-05-19 10:00:42,000 INFO HTTP Request: GET https://t.me/s/sdgtbookstore?before=2374 "HTTP/1.1 200 OK"
2026-05-19 10:00:42,768 INFO HTTP Request: GET https://t.me/s/sdgtbookstore?before=2352 "HTTP/1.1 200 OK"
2026-05-19 10:00:43,566 INFO HTTP Request: GET https://t.me/s/sdgtbookstore?before=2332 "HTTP/1.1 200 OK"
2026-05-19 10:00:44,381 INFO HTTP Request: GET https://t.me/s/sdgtbookstore?before=2312 "HTTP/1.1 200 OK"
2026-05-19 10:00:45,201 INFO HTTP Request: GET https://t.me/s/sdgtbookstore?before=2291 "HTTP/1.1 200 OK"
2026-05-19 10:00:46,000 INFO HTTP Request: GET https://t.me/s/sdgtbookstore?before=2271 "HTTP/1.1 200 OK"
2026-05-19 10:00:46,817 INFO HTTP Request: GET https://t.me/s/sdgtbookstore?before=2250 "HTTP/1.1 200 OK"
2026-05-19 10:00:47,716 INFO HTTP Request: GET https://t.me/s/sdgtbookstore?before=2229 "HTTP/1.1 200 OK"
2026-05-19 10:00:48,544 INFO HTTP Request: GET https://t.me/s/sdgtbookstore?before=2209 "HTTP/1.1 200 OK"
2026-05-19 10:00:49,336 INFO HTTP Request: GET https://t.me/s/sdgtbookstore?before=2189 "HTTP/1.1 200 OK"
2026-05-19 10:00:50,152 INFO HTTP Request: GET https://t.me/s/sdgtbookstore?before=2169 "HTTP/1.1 200 OK"
2026-05-19 10:00:50,953 INFO HTTP Request: GET https://t.me/s/sdgtbookstore?before=2146 "HTTP/1.1 200 OK"
2026-05-19 10:00:51,724 INFO HTTP Request: GET https://t.me/s/sdgtbookstore?before=2126 "HTTP/1.1 200 OK"
2026-05-19 10:00:52,501 INFO HTTP Request: GET https://t.me/s/sdgtbookstore?before=2095 "HTTP/1.1 200 OK"
2026-05-19 10:00:53,301 INFO HTTP Request: GET https://t.me/s/sdgtbookstore?before=2075 "HTTP/1.1 200 OK"
2026-05-19 10:00:54,107 INFO HTTP Request: GET https://t.me/s/sdgtbookstore?before=2050 "HTTP/1.1 200 OK"
2026-05-19 10:00:54,896 INFO HTTP Request: GET https://t.me/s/sdgtbookstore?before=2021 "HTTP/1.1 200 OK"
2026-05-19 10:00:55,540 INFO [24/108] @sdgtbookstore posts=2382 source=tme_full_preview
2026-05-19 10:00:56,051 INFO Trying t.me/s/pdf4yo ...
2026-05-19 10:00:56,877 INFO HTTP Request: GET https://t.me/s/pdf4yo "HTTP/1.1 302 Found"
2026-05-19 10:00:57,160 INFO HTTP Request: GET https://t.me/pdf4yo "HTTP/1.1 200 OK"
2026-05-19 10:00:57,162 INFO TGStat sample for pdf4yo (no public preview)
2026-05-19 10:00:58,663 INFO HTTP Request: GET https://tgstat.com/channel/@pdf4yo "HTTP/1.1 200 OK"
2026-05-19 10:00:59,872 INFO HTTP Request: GET https://tgstat.com/channel/@pdf4yo "HTTP/1.1 200 OK"
2026-05-19 10:01:00,958 INFO HTTP Request: GET https://tgstat.com/channel/@Pdf4Yo "HTTP/1.1 302 Found"
2026-05-19 10:01:01,705 INFO HTTP Request: GET https://tgstat.com/channel/@pdf4yo "HTTP/1.1 200 OK"
2026-05-19 10:01:02,494 INFO [25/108] @pdf4yo posts=0 source=no_public_data
2026-05-19 10:01:03,008 INFO Trying t.me/s/wafaobgyn ...
2026-05-19 10:01:03,945 INFO HTTP Request: GET https://t.me/s/wafaobgyn "HTTP/1.1 200 OK"
2026-05-19 10:01:04,771 INFO HTTP Request: GET https://t.me/s/wafaobgyn?before=2446 "HTTP/1.1 200 OK"
2026-05-19 10:01:05,680 INFO HTTP Request: GET https://t.me/s/wafaobgyn?before=2426 "HTTP/1.1 200 OK"
2026-05-19 10:01:06,579 INFO HTTP Request: GET https://t.me/s/wafaobgyn?before=2397 "HTTP/1.1 200 OK"
2026-05-19 10:01:07,467 INFO HTTP Request: GET https://t.me/s/wafaobgyn?before=2377 "HTTP/1.1 200 OK"
2026-05-19 10:01:08,348 INFO HTTP Request: GET https://t.me/s/wafaobgyn?before=2357 "HTTP/1.1 200 OK"
2026-05-19 10:01:09,202 INFO HTTP Request: GET https://t.me/s/wafaobgyn?before=2335 "HTTP/1.1 200 OK"
2026-05-19 10:01:10,084 INFO HTTP Request: GET https://t.me/s/wafaobgyn?before=2315 "HTTP/1.1 200 OK"
2026-05-19 10:01:10,901 INFO HTTP Request: GET https://t.me/s/wafaobgyn?before=2286 "HTTP/1.1 200 OK"
2026-05-19 10:01:11,784 INFO HTTP Request: GET https://t.me/s/wafaobgyn?before=2266 "HTTP/1.1 200 OK"
2026-05-19 10:01:12,602 INFO HTTP Request: GET https://t.me/s/wafaobgyn?before=2246 "HTTP/1.1 200 OK"
2026-05-19 10:01:13,413 INFO HTTP Request: GET https://t.me/s/wafaobgyn?before=2226 "HTTP/1.1 200 OK"
2026-05-19 10:01:14,226 INFO HTTP Request: GET https://t.me/s/wafaobgyn?before=2203 "HTTP/1.1 200 OK"
2026-05-19 10:01:15,055 INFO HTTP Request: GET https://t.me/s/wafaobgyn?before=2183 "HTTP/1.1 200 OK"
2026-05-19 10:01:15,887 INFO HTTP Request: GET https://t.me/s/wafaobgyn?before=2162 "HTTP/1.1 200 OK"
2026-05-19 10:01:16,807 INFO HTTP Request: GET https://t.me/s/wafaobgyn?before=2142 "HTTP/1.1 200 OK"
2026-05-19 10:01:17,643 INFO HTTP Request: GET https://t.me/s/wafaobgyn?before=2122 "HTTP/1.1 200 OK"
2026-05-19 10:01:18,515 INFO HTTP Request: GET https://t.me/s/wafaobgyn?before=2102 "HTTP/1.1 200 OK"
2026-05-19 10:01:19,339 INFO HTTP Request: GET https://t.me/s/wafaobgyn?before=2082 "HTTP/1.1 200 OK"
2026-05-19 10:01:20,191 INFO HTTP Request: GET https://t.me/s/wafaobgyn?before=2060 "HTTP/1.1 200 OK"
2026-05-19 10:01:21,018 INFO HTTP Request: GET https://t.me/s/wafaobgyn?before=2040 "HTTP/1.1 200 OK"
2026-05-19 10:01:21,848 INFO HTTP Request: GET https://t.me/s/wafaobgyn?before=2020 "HTTP/1.1 200 OK"
2026-05-19 10:01:22,651 INFO HTTP Request: GET https://t.me/s/wafaobgyn?before=2000 "HTTP/1.1 200 OK"
2026-05-19 10:01:23,493 INFO HTTP Request: GET https://t.me/s/wafaobgyn?before=1978 "HTTP/1.1 200 OK"
2026-05-19 10:01:24,324 INFO HTTP Request: GET https://t.me/s/wafaobgyn?before=1958 "HTTP/1.1 200 OK"
2026-05-19 10:01:25,190 INFO HTTP Request: GET https://t.me/s/wafaobgyn?before=1936 "HTTP/1.1 200 OK"
2026-05-19 10:01:26,004 INFO HTTP Request: GET https://t.me/s/wafaobgyn?before=1907 "HTTP/1.1 200 OK"
2026-05-19 10:01:26,826 INFO HTTP Request: GET https://t.me/s/wafaobgyn?before=1887 "HTTP/1.1 200 OK"
2026-05-19 10:01:27,635 INFO HTTP Request: GET https://t.me/s/wafaobgyn?before=1867 "HTTP/1.1 200 OK"
2026-05-19 10:01:28,521 INFO HTTP Request: GET https://t.me/s/wafaobgyn?before=1846 "HTTP/1.1 200 OK"
2026-05-19 10:01:29,334 INFO HTTP Request: GET https://t.me/s/wafaobgyn?before=1789 "HTTP/1.1 200 OK"
2026-05-19 10:01:30,176 INFO HTTP Request: GET https://t.me/s/wafaobgyn?before=1768 "HTTP/1.1 200 OK"
2026-05-19 10:01:30,996 INFO HTTP Request: GET https://t.me/s/wafaobgyn?before=1741 "HTTP/1.1 200 OK"
2026-05-19 10:01:31,791 INFO HTTP Request: GET https://t.me/s/wafaobgyn?before=1719 "HTTP/1.1 200 OK"
2026-05-19 10:01:32,622 INFO HTTP Request: GET https://t.me/s/wafaobgyn?before=1494 "HTTP/1.1 200 OK"
2026-05-19 10:01:33,449 INFO HTTP Request: GET https://t.me/s/wafaobgyn?before=1393 "HTTP/1.1 200 OK"
2026-05-19 10:01:34,276 INFO HTTP Request: GET https://t.me/s/wafaobgyn?before=1362 "HTTP/1.1 200 OK"
2026-05-19 10:01:35,122 INFO HTTP Request: GET https://t.me/s/wafaobgyn?before=1336 "HTTP/1.1 200 OK"
2026-05-19 10:01:35,943 INFO HTTP Request: GET https://t.me/s/wafaobgyn?before=1296 "HTTP/1.1 200 OK"
2026-05-19 10:01:36,744 INFO HTTP Request: GET https://t.me/s/wafaobgyn?before=1270 "HTTP/1.1 200 OK"
2026-05-19 10:01:37,574 INFO HTTP Request: GET https://t.me/s/wafaobgyn?before=1247 "HTTP/1.1 200 OK"
2026-05-19 10:01:38,396 INFO HTTP Request: GET https://t.me/s/wafaobgyn?before=1200 "HTTP/1.1 200 OK"
2026-05-19 10:01:39,229 INFO HTTP Request: GET https://t.me/s/wafaobgyn?before=1180 "HTTP/1.1 200 OK"
2026-05-19 10:01:40,145 INFO HTTP Request: GET https://t.me/s/wafaobgyn?before=1155 "HTTP/1.1 200 OK"
2026-05-19 10:01:40,953 INFO HTTP Request: GET https://t.me/s/wafaobgyn?before=1133 "HTTP/1.1 200 OK"
2026-05-19 10:01:41,813 INFO HTTP Request: GET https://t.me/s/wafaobgyn?before=1111 "HTTP/1.1 200 OK"
2026-05-19 10:01:42,648 INFO HTTP Request: GET https://t.me/s/wafaobgyn?before=1062 "HTTP/1.1 200 OK"
2026-05-19 10:01:43,487 INFO HTTP Request: GET https://t.me/s/wafaobgyn?before=1035 "HTTP/1.1 200 OK"
2026-05-19 10:01:44,306 INFO HTTP Request: GET https://t.me/s/wafaobgyn?before=1010 "HTTP/1.1 200 OK"
2026-05-19 10:01:45,154 INFO HTTP Request: GET https://t.me/s/wafaobgyn?before=986 "HTTP/1.1 200 OK"
2026-05-19 10:01:46,037 INFO HTTP Request: GET https://t.me/s/wafaobgyn?before=917 "HTTP/1.1 200 OK"
2026-05-19 10:01:46,914 INFO HTTP Request: GET https://t.me/s/wafaobgyn?before=879 "HTTP/1.1 200 OK"
2026-05-19 10:01:47,727 INFO HTTP Request: GET https://t.me/s/wafaobgyn?before=854 "HTTP/1.1 200 OK"
2026-05-19 10:01:48,546 INFO HTTP Request: GET https://t.me/s/wafaobgyn?before=822 "HTTP/1.1 200 OK"
2026-05-19 10:01:49,402 INFO HTTP Request: GET https://t.me/s/wafaobgyn?before=788 "HTTP/1.1 200 OK"
2026-05-19 10:01:50,206 INFO HTTP Request: GET https://t.me/s/wafaobgyn?before=766 "HTTP/1.1 200 OK"
2026-05-19 10:01:51,008 INFO HTTP Request: GET https://t.me/s/wafaobgyn?before=739 "HTTP/1.1 200 OK"
2026-05-19 10:01:51,903 INFO HTTP Request: GET https://t.me/s/wafaobgyn?before=699 "HTTP/1.1 200 OK"
2026-05-19 10:01:52,726 INFO HTTP Request: GET https://t.me/s/wafaobgyn?before=676 "HTTP/1.1 200 OK"
2026-05-19 10:01:53,595 INFO HTTP Request: GET https://t.me/s/wafaobgyn?before=655 "HTTP/1.1 200 OK"
2026-05-19 10:01:54,426 INFO HTTP Request: GET https://t.me/s/wafaobgyn?before=627 "HTTP/1.1 200 OK"
2026-05-19 10:01:55,288 INFO HTTP Request: GET https://t.me/s/wafaobgyn?before=600 "HTTP/1.1 200 OK"
2026-05-19 10:01:56,091 INFO HTTP Request: GET https://t.me/s/wafaobgyn?before=574 "HTTP/1.1 200 OK"
2026-05-19 10:01:56,902 INFO HTTP Request: GET https://t.me/s/wafaobgyn?before=549 "HTTP/1.1 200 OK"
2026-05-19 10:01:57,745 INFO HTTP Request: GET https://t.me/s/wafaobgyn?before=523 "HTTP/1.1 200 OK"
2026-05-19 10:01:58,533 INFO HTTP Request: GET https://t.me/s/wafaobgyn?before=499 "HTTP/1.1 200 OK"
2026-05-19 10:01:59,361 INFO HTTP Request: GET https://t.me/s/wafaobgyn?before=476 "HTTP/1.1 200 OK"
2026-05-19 10:02:00,188 INFO HTTP Request: GET https://t.me/s/wafaobgyn?before=446 "HTTP/1.1 200 OK"
2026-05-19 10:02:01,021 INFO HTTP Request: GET https://t.me/s/wafaobgyn?before=406 "HTTP/1.1 200 OK"
2026-05-19 10:02:01,822 INFO HTTP Request: GET https://t.me/s/wafaobgyn?before=365 "HTTP/1.1 200 OK"
2026-05-19 10:02:02,729 INFO HTTP Request: GET https://t.me/s/wafaobgyn?before=320 "HTTP/1.1 200 OK"
2026-05-19 10:02:03,584 INFO HTTP Request: GET https://t.me/s/wafaobgyn?before=278 "HTTP/1.1 200 OK"
2026-05-19 10:02:04,432 INFO HTTP Request: GET https://t.me/s/wafaobgyn?before=232 "HTTP/1.1 200 OK"
2026-05-19 10:02:05,256 INFO HTTP Request: GET https://t.me/s/wafaobgyn?before=192 "HTTP/1.1 200 OK"
2026-05-19 10:02:06,100 INFO HTTP Request: GET https://t.me/s/wafaobgyn?before=163 "HTTP/1.1 200 OK"
2026-05-19 10:02:06,925 INFO HTTP Request: GET https://t.me/s/wafaobgyn?before=126 "HTTP/1.1 200 OK"
2026-05-19 10:02:07,749 INFO HTTP Request: GET https://t.me/s/wafaobgyn?before=82 "HTTP/1.1 200 OK"
2026-05-19 10:02:08,496 INFO HTTP Request: GET https://t.me/s/wafaobgyn?before=37 "HTTP/1.1 200 OK"
2026-05-19 10:02:09,190 INFO HTTP Request: GET https://t.me/s/wafaobgyn?before=1 "HTTP/1.1 200 OK"
2026-05-19 10:02:09,270 INFO [26/108] @wafaobgyn posts=1546 source=tme_full_preview
2026-05-19 10:02:09,772 INFO Trying t.me/s/dentist_book ...
2026-05-19 10:02:10,733 INFO HTTP Request: GET https://t.me/s/dentist_book "HTTP/1.1 302 Found"
2026-05-19 10:02:11,012 INFO HTTP Request: GET https://t.me/dentist_book "HTTP/1.1 200 OK"
2026-05-19 10:02:11,013 INFO TGStat sample for dentist_book (no public preview)
2026-05-19 10:02:12,315 INFO HTTP Request: GET https://tgstat.com/channel/@dentist_book "HTTP/1.1 302 Found"
2026-05-19 10:02:12,388 INFO HTTP Request: GET https://tgstat.ru/chat/@dentist_book "HTTP/1.1 403 Forbidden"
2026-05-19 10:02:13,040 INFO HTTP Request: GET https://tgstat.com/channel/@dentist_book "HTTP/1.1 302 Found"
2026-05-19 10:02:13,093 INFO HTTP Request: GET https://tgstat.ru/chat/@dentist_book "HTTP/1.1 403 Forbidden"
2026-05-19 10:02:13,733 INFO HTTP Request: GET https://tgstat.com/channel/@Dentist_Book "HTTP/1.1 302 Found"
2026-05-19 10:02:13,799 INFO HTTP Request: GET https://tgstat.ru/chat/@dentist_book "HTTP/1.1 403 Forbidden"
2026-05-19 10:02:14,161 INFO [27/108] @dentist_book posts=0 source=no_public_data
2026-05-19 10:02:14,673 INFO Trying t.me/s/bdsmdsdentalbooks ...
2026-05-19 10:02:15,491 INFO HTTP Request: GET https://t.me/s/bdsmdsdentalbooks "HTTP/1.1 302 Found"
2026-05-19 10:02:15,771 INFO HTTP Request: GET https://t.me/bdsmdsdentalbooks "HTTP/1.1 200 OK"
2026-05-19 10:02:15,772 INFO TGStat sample for bdsmdsdentalbooks (no public preview)
2026-05-19 10:02:16,426 INFO HTTP Request: GET https://tgstat.com/channel/@bdsmdsdentalbooks "HTTP/1.1 302 Found"
2026-05-19 10:02:19,216 INFO HTTP Request: GET https://in.tgstat.com/channel/@bdsmdsdentalbooks "HTTP/1.1 200 OK"
2026-05-19 10:02:19,658 INFO [28/108] @bdsmdsdentalbooks posts=8 source=tgstat_sample
2026-05-19 10:02:20,160 INFO Trying t.me/s/usmlestep1233 ...
2026-05-19 10:02:20,975 INFO HTTP Request: GET https://t.me/s/usmlestep1233 "HTTP/1.1 302 Found"
2026-05-19 10:02:21,255 INFO HTTP Request: GET https://t.me/usmlestep1233 "HTTP/1.1 200 OK"
2026-05-19 10:02:21,255 INFO TGStat sample for usmlestep1233 (no public preview)
2026-05-19 10:02:23,105 INFO HTTP Request: GET https://tgstat.com/channel/@usmlestep1233 "HTTP/1.1 200 OK"
2026-05-19 10:02:23,806 INFO [29/108] @usmlestep1233 posts=6 source=tgstat_sample
2026-05-19 10:02:24,307 INFO [30/108] skip @nachrichtenportal (cached)
2026-05-19 10:02:24,308 INFO [31/108] skip @store_atm (cached)
2026-05-19 10:02:24,308 INFO Trying t.me/s/fisioterapiapdf ...
2026-05-19 10:02:25,152 INFO HTTP Request: GET https://t.me/s/fisioterapiapdf "HTTP/1.1 302 Found"
2026-05-19 10:02:25,435 INFO HTTP Request: GET https://t.me/fisioterapiapdf "HTTP/1.1 200 OK"
2026-05-19 10:02:25,437 INFO TGStat sample for fisioterapiapdf (no public preview)
2026-05-19 10:02:26,969 INFO HTTP Request: GET https://tgstat.com/channel/@fisioterapiapdf "HTTP/1.1 200 OK"
2026-05-19 10:02:27,621 INFO [32/108] @fisioterapiapdf posts=6 source=tgstat_sample
2026-05-19 10:02:28,131 INFO Trying t.me/s/usmlestep_1_2 ...
2026-05-19 10:02:29,099 INFO HTTP Request: GET https://t.me/s/usmlestep_1_2 "HTTP/1.1 200 OK"
2026-05-19 10:02:30,049 INFO HTTP Request: GET https://t.me/s/usmlestep_1_2?before=1009 "HTTP/1.1 200 OK"
2026-05-19 10:02:31,084 INFO HTTP Request: GET https://t.me/s/usmlestep_1_2?before=989 "HTTP/1.1 200 OK"
2026-05-19 10:02:32,254 INFO HTTP Request: GET https://t.me/s/usmlestep_1_2?before=969 "HTTP/1.1 200 OK"
2026-05-19 10:02:33,353 INFO HTTP Request: GET https://t.me/s/usmlestep_1_2?before=949 "HTTP/1.1 200 OK"
2026-05-19 10:02:34,419 INFO HTTP Request: GET https://t.me/s/usmlestep_1_2?before=929 "HTTP/1.1 200 OK"
2026-05-19 10:02:35,448 INFO HTTP Request: GET https://t.me/s/usmlestep_1_2?before=909 "HTTP/1.1 200 OK"
2026-05-19 10:02:36,536 INFO HTTP Request: GET https://t.me/s/usmlestep_1_2?before=889 "HTTP/1.1 200 OK"
2026-05-19 10:02:37,735 INFO HTTP Request: GET https://t.me/s/usmlestep_1_2?before=869 "HTTP/1.1 200 OK"
2026-05-19 10:02:38,957 INFO HTTP Request: GET https://t.me/s/usmlestep_1_2?before=849 "HTTP/1.1 200 OK"
2026-05-19 10:02:40,076 INFO HTTP Request: GET https://t.me/s/usmlestep_1_2?before=829 "HTTP/1.1 200 OK"
2026-05-19 10:02:41,275 INFO HTTP Request: GET https://t.me/s/usmlestep_1_2?before=809 "HTTP/1.1 200 OK"
2026-05-19 10:02:42,379 INFO HTTP Request: GET https://t.me/s/usmlestep_1_2?before=789 "HTTP/1.1 200 OK"
2026-05-19 10:02:43,432 INFO HTTP Request: GET https://t.me/s/usmlestep_1_2?before=769 "HTTP/1.1 200 OK"
2026-05-19 10:02:44,615 INFO HTTP Request: GET https://t.me/s/usmlestep_1_2?before=749 "HTTP/1.1 200 OK"
2026-05-19 10:02:45,649 INFO HTTP Request: GET https://t.me/s/usmlestep_1_2?before=729 "HTTP/1.1 200 OK"
2026-05-19 10:02:46,671 INFO HTTP Request: GET https://t.me/s/usmlestep_1_2?before=709 "HTTP/1.1 200 OK"
2026-05-19 10:02:47,765 INFO HTTP Request: GET https://t.me/s/usmlestep_1_2?before=689 "HTTP/1.1 200 OK"
2026-05-19 10:02:48,851 INFO HTTP Request: GET https://t.me/s/usmlestep_1_2?before=669 "HTTP/1.1 200 OK"
2026-05-19 10:02:50,000 INFO HTTP Request: GET https://t.me/s/usmlestep_1_2?before=649 "HTTP/1.1 200 OK"
2026-05-19 10:02:51,131 INFO HTTP Request: GET https://t.me/s/usmlestep_1_2?before=629 "HTTP/1.1 200 OK"
2026-05-19 10:02:52,544 INFO HTTP Request: GET https://t.me/s/usmlestep_1_2?before=609 "HTTP/1.1 200 OK"
2026-05-19 10:02:53,498 INFO HTTP Request: GET https://t.me/s/usmlestep_1_2?before=589 "HTTP/1.1 200 OK"
2026-05-19 10:02:54,561 INFO HTTP Request: GET https://t.me/s/usmlestep_1_2?before=569 "HTTP/1.1 200 OK"
2026-05-19 10:02:55,427 INFO HTTP Request: GET https://t.me/s/usmlestep_1_2?before=549 "HTTP/1.1 200 OK"
2026-05-19 10:02:56,279 INFO HTTP Request: GET https://t.me/s/usmlestep_1_2?before=529 "HTTP/1.1 200 OK"
2026-05-19 10:02:57,226 INFO HTTP Request: GET https://t.me/s/usmlestep_1_2?before=509 "HTTP/1.1 200 OK"
2026-05-19 10:02:58,144 INFO HTTP Request: GET https://t.me/s/usmlestep_1_2?before=489 "HTTP/1.1 200 OK"
2026-05-19 10:02:58,984 INFO HTTP Request: GET https://t.me/s/usmlestep_1_2?before=469 "HTTP/1.1 200 OK"
2026-05-19 10:02:59,938 INFO HTTP Request: GET https://t.me/s/usmlestep_1_2?before=449 "HTTP/1.1 200 OK"
2026-05-19 10:03:00,823 INFO HTTP Request: GET https://t.me/s/usmlestep_1_2?before=429 "HTTP/1.1 200 OK"
2026-05-19 10:03:01,801 INFO HTTP Request: GET https://t.me/s/usmlestep_1_2?before=409 "HTTP/1.1 200 OK"
2026-05-19 10:03:02,759 INFO HTTP Request: GET https://t.me/s/usmlestep_1_2?before=389 "HTTP/1.1 200 OK"
2026-05-19 10:03:03,699 INFO HTTP Request: GET https://t.me/s/usmlestep_1_2?before=369 "HTTP/1.1 200 OK"
2026-05-19 10:03:04,573 INFO HTTP Request: GET https://t.me/s/usmlestep_1_2?before=349 "HTTP/1.1 200 OK"
2026-05-19 10:03:05,441 INFO HTTP Request: GET https://t.me/s/usmlestep_1_2?before=329 "HTTP/1.1 200 OK"
2026-05-19 10:03:06,436 INFO HTTP Request: GET https://t.me/s/usmlestep_1_2?before=309 "HTTP/1.1 200 OK"
2026-05-19 10:03:07,407 INFO HTTP Request: GET https://t.me/s/usmlestep_1_2?before=289 "HTTP/1.1 200 OK"
2026-05-19 10:03:08,280 INFO HTTP Request: GET https://t.me/s/usmlestep_1_2?before=269 "HTTP/1.1 200 OK"
2026-05-19 10:03:09,215 INFO HTTP Request: GET https://t.me/s/usmlestep_1_2?before=249 "HTTP/1.1 200 OK"
2026-05-19 10:03:10,135 INFO HTTP Request: GET https://t.me/s/usmlestep_1_2?before=229 "HTTP/1.1 200 OK"
2026-05-19 10:03:11,036 INFO HTTP Request: GET https://t.me/s/usmlestep_1_2?before=209 "HTTP/1.1 200 OK"
2026-05-19 10:03:12,515 INFO HTTP Request: GET https://t.me/s/usmlestep_1_2?before=189 "HTTP/1.1 200 OK"
2026-05-19 10:03:13,474 INFO HTTP Request: GET https://t.me/s/usmlestep_1_2?before=169 "HTTP/1.1 200 OK"
2026-05-19 10:03:14,337 INFO HTTP Request: GET https://t.me/s/usmlestep_1_2?before=149 "HTTP/1.1 200 OK"
2026-05-19 10:03:15,098 INFO HTTP Request: GET https://t.me/s/usmlestep_1_2?before=129 "HTTP/1.1 200 OK"
2026-05-19 10:03:15,875 INFO HTTP Request: GET https://t.me/s/usmlestep_1_2?before=109 "HTTP/1.1 200 OK"
2026-05-19 10:03:16,632 INFO HTTP Request: GET https://t.me/s/usmlestep_1_2?before=89 "HTTP/1.1 200 OK"
2026-05-19 10:03:17,522 INFO HTTP Request: GET https://t.me/s/usmlestep_1_2?before=69 "HTTP/1.1 200 OK"
2026-05-19 10:03:18,275 INFO HTTP Request: GET https://t.me/s/usmlestep_1_2?before=49 "HTTP/1.1 200 OK"
2026-05-19 10:03:19,053 INFO HTTP Request: GET https://t.me/s/usmlestep_1_2?before=29 "HTTP/1.1 200 OK"
2026-05-19 10:03:19,802 INFO HTTP Request: GET https://t.me/s/usmlestep_1_2?before=9 "HTTP/1.1 200 OK"
2026-05-19 10:03:20,482 INFO HTTP Request: GET https://t.me/s/usmlestep_1_2?before=1 "HTTP/1.1 200 OK"
2026-05-19 10:03:20,525 INFO [33/108] @usmlestep_1_2 posts=1022 source=tme_full_preview
2026-05-19 10:03:21,029 INFO Trying t.me/s/psychiatry_vid ...
2026-05-19 10:03:22,029 INFO HTTP Request: GET https://t.me/s/psychiatry_vid "HTTP/1.1 200 OK"
2026-05-19 10:03:22,877 INFO HTTP Request: GET https://t.me/s/psychiatry_vid?before=936 "HTTP/1.1 200 OK"
2026-05-19 10:03:23,716 INFO HTTP Request: GET https://t.me/s/psychiatry_vid?before=915 "HTTP/1.1 200 OK"
2026-05-19 10:03:24,554 INFO HTTP Request: GET https://t.me/s/psychiatry_vid?before=891 "HTTP/1.1 200 OK"
2026-05-19 10:03:25,387 INFO HTTP Request: GET https://t.me/s/psychiatry_vid?before=871 "HTTP/1.1 200 OK"
2026-05-19 10:03:26,289 INFO HTTP Request: GET https://t.me/s/psychiatry_vid?before=851 "HTTP/1.1 200 OK"
2026-05-19 10:03:27,150 INFO HTTP Request: GET https://t.me/s/psychiatry_vid?before=831 "HTTP/1.1 200 OK"
2026-05-19 10:03:27,995 INFO HTTP Request: GET https://t.me/s/psychiatry_vid?before=811 "HTTP/1.1 200 OK"
2026-05-19 10:03:28,972 INFO HTTP Request: GET https://t.me/s/psychiatry_vid?before=791 "HTTP/1.1 200 OK"
2026-05-19 10:03:29,790 INFO HTTP Request: GET https://t.me/s/psychiatry_vid?before=771 "HTTP/1.1 200 OK"
2026-05-19 10:03:30,696 INFO HTTP Request: GET https://t.me/s/psychiatry_vid?before=751 "HTTP/1.1 200 OK"
2026-05-19 10:03:31,585 INFO HTTP Request: GET https://t.me/s/psychiatry_vid?before=731 "HTTP/1.1 200 OK"
2026-05-19 10:03:32,437 INFO HTTP Request: GET https://t.me/s/psychiatry_vid?before=711 "HTTP/1.1 200 OK"
2026-05-19 10:03:33,318 INFO HTTP Request: GET https://t.me/s/psychiatry_vid?before=691 "HTTP/1.1 200 OK"
2026-05-19 10:03:34,166 INFO HTTP Request: GET https://t.me/s/psychiatry_vid?before=671 "HTTP/1.1 200 OK"
2026-05-19 10:03:35,116 INFO HTTP Request: GET https://t.me/s/psychiatry_vid?before=651 "HTTP/1.1 200 OK"
2026-05-19 10:03:35,959 INFO HTTP Request: GET https://t.me/s/psychiatry_vid?before=620 "HTTP/1.1 200 OK"
2026-05-19 10:03:36,798 INFO HTTP Request: GET https://t.me/s/psychiatry_vid?before=595 "HTTP/1.1 200 OK"
2026-05-19 10:03:37,763 INFO HTTP Request: GET https://t.me/s/psychiatry_vid?before=572 "HTTP/1.1 200 OK"
2026-05-19 10:03:38,615 INFO HTTP Request: GET https://t.me/s/psychiatry_vid?before=550 "HTTP/1.1 200 OK"
2026-05-19 10:03:39,479 INFO HTTP Request: GET https://t.me/s/psychiatry_vid?before=525 "HTTP/1.1 200 OK"
2026-05-19 10:03:40,356 INFO HTTP Request: GET https://t.me/s/psychiatry_vid?before=500 "HTTP/1.1 200 OK"
2026-05-19 10:03:41,215 INFO HTTP Request: GET https://t.me/s/psychiatry_vid?before=478 "HTTP/1.1 200 OK"
2026-05-19 10:03:42,081 INFO HTTP Request: GET https://t.me/s/psychiatry_vid?before=456 "HTTP/1.1 200 OK"
2026-05-19 10:03:42,938 INFO HTTP Request: GET https://t.me/s/psychiatry_vid?before=434 "HTTP/1.1 200 OK"
2026-05-19 10:03:43,829 INFO HTTP Request: GET https://t.me/s/psychiatry_vid?before=411 "HTTP/1.1 200 OK"
2026-05-19 10:03:44,671 INFO HTTP Request: GET https://t.me/s/psychiatry_vid?before=384 "HTTP/1.1 200 OK"
2026-05-19 10:03:45,484 INFO HTTP Request: GET https://t.me/s/psychiatry_vid?before=356 "HTTP/1.1 200 OK"
2026-05-19 10:03:46,868 INFO HTTP Request: GET https://t.me/s/psychiatry_vid?before=327 "HTTP/1.1 200 OK"
2026-05-19 10:03:47,681 INFO HTTP Request: GET https://t.me/s/psychiatry_vid?before=291 "HTTP/1.1 200 OK"
2026-05-19 10:03:48,652 INFO HTTP Request: GET https://t.me/s/psychiatry_vid?before=250 "HTTP/1.1 200 OK"
2026-05-19 10:03:49,509 INFO HTTP Request: GET https://t.me/s/psychiatry_vid?before=60 "HTTP/1.1 200 OK"
2026-05-19 10:03:50,352 INFO HTTP Request: GET https://t.me/s/psychiatry_vid?before=33 "HTTP/1.1 200 OK"
2026-05-19 10:03:51,105 INFO HTTP Request: GET https://t.me/s/psychiatry_vid?before=4 "HTTP/1.1 200 OK"
2026-05-19 10:03:51,773 INFO HTTP Request: GET https://t.me/s/psychiatry_vid?before=1 "HTTP/1.1 200 OK"
2026-05-19 10:03:51,834 INFO [34/108] @psychiatry_vid posts=661 source=tme_full_preview
2026-05-19 10:03:52,341 INFO Trying t.me/s/usmlestore ...
2026-05-19 10:03:53,255 INFO HTTP Request: GET https://t.me/s/usmlestore "HTTP/1.1 200 OK"
2026-05-19 10:03:54,123 INFO HTTP Request: GET https://t.me/s/usmlestore?before=845 "HTTP/1.1 200 OK"
2026-05-19 10:03:54,972 INFO HTTP Request: GET https://t.me/s/usmlestore?before=825 "HTTP/1.1 200 OK"
2026-05-19 10:03:55,827 INFO HTTP Request: GET https://t.me/s/usmlestore?before=805 "HTTP/1.1 200 OK"
2026-05-19 10:03:56,643 INFO HTTP Request: GET https://t.me/s/usmlestore?before=785 "HTTP/1.1 200 OK"
2026-05-19 10:03:57,479 INFO HTTP Request: GET https://t.me/s/usmlestore?before=765 "HTTP/1.1 200 OK"
2026-05-19 10:03:58,366 INFO HTTP Request: GET https://t.me/s/usmlestore?before=745 "HTTP/1.1 200 OK"
2026-05-19 10:03:59,241 INFO HTTP Request: GET https://t.me/s/usmlestore?before=725 "HTTP/1.1 200 OK"
2026-05-19 10:04:00,034 INFO HTTP Request: GET https://t.me/s/usmlestore?before=705 "HTTP/1.1 200 OK"
2026-05-19 10:04:00,818 INFO HTTP Request: GET https://t.me/s/usmlestore?before=685 "HTTP/1.1 200 OK"
2026-05-19 10:04:01,624 INFO HTTP Request: GET https://t.me/s/usmlestore?before=665 "HTTP/1.1 200 OK"
2026-05-19 10:04:02,481 INFO HTTP Request: GET https://t.me/s/usmlestore?before=645 "HTTP/1.1 200 OK"
2026-05-19 10:04:03,284 INFO HTTP Request: GET https://t.me/s/usmlestore?before=625 "HTTP/1.1 200 OK"
2026-05-19 10:04:04,097 INFO HTTP Request: GET https://t.me/s/usmlestore?before=601 "HTTP/1.1 200 OK"
2026-05-19 10:04:04,866 INFO HTTP Request: GET https://t.me/s/usmlestore?before=580 "HTTP/1.1 200 OK"
2026-05-19 10:04:05,657 INFO HTTP Request: GET https://t.me/s/usmlestore?before=560 "HTTP/1.1 200 OK"
2026-05-19 10:04:06,440 INFO HTTP Request: GET https://t.me/s/usmlestore?before=539 "HTTP/1.1 200 OK"
2026-05-19 10:04:07,259 INFO HTTP Request: GET https://t.me/s/usmlestore?before=519 "HTTP/1.1 200 OK"
2026-05-19 10:04:08,045 INFO HTTP Request: GET https://t.me/s/usmlestore?before=497 "HTTP/1.1 200 OK"
2026-05-19 10:04:08,793 INFO HTTP Request: GET https://t.me/s/usmlestore?before=477 "HTTP/1.1 200 OK"
2026-05-19 10:04:09,608 INFO HTTP Request: GET https://t.me/s/usmlestore?before=457 "HTTP/1.1 200 OK"
2026-05-19 10:04:10,442 INFO HTTP Request: GET https://t.me/s/usmlestore?before=437 "HTTP/1.1 200 OK"
2026-05-19 10:04:11,275 INFO HTTP Request: GET https://t.me/s/usmlestore?before=416 "HTTP/1.1 200 OK"
2026-05-19 10:04:12,065 INFO HTTP Request: GET https://t.me/s/usmlestore?before=396 "HTTP/1.1 200 OK"
2026-05-19 10:04:12,836 INFO HTTP Request: GET https://t.me/s/usmlestore?before=376 "HTTP/1.1 200 OK"
2026-05-19 10:04:13,608 INFO HTTP Request: GET https://t.me/s/usmlestore?before=356 "HTTP/1.1 200 OK"
2026-05-19 10:04:14,367 INFO HTTP Request: GET https://t.me/s/usmlestore?before=336 "HTTP/1.1 200 OK"
2026-05-19 10:04:15,133 INFO HTTP Request: GET https://t.me/s/usmlestore?before=315 "HTTP/1.1 200 OK"
2026-05-19 10:04:15,891 INFO HTTP Request: GET https://t.me/s/usmlestore?before=289 "HTTP/1.1 200 OK"
2026-05-19 10:04:16,716 INFO HTTP Request: GET https://t.me/s/usmlestore?before=269 "HTTP/1.1 200 OK"
2026-05-19 10:04:17,473 INFO HTTP Request: GET https://t.me/s/usmlestore?before=248 "HTTP/1.1 200 OK"
2026-05-19 10:04:18,256 INFO HTTP Request: GET https://t.me/s/usmlestore?before=226 "HTTP/1.1 200 OK"
2026-05-19 10:04:19,033 INFO HTTP Request: GET https://t.me/s/usmlestore?before=205 "HTTP/1.1 200 OK"
2026-05-19 10:04:19,806 INFO HTTP Request: GET https://t.me/s/usmlestore?before=185 "HTTP/1.1 200 OK"
2026-05-19 10:04:20,570 INFO HTTP Request: GET https://t.me/s/usmlestore?before=161 "HTTP/1.1 200 OK"
2026-05-19 10:04:21,344 INFO HTTP Request: GET https://t.me/s/usmlestore?before=138 "HTTP/1.1 200 OK"
2026-05-19 10:04:22,150 INFO HTTP Request: GET https://t.me/s/usmlestore?before=117 "HTTP/1.1 200 OK"
2026-05-19 10:04:22,917 INFO HTTP Request: GET https://t.me/s/usmlestore?before=97 "HTTP/1.1 200 OK"
2026-05-19 10:04:23,672 INFO HTTP Request: GET https://t.me/s/usmlestore?before=69 "HTTP/1.1 200 OK"
2026-05-19 10:04:24,475 INFO HTTP Request: GET https://t.me/s/usmlestore?before=48 "HTTP/1.1 200 OK"
2026-05-19 10:04:25,226 INFO HTTP Request: GET https://t.me/s/usmlestore?before=26 "HTTP/1.1 200 OK"
2026-05-19 10:04:25,966 INFO HTTP Request: GET https://t.me/s/usmlestore?before=5 "HTTP/1.1 200 OK"
2026-05-19 10:04:26,651 INFO HTTP Request: GET https://t.me/s/usmlestore?before=1 "HTTP/1.1 200 OK"
2026-05-19 10:04:26,705 INFO [35/108] @usmlestore posts=823 source=tme_full_preview
2026-05-19 10:04:27,217 INFO Trying t.me/s/radiologiaenpdf ...
2026-05-19 10:04:28,019 INFO HTTP Request: GET https://t.me/s/radiologiaenpdf "HTTP/1.1 302 Found"
2026-05-19 10:04:28,297 INFO HTTP Request: GET https://t.me/radiologiaenpdf "HTTP/1.1 200 OK"
2026-05-19 10:04:28,299 INFO TGStat sample for radiologiaenpdf (no public preview)
2026-05-19 10:04:30,879 INFO HTTP Request: GET https://tgstat.com/channel/@radiologiaenpdf "HTTP/1.1 200 OK"
2026-05-19 10:04:31,316 INFO [36/108] @radiologiaenpdf posts=16 source=tgstat_sample
2026-05-19 10:04:31,822 INFO Trying t.me/s/uroresources ...
2026-05-19 10:04:32,618 INFO HTTP Request: GET https://t.me/s/uroresources "HTTP/1.1 302 Found"
2026-05-19 10:04:32,894 INFO HTTP Request: GET https://t.me/uroresources "HTTP/1.1 200 OK"
2026-05-19 10:04:32,896 INFO TGStat sample for uroresources (no public preview)
2026-05-19 10:04:33,533 INFO HTTP Request: GET https://tgstat.com/channel/@uroresources "HTTP/1.1 302 Found"
2026-05-19 10:04:34,839 INFO HTTP Request: GET https://tgstat.com/channel/@UroResources "HTTP/1.1 200 OK"
2026-05-19 10:04:35,360 INFO [37/108] @uroresources posts=13 source=tgstat_sample
2026-05-19 10:04:35,873 INFO Trying t.me/s/orthobooksandlectures ...
2026-05-19 10:04:36,693 INFO HTTP Request: GET https://t.me/s/orthobooksandlectures "HTTP/1.1 302 Found"
2026-05-19 10:04:36,979 INFO HTTP Request: GET https://t.me/orthobooksandlectures "HTTP/1.1 200 OK"
2026-05-19 10:04:36,980 INFO TGStat sample for orthobooksandlectures (no public preview)
2026-05-19 10:04:37,634 INFO HTTP Request: GET https://tgstat.com/channel/@orthobooksandlectures "HTTP/1.1 404 Not Found"
2026-05-19 10:04:38,717 INFO HTTP Request: GET https://tgstat.com/channel/@orthobooksandlectures "HTTP/1.1 404 Not Found"
2026-05-19 10:04:39,386 INFO HTTP Request: GET https://tgstat.com/channel/@Orthobooksandlectures "HTTP/1.1 404 Not Found"
2026-05-19 10:04:39,746 INFO [38/108] @orthobooksandlectures posts=0 source=no_public_data
2026-05-19 10:04:40,246 INFO Trying t.me/s/internal_medicine_material ...
2026-05-19 10:04:41,045 INFO HTTP Request: GET https://t.me/s/internal_medicine_material "HTTP/1.1 302 Found"
2026-05-19 10:04:41,324 INFO HTTP Request: GET https://t.me/internal_medicine_material "HTTP/1.1 200 OK"
2026-05-19 10:04:41,325 INFO TGStat sample for internal_medicine_material (no public preview)
2026-05-19 10:04:41,959 INFO HTTP Request: GET https://tgstat.com/channel/@internal_medicine_material "HTTP/1.1 302 Found"
2026-05-19 10:04:42,017 INFO HTTP Request: GET https://tgstat.ru/en/channel/@Internal_medicine_material "HTTP/1.1 403 Forbidden"
2026-05-19 10:04:44,379 INFO HTTP Request: GET https://tgstat.com/channel/@internal_medicine_material "HTTP/1.1 302 Found"
2026-05-19 10:04:45,975 INFO HTTP Request: GET https://tgstat.ru/en/channel/@Internal_medicine_material "HTTP/1.1 403 Forbidden"
2026-05-19 10:04:46,693 INFO HTTP Request: GET https://tgstat.com/channel/@Internal_Medicine_Material "HTTP/1.1 302 Found"
2026-05-19 10:04:46,748 INFO HTTP Request: GET https://tgstat.ru/en/channel/@Internal_medicine_material "HTTP/1.1 403 Forbidden"
2026-05-19 10:04:47,114 INFO [39/108] @internal_medicine_material posts=0 source=no_public_data
2026-05-19 10:04:47,629 INFO Trying t.me/s/dental_den ...
2026-05-19 10:04:48,744 INFO HTTP Request: GET https://t.me/s/dental_den "HTTP/1.1 200 OK"
2026-05-19 10:04:49,605 INFO HTTP Request: GET https://t.me/s/dental_den?before=3666 "HTTP/1.1 200 OK"
2026-05-19 10:04:50,432 INFO HTTP Request: GET https://t.me/s/dental_den?before=3646 "HTTP/1.1 200 OK"
2026-05-19 10:04:51,359 INFO HTTP Request: GET https://t.me/s/dental_den?before=3625 "HTTP/1.1 200 OK"
2026-05-19 10:04:52,254 INFO HTTP Request: GET https://t.me/s/dental_den?before=3600 "HTTP/1.1 200 OK"
2026-05-19 10:04:53,155 INFO HTTP Request: GET https://t.me/s/dental_den?before=3580 "HTTP/1.1 200 OK"
2026-05-19 10:04:53,999 INFO HTTP Request: GET https://t.me/s/dental_den?before=3559 "HTTP/1.1 200 OK"
2026-05-19 10:04:54,965 INFO HTTP Request: GET https://t.me/s/dental_den?before=3539 "HTTP/1.1 200 OK"
2026-05-19 10:04:55,866 INFO HTTP Request: GET https://t.me/s/dental_den?before=3519 "HTTP/1.1 200 OK"
2026-05-19 10:04:56,746 INFO HTTP Request: GET https://t.me/s/dental_den?before=3496 "HTTP/1.1 200 OK"
2026-05-19 10:04:57,593 INFO HTTP Request: GET https://t.me/s/dental_den?before=3475 "HTTP/1.1 200 OK"
2026-05-19 10:04:58,535 INFO HTTP Request: GET https://t.me/s/dental_den?before=3454 "HTTP/1.1 200 OK"
2026-05-19 10:04:59,435 INFO HTTP Request: GET https://t.me/s/dental_den?before=3431 "HTTP/1.1 200 OK"
2026-05-19 10:05:00,469 INFO HTTP Request: GET https://t.me/s/dental_den?before=3407 "HTTP/1.1 200 OK"
2026-05-19 10:05:01,294 INFO HTTP Request: GET https://t.me/s/dental_den?before=3385 "HTTP/1.1 200 OK"
2026-05-19 10:05:02,142 INFO HTTP Request: GET https://t.me/s/dental_den?before=3358 "HTTP/1.1 200 OK"
2026-05-19 10:05:03,023 INFO HTTP Request: GET https://t.me/s/dental_den?before=3331 "HTTP/1.1 200 OK"
2026-05-19 10:05:03,993 INFO HTTP Request: GET https://t.me/s/dental_den?before=3304 "HTTP/1.1 200 OK"
2026-05-19 10:05:04,900 INFO HTTP Request: GET https://t.me/s/dental_den?before=3278 "HTTP/1.1 200 OK"
2026-05-19 10:05:05,766 INFO HTTP Request: GET https://t.me/s/dental_den?before=3251 "HTTP/1.1 200 OK"
2026-05-19 10:05:06,625 INFO HTTP Request: GET https://t.me/s/dental_den?before=3222 "HTTP/1.1 200 OK"
2026-05-19 10:05:07,537 INFO HTTP Request: GET https://t.me/s/dental_den?before=3202 "HTTP/1.1 200 OK"
2026-05-19 10:05:08,440 INFO HTTP Request: GET https://t.me/s/dental_den?before=3179 "HTTP/1.1 200 OK"
2026-05-19 10:05:09,362 INFO HTTP Request: GET https://t.me/s/dental_den?before=3144 "HTTP/1.1 200 OK"
2026-05-19 10:05:10,354 INFO HTTP Request: GET https://t.me/s/dental_den?before=3118 "HTTP/1.1 200 OK"
2026-05-19 10:05:11,254 INFO HTTP Request: GET https://t.me/s/dental_den?before=3091 "HTTP/1.1 200 OK"
2026-05-19 10:05:12,156 INFO HTTP Request: GET https://t.me/s/dental_den?before=3066 "HTTP/1.1 200 OK"
2026-05-19 10:05:13,096 INFO HTTP Request: GET https://t.me/s/dental_den?before=3042 "HTTP/1.1 200 OK"
2026-05-19 10:05:14,055 INFO HTTP Request: GET https://t.me/s/dental_den?before=3015 "HTTP/1.1 200 OK"
2026-05-19 10:05:15,055 INFO HTTP Request: GET https://t.me/s/dental_den?before=2991 "HTTP/1.1 200 OK"
2026-05-19 10:05:15,997 INFO HTTP Request: GET https://t.me/s/dental_den?before=2963 "HTTP/1.1 200 OK"
2026-05-19 10:05:16,871 INFO HTTP Request: GET https://t.me/s/dental_den?before=2926 "HTTP/1.1 200 OK"
2026-05-19 10:05:17,762 INFO HTTP Request: GET https://t.me/s/dental_den?before=2901 "HTTP/1.1 200 OK"
2026-05-19 10:05:18,661 INFO HTTP Request: GET https://t.me/s/dental_den?before=2874 "HTTP/1.1 200 OK"
2026-05-19 10:05:19,546 INFO HTTP Request: GET https://t.me/s/dental_den?before=2836 "HTTP/1.1 200 OK"
2026-05-19 10:05:20,448 INFO HTTP Request: GET https://t.me/s/dental_den?before=2801 "HTTP/1.1 200 OK"
2026-05-19 10:05:21,333 INFO HTTP Request: GET https://t.me/s/dental_den?before=2767 "HTTP/1.1 200 OK"
2026-05-19 10:05:22,577 INFO HTTP Request: GET https://t.me/s/dental_den?before=2744 "HTTP/1.1 200 OK"
2026-05-19 10:05:23,535 INFO HTTP Request: GET https://t.me/s/dental_den?before=2714 "HTTP/1.1 200 OK"
2026-05-19 10:05:24,458 INFO HTTP Request: GET https://t.me/s/dental_den?before=2689 "HTTP/1.1 200 OK"
2026-05-19 10:05:25,443 INFO HTTP Request: GET https://t.me/s/dental_den?before=2661 "HTTP/1.1 200 OK"
2026-05-19 10:05:26,383 INFO HTTP Request: GET https://t.me/s/dental_den?before=2640 "HTTP/1.1 200 OK"
2026-05-19 10:05:27,308 INFO HTTP Request: GET https://t.me/s/dental_den?before=2601 "HTTP/1.1 200 OK"
2026-05-19 10:05:28,248 INFO HTTP Request: GET https://t.me/s/dental_den?before=2571 "HTTP/1.1 200 OK"
2026-05-19 10:05:29,178 INFO HTTP Request: GET https://t.me/s/dental_den?before=2541 "HTTP/1.1 200 OK"
2026-05-19 10:05:30,093 INFO HTTP Request: GET https://t.me/s/dental_den?before=2514 "HTTP/1.1 200 OK"
2026-05-19 10:05:30,986 INFO HTTP Request: GET https://t.me/s/dental_den?before=2483 "HTTP/1.1 200 OK"
2026-05-19 10:05:31,948 INFO HTTP Request: GET https://t.me/s/dental_den?before=2453 "HTTP/1.1 200 OK"
2026-05-19 10:05:32,876 INFO HTTP Request: GET https://t.me/s/dental_den?before=2421 "HTTP/1.1 200 OK"
2026-05-19 10:05:33,767 INFO HTTP Request: GET https://t.me/s/dental_den?before=2392 "HTTP/1.1 200 OK"
2026-05-19 10:05:34,628 INFO HTTP Request: GET https://t.me/s/dental_den?before=2348 "HTTP/1.1 200 OK"
2026-05-19 10:05:35,540 INFO HTTP Request: GET https://t.me/s/dental_den?before=2291 "HTTP/1.1 200 OK"
2026-05-19 10:05:36,454 INFO HTTP Request: GET https://t.me/s/dental_den?before=2253 "HTTP/1.1 200 OK"
2026-05-19 10:05:37,341 INFO HTTP Request: GET https://t.me/s/dental_den?before=2203 "HTTP/1.1 200 OK"
2026-05-19 10:05:38,076 INFO HTTP Request: GET https://t.me/s/dental_den?before=2029 "HTTP/1.1 200 OK"
2026-05-19 10:05:38,786 INFO HTTP Request: GET https://t.me/s/dental_den?before=1 "HTTP/1.1 200 OK"
2026-05-19 10:05:38,852 INFO [40/108] @dental_den posts=1081 source=tme_full_preview
2026-05-19 10:05:39,365 INFO Trying t.me/s/psychiatrylibrarybooks ...
2026-05-19 10:05:40,180 INFO HTTP Request: GET https://t.me/s/psychiatrylibrarybooks "HTTP/1.1 302 Found"
2026-05-19 10:05:40,462 INFO HTTP Request: GET https://t.me/psychiatrylibrarybooks "HTTP/1.1 200 OK"
2026-05-19 10:05:40,465 INFO TGStat sample for psychiatrylibrarybooks (no public preview)
2026-05-19 10:05:42,662 INFO HTTP Request: GET https://tgstat.com/channel/@psychiatrylibrarybooks "HTTP/1.1 200 OK"
2026-05-19 10:05:44,604 INFO HTTP Request: GET https://tgstat.com/channel/@psychiatrylibrarybooks "HTTP/1.1 200 OK"
2026-05-19 10:05:45,719 INFO HTTP Request: GET https://tgstat.com/channel/@Psychiatrylibrarybooks "HTTP/1.1 302 Found"
2026-05-19 10:05:47,105 INFO HTTP Request: GET https://tgstat.com/channel/@psychiatrylibrarybooks "HTTP/1.1 200 OK"
2026-05-19 10:05:48,016 INFO [41/108] @psychiatrylibrarybooks posts=0 source=no_public_data
2026-05-19 10:05:48,519 INFO [42/108] skip @medbooksvn2 (cached)
2026-05-19 10:05:48,520 INFO Trying t.me/s/booksmedicospdf ...
2026-05-19 10:05:49,333 INFO HTTP Request: GET https://t.me/s/booksmedicospdf "HTTP/1.1 302 Found"
2026-05-19 10:05:49,621 INFO HTTP Request: GET https://t.me/booksmedicospdf "HTTP/1.1 200 OK"
2026-05-19 10:05:49,622 INFO TGStat sample for booksmedicospdf (no public preview)
2026-05-19 10:05:50,325 INFO HTTP Request: GET https://tgstat.com/channel/@booksmedicospdf "HTTP/1.1 404 Not Found"
2026-05-19 10:05:50,998 INFO HTTP Request: GET https://tgstat.com/channel/@booksmedicospdf "HTTP/1.1 404 Not Found"
2026-05-19 10:05:51,714 INFO HTTP Request: GET https://tgstat.com/channel/@Booksmedicospdf "HTTP/1.1 404 Not Found"
2026-05-19 10:05:52,065 INFO [43/108] @booksmedicospdf posts=0 source=no_public_data
2026-05-19 10:05:52,568 INFO Trying t.me/s/lraq_ed ...
2026-05-19 10:05:53,545 INFO HTTP Request: GET https://t.me/s/lraq_ed "HTTP/1.1 200 OK"
2026-05-19 10:05:54,369 INFO HTTP Request: GET https://t.me/s/lraq_ed?before=75575 "HTTP/1.1 200 OK"
2026-05-19 10:05:55,145 INFO HTTP Request: GET https://t.me/s/lraq_ed?before=75554 "HTTP/1.1 200 OK"
2026-05-19 10:05:55,910 INFO HTTP Request: GET https://t.me/s/lraq_ed?before=75534 "HTTP/1.1 200 OK"
2026-05-19 10:05:56,772 INFO HTTP Request: GET https://t.me/s/lraq_ed?before=75514 "HTTP/1.1 200 OK"
2026-05-19 10:05:57,704 INFO HTTP Request: GET https://t.me/s/lraq_ed?before=75488 "HTTP/1.1 200 OK"
2026-05-19 10:05:58,600 INFO HTTP Request: GET https://t.me/s/lraq_ed?before=75467 "HTTP/1.1 200 OK"
2026-05-19 10:05:59,509 INFO HTTP Request: GET https://t.me/s/lraq_ed?before=75446 "HTTP/1.1 200 OK"
2026-05-19 10:06:00,403 INFO HTTP Request: GET https://t.me/s/lraq_ed?before=75424 "HTTP/1.1 200 OK"
2026-05-19 10:06:01,277 INFO HTTP Request: GET https://t.me/s/lraq_ed?before=75402 "HTTP/1.1 200 OK"
2026-05-19 10:06:02,112 INFO HTTP Request: GET https://t.me/s/lraq_ed?before=75381 "HTTP/1.1 200 OK"
2026-05-19 10:06:02,968 INFO HTTP Request: GET https://t.me/s/lraq_ed?before=75361 "HTTP/1.1 200 OK"
2026-05-19 10:06:03,876 INFO HTTP Request: GET https://t.me/s/lraq_ed?before=75339 "HTTP/1.1 200 OK"
2026-05-19 10:06:04,797 INFO HTTP Request: GET https://t.me/s/lraq_ed?before=75309 "HTTP/1.1 200 OK"
2026-05-19 10:06:05,706 INFO HTTP Request: GET https://t.me/s/lraq_ed?before=75277 "HTTP/1.1 200 OK"
2026-05-19 10:06:06,716 INFO HTTP Request: GET https://t.me/s/lraq_ed?before=75249 "HTTP/1.1 200 OK"
2026-05-19 10:06:07,636 INFO HTTP Request: GET https://t.me/s/lraq_ed?before=75196 "HTTP/1.1 200 OK"
2026-05-19 10:06:08,515 INFO HTTP Request: GET https://t.me/s/lraq_ed?before=74928 "HTTP/1.1 200 OK"
2026-05-19 10:06:09,510 INFO HTTP Request: GET https://t.me/s/lraq_ed?before=74791 "HTTP/1.1 200 OK"
2026-05-19 10:06:10,403 INFO HTTP Request: GET https://t.me/s/lraq_ed?before=74752 "HTTP/1.1 200 OK"
2026-05-19 10:06:11,316 INFO HTTP Request: GET https://t.me/s/lraq_ed?before=74724 "HTTP/1.1 200 OK"
2026-05-19 10:06:12,277 INFO HTTP Request: GET https://t.me/s/lraq_ed?before=74703 "HTTP/1.1 200 OK"
2026-05-19 10:06:13,214 INFO HTTP Request: GET https://t.me/s/lraq_ed?before=74682 "HTTP/1.1 200 OK"
2026-05-19 10:06:14,126 INFO HTTP Request: GET https://t.me/s/lraq_ed?before=74631 "HTTP/1.1 200 OK"
2026-05-19 10:06:15,131 INFO HTTP Request: GET https://t.me/s/lraq_ed?before=74538 "HTTP/1.1 200 OK"
2026-05-19 10:06:16,098 INFO HTTP Request: GET https://t.me/s/lraq_ed?before=74495 "HTTP/1.1 200 OK"
2026-05-19 10:06:17,059 INFO HTTP Request: GET https://t.me/s/lraq_ed?before=74294 "HTTP/1.1 200 OK"
2026-05-19 10:06:18,028 INFO HTTP Request: GET https://t.me/s/lraq_ed?before=74251 "HTTP/1.1 200 OK"
2026-05-19 10:06:18,991 INFO HTTP Request: GET https://t.me/s/lraq_ed?before=74182 "HTTP/1.1 200 OK"
2026-05-19 10:06:19,879 INFO HTTP Request: GET https://t.me/s/lraq_ed?before=74076 "HTTP/1.1 200 OK"
2026-05-19 10:06:20,812 INFO HTTP Request: GET https://t.me/s/lraq_ed?before=74048 "HTTP/1.1 200 OK"
2026-05-19 10:06:21,685 INFO HTTP Request: GET https://t.me/s/lraq_ed?before=74028 "HTTP/1.1 200 OK"
2026-05-19 10:06:22,607 INFO HTTP Request: GET https://t.me/s/lraq_ed?before=74005 "HTTP/1.1 200 OK"
2026-05-19 10:06:23,474 INFO HTTP Request: GET https://t.me/s/lraq_ed?before=73983 "HTTP/1.1 200 OK"
2026-05-19 10:06:24,368 INFO HTTP Request: GET https://t.me/s/lraq_ed?before=73931 "HTTP/1.1 200 OK"
2026-05-19 10:06:25,188 INFO HTTP Request: GET https://t.me/s/lraq_ed?before=73911 "HTTP/1.1 200 OK"
2026-05-19 10:06:26,047 INFO HTTP Request: GET https://t.me/s/lraq_ed?before=73890 "HTTP/1.1 200 OK"
2026-05-19 10:06:26,897 INFO HTTP Request: GET https://t.me/s/lraq_ed?before=73861 "HTTP/1.1 200 OK"
2026-05-19 10:06:27,760 INFO HTTP Request: GET https://t.me/s/lraq_ed?before=73841 "HTTP/1.1 200 OK"
2026-05-19 10:06:28,614 INFO HTTP Request: GET https://t.me/s/lraq_ed?before=73817 "HTTP/1.1 200 OK"
2026-05-19 10:06:29,484 INFO HTTP Request: GET https://t.me/s/lraq_ed?before=73789 "HTTP/1.1 200 OK"
2026-05-19 10:06:30,358 INFO HTTP Request: GET https://t.me/s/lraq_ed?before=73756 "HTTP/1.1 200 OK"
2026-05-19 10:06:31,154 INFO HTTP Request: GET https://t.me/s/lraq_ed?before=73736 "HTTP/1.1 200 OK"
2026-05-19 10:06:31,991 INFO HTTP Request: GET https://t.me/s/lraq_ed?before=73709 "HTTP/1.1 200 OK"
2026-05-19 10:06:32,832 INFO HTTP Request: GET https://t.me/s/lraq_ed?before=73686 "HTTP/1.1 200 OK"
2026-05-19 10:06:33,652 INFO HTTP Request: GET https://t.me/s/lraq_ed?before=73655 "HTTP/1.1 200 OK"
2026-05-19 10:06:34,531 INFO HTTP Request: GET https://t.me/s/lraq_ed?before=73633 "HTTP/1.1 200 OK"
2026-05-19 10:06:35,532 INFO HTTP Request: GET https://t.me/s/lraq_ed?before=73604 "HTTP/1.1 200 OK"
2026-05-19 10:06:36,398 INFO HTTP Request: GET https://t.me/s/lraq_ed?before=73581 "HTTP/1.1 200 OK"
2026-05-19 10:06:37,338 INFO HTTP Request: GET https://t.me/s/lraq_ed?before=73554 "HTTP/1.1 200 OK"
2026-05-19 10:06:38,226 INFO HTTP Request: GET https://t.me/s/lraq_ed?before=73530 "HTTP/1.1 200 OK"
2026-05-19 10:06:39,115 INFO HTTP Request: GET https://t.me/s/lraq_ed?before=73498 "HTTP/1.1 200 OK"
2026-05-19 10:06:39,989 INFO HTTP Request: GET https://t.me/s/lraq_ed?before=73471 "HTTP/1.1 200 OK"
2026-05-19 10:06:40,831 INFO HTTP Request: GET https://t.me/s/lraq_ed?before=73448 "HTTP/1.1 200 OK"
2026-05-19 10:06:41,743 INFO HTTP Request: GET https://t.me/s/lraq_ed?before=73427 "HTTP/1.1 200 OK"
2026-05-19 10:06:42,581 INFO HTTP Request: GET https://t.me/s/lraq_ed?before=73405 "HTTP/1.1 200 OK"
2026-05-19 10:06:43,428 INFO HTTP Request: GET https://t.me/s/lraq_ed?before=73383 "HTTP/1.1 200 OK"
2026-05-19 10:06:44,362 INFO HTTP Request: GET https://t.me/s/lraq_ed?before=73362 "HTTP/1.1 200 OK"
2026-05-19 10:06:45,267 INFO HTTP Request: GET https://t.me/s/lraq_ed?before=73337 "HTTP/1.1 200 OK"
2026-05-19 10:06:46,117 INFO HTTP Request: GET https://t.me/s/lraq_ed?before=73310 "HTTP/1.1 200 OK"
2026-05-19 10:06:46,971 INFO HTTP Request: GET https://t.me/s/lraq_ed?before=73290 "HTTP/1.1 200 OK"
2026-05-19 10:06:47,797 INFO HTTP Request: GET https://t.me/s/lraq_ed?before=73267 "HTTP/1.1 200 OK"
2026-05-19 10:06:48,760 INFO HTTP Request: GET https://t.me/s/lraq_ed?before=73247 "HTTP/1.1 200 OK"
2026-05-19 10:06:49,661 INFO HTTP Request: GET https://t.me/s/lraq_ed?before=73223 "HTTP/1.1 200 OK"
2026-05-19 10:06:50,517 INFO HTTP Request: GET https://t.me/s/lraq_ed?before=73195 "HTTP/1.1 200 OK"
2026-05-19 10:06:51,473 INFO HTTP Request: GET https://t.me/s/lraq_ed?before=73175 "HTTP/1.1 200 OK"
2026-05-19 10:06:52,386 INFO HTTP Request: GET https://t.me/s/lraq_ed?before=73153 "HTTP/1.1 200 OK"
2026-05-19 10:06:53,235 INFO HTTP Request: GET https://t.me/s/lraq_ed?before=73131 "HTTP/1.1 200 OK"
2026-05-19 10:06:54,108 INFO HTTP Request: GET https://t.me/s/lraq_ed?before=73111 "HTTP/1.1 200 OK"
2026-05-19 10:06:54,974 INFO HTTP Request: GET https://t.me/s/lraq_ed?before=73090 "HTTP/1.1 200 OK"
2026-05-19 10:06:55,917 INFO HTTP Request: GET https://t.me/s/lraq_ed?before=73069 "HTTP/1.1 200 OK"
2026-05-19 10:06:56,734 INFO HTTP Request: GET https://t.me/s/lraq_ed?before=73049 "HTTP/1.1 200 OK"
2026-05-19 10:06:57,583 INFO HTTP Request: GET https://t.me/s/lraq_ed?before=73026 "HTTP/1.1 200 OK"
2026-05-19 10:06:58,432 INFO HTTP Request: GET https://t.me/s/lraq_ed?before=73004 "HTTP/1.1 200 OK"
2026-05-19 10:06:59,440 INFO HTTP Request: GET https://t.me/s/lraq_ed?before=72982 "HTTP/1.1 200 OK"
2026-05-19 10:07:00,384 INFO HTTP Request: GET https://t.me/s/lraq_ed?before=72955 "HTTP/1.1 200 OK"
2026-05-19 10:07:01,328 INFO HTTP Request: GET https://t.me/s/lraq_ed?before=72933 "HTTP/1.1 200 OK"
2026-05-19 10:07:02,231 INFO HTTP Request: GET https://t.me/s/lraq_ed?before=72902 "HTTP/1.1 200 OK"
2026-05-19 10:07:03,137 INFO HTTP Request: GET https://t.me/s/lraq_ed?before=72877 "HTTP/1.1 200 OK"
2026-05-19 10:07:04,116 INFO HTTP Request: GET https://t.me/s/lraq_ed?before=72851 "HTTP/1.1 200 OK"
2026-05-19 10:07:05,164 INFO HTTP Request: GET https://t.me/s/lraq_ed?before=72830 "HTTP/1.1 200 OK"
2026-05-19 10:07:05,969 INFO HTTP Request: GET https://t.me/s/lraq_ed?before=72802 "HTTP/1.1 200 OK"
2026-05-19 10:07:06,833 INFO HTTP Request: GET https://t.me/s/lraq_ed?before=72779 "HTTP/1.1 200 OK"
2026-05-19 10:07:07,712 INFO HTTP Request: GET https://t.me/s/lraq_ed?before=72757 "HTTP/1.1 200 OK"
2026-05-19 10:07:08,583 INFO HTTP Request: GET https://t.me/s/lraq_ed?before=72737 "HTTP/1.1 200 OK"
2026-05-19 10:07:09,419 INFO HTTP Request: GET https://t.me/s/lraq_ed?before=72707 "HTTP/1.1 200 OK"
2026-05-19 10:07:10,253 INFO HTTP Request: GET https://t.me/s/lraq_ed?before=72686 "HTTP/1.1 200 OK"
2026-05-19 10:07:11,100 INFO HTTP Request: GET https://t.me/s/lraq_ed?before=72663 "HTTP/1.1 200 OK"
2026-05-19 10:07:11,920 INFO HTTP Request: GET https://t.me/s/lraq_ed?before=72643 "HTTP/1.1 200 OK"
2026-05-19 10:07:12,749 INFO HTTP Request: GET https://t.me/s/lraq_ed?before=72623 "HTTP/1.1 200 OK"
2026-05-19 10:07:13,589 INFO HTTP Request: GET https://t.me/s/lraq_ed?before=72599 "HTTP/1.1 200 OK"
2026-05-19 10:07:14,503 INFO HTTP Request: GET https://t.me/s/lraq_ed?before=72568 "HTTP/1.1 200 OK"
2026-05-19 10:07:15,374 INFO HTTP Request: GET https://t.me/s/lraq_ed?before=72543 "HTTP/1.1 200 OK"
2026-05-19 10:07:16,220 INFO HTTP Request: GET https://t.me/s/lraq_ed?before=72523 "HTTP/1.1 200 OK"
2026-05-19 10:07:17,088 INFO HTTP Request: GET https://t.me/s/lraq_ed?before=72501 "HTTP/1.1 200 OK"
2026-05-19 10:07:18,125 INFO HTTP Request: GET https://t.me/s/lraq_ed?before=72480 "HTTP/1.1 200 OK"
2026-05-19 10:07:18,979 INFO HTTP Request: GET https://t.me/s/lraq_ed?before=72455 "HTTP/1.1 200 OK"
2026-05-19 10:07:19,829 INFO HTTP Request: GET https://t.me/s/lraq_ed?before=72435 "HTTP/1.1 200 OK"
2026-05-19 10:07:20,602 INFO HTTP Request: GET https://t.me/s/lraq_ed?before=72412 "HTTP/1.1 200 OK"
2026-05-19 10:07:21,456 INFO HTTP Request: GET https://t.me/s/lraq_ed?before=72388 "HTTP/1.1 200 OK"
2026-05-19 10:07:22,338 INFO HTTP Request: GET https://t.me/s/lraq_ed?before=72359 "HTTP/1.1 200 OK"
2026-05-19 10:07:23,266 INFO HTTP Request: GET https://t.me/s/lraq_ed?before=72339 "HTTP/1.1 200 OK"
2026-05-19 10:07:24,202 INFO HTTP Request: GET https://t.me/s/lraq_ed?before=72313 "HTTP/1.1 200 OK"
2026-05-19 10:07:25,089 INFO HTTP Request: GET https://t.me/s/lraq_ed?before=72290 "HTTP/1.1 200 OK"
2026-05-19 10:07:25,920 INFO HTTP Request: GET https://t.me/s/lraq_ed?before=72263 "HTTP/1.1 200 OK"
2026-05-19 10:07:26,759 INFO HTTP Request: GET https://t.me/s/lraq_ed?before=72243 "HTTP/1.1 200 OK"
2026-05-19 10:07:27,563 INFO HTTP Request: GET https://t.me/s/lraq_ed?before=72219 "HTTP/1.1 200 OK"
2026-05-19 10:07:28,371 INFO HTTP Request: GET https://t.me/s/lraq_ed?before=72198 "HTTP/1.1 200 OK"
2026-05-19 10:07:29,143 INFO HTTP Request: GET https://t.me/s/lraq_ed?before=72177 "HTTP/1.1 200 OK"
2026-05-19 10:07:29,924 INFO HTTP Request: GET https://t.me/s/lraq_ed?before=72157 "HTTP/1.1 200 OK"
2026-05-19 10:07:30,675 INFO HTTP Request: GET https://t.me/s/lraq_ed?before=72137 "HTTP/1.1 200 OK"
2026-05-19 10:07:31,531 INFO HTTP Request: GET https://t.me/s/lraq_ed?before=72117 "HTTP/1.1 200 OK"
2026-05-19 10:07:32,272 INFO HTTP Request: GET https://t.me/s/lraq_ed?before=72097 "HTTP/1.1 200 OK"
2026-05-19 10:07:33,038 INFO HTTP Request: GET https://t.me/s/lraq_ed?before=72076 "HTTP/1.1 200 OK"
2026-05-19 10:07:33,796 INFO HTTP Request: GET https://t.me/s/lraq_ed?before=72056 "HTTP/1.1 200 OK"
2026-05-19 10:07:34,594 INFO HTTP Request: GET https://t.me/s/lraq_ed?before=72036 "HTTP/1.1 200 OK"
2026-05-19 10:07:35,352 INFO HTTP Request: GET https://t.me/s/lraq_ed?before=72016 "HTTP/1.1 200 OK"
2026-05-19 10:07:36,123 INFO HTTP Request: GET https://t.me/s/lraq_ed?before=71996 "HTTP/1.1 200 OK"
2026-05-19 10:07:36,868 INFO HTTP Request: GET https://t.me/s/lraq_ed?before=71976 "HTTP/1.1 200 OK"
2026-05-19 10:07:37,639 INFO HTTP Request: GET https://t.me/s/lraq_ed?before=71956 "HTTP/1.1 200 OK"
2026-05-19 10:07:38,231 INFO [44/108] @lraq_ed posts=2125 source=tme_full_preview
2026-05-19 10:07:38,744 INFO Trying t.me/s/pharmacy_sources ...
2026-05-19 10:07:39,536 INFO HTTP Request: GET https://t.me/s/pharmacy_sources "HTTP/1.1 302 Found"
2026-05-19 10:07:39,812 INFO HTTP Request: GET https://t.me/pharmacy_sources "HTTP/1.1 200 OK"
2026-05-19 10:07:39,813 INFO TGStat sample for pharmacy_sources (no public preview)
2026-05-19 10:07:41,140 INFO HTTP Request: GET https://tgstat.com/channel/@pharmacy_sources "HTTP/1.1 302 Found"
2026-05-19 10:07:43,511 INFO HTTP Request: GET https://ir.tgstat.com/channel/@Pharmacy_sources "HTTP/1.1 200 OK"
2026-05-19 10:07:44,001 INFO [45/108] @pharmacy_sources posts=20 source=tgstat_sample
2026-05-19 10:07:44,513 INFO [46/108] skip @medicalegypt (cached)
2026-05-19 10:07:44,513 INFO Trying t.me/s/medicalbooksstore55 ...
2026-05-19 10:07:45,310 INFO HTTP Request: GET https://t.me/s/medicalbooksstore55 "HTTP/1.1 302 Found"
2026-05-19 10:07:45,588 INFO HTTP Request: GET https://t.me/medicalbooksstore55 "HTTP/1.1 200 OK"
2026-05-19 10:07:45,589 INFO TGStat sample for medicalbooksstore55 (no public preview)
2026-05-19 10:07:46,903 INFO HTTP Request: GET https://tgstat.com/channel/@medicalbooksstore55 "HTTP/1.1 302 Found"
2026-05-19 10:07:48,791 INFO HTTP Request: GET https://tgstat.com/channel/@MedicalBooksStore55 "HTTP/1.1 200 OK"
2026-05-19 10:07:49,234 INFO [47/108] @medicalbooksstore55 posts=9 source=tgstat_sample
2026-05-19 10:07:49,747 INFO Trying t.me/s/kaplan_atm ...
2026-05-19 10:07:50,551 INFO HTTP Request: GET https://t.me/s/kaplan_atm "HTTP/1.1 302 Found"
2026-05-19 10:07:50,831 INFO HTTP Request: GET https://t.me/kaplan_atm "HTTP/1.1 200 OK"
2026-05-19 10:07:50,832 INFO TGStat sample for kaplan_atm (no public preview)
2026-05-19 10:07:51,467 INFO HTTP Request: GET https://tgstat.com/channel/@kaplan_atm "HTTP/1.1 302 Found"
2026-05-19 10:07:53,059 INFO HTTP Request: GET https://tgstat.com/channel/@Kaplan_ATM "HTTP/1.1 200 OK"
2026-05-19 10:07:54,238 INFO HTTP Request: GET https://tgstat.com/channel/@kaplan_atm "HTTP/1.1 302 Found"
2026-05-19 10:07:55,617 INFO HTTP Request: GET https://tgstat.com/channel/@Kaplan_ATM "HTTP/1.1 200 OK"
2026-05-19 10:07:56,834 INFO HTTP Request: GET https://tgstat.com/channel/@Kaplan_Atm "HTTP/1.1 302 Found"
2026-05-19 10:07:58,199 INFO HTTP Request: GET https://tgstat.com/channel/@Kaplan_ATM "HTTP/1.1 200 OK"
2026-05-19 10:07:59,400 INFO [48/108] @kaplan_atm posts=0 source=no_public_data
2026-05-19 10:07:59,904 INFO Refreshing cache for @radiologist_library (posts=6 ebooks=5)
2026-05-19 10:07:59,904 INFO Trying t.me/s/radiologist_library ...
2026-05-19 10:08:00,693 INFO HTTP Request: GET https://t.me/s/radiologist_library "HTTP/1.1 302 Found"
2026-05-19 10:08:00,968 INFO HTTP Request: GET https://t.me/radiologist_library "HTTP/1.1 200 OK"
2026-05-19 10:08:00,969 INFO TGStat sample for radiologist_library (no public preview)
2026-05-19 10:08:01,660 INFO HTTP Request: GET https://tgstat.com/channel/@radiologist_library "HTTP/1.1 302 Found"
2026-05-19 10:08:04,280 INFO HTTP Request: GET https://cn.tgstat.com/channel/@Radiologist_Library "HTTP/1.1 200 OK"
2026-05-19 10:08:04,722 INFO [49/108] @radiologist_library posts=6 source=tgstat_sample
2026-05-19 10:08:05,236 INFO [50/108] skip @boards_beyonds (cached)
2026-05-19 10:08:05,236 INFO Trying t.me/s/urgenciasyemergencias ...
2026-05-19 10:08:06,352 INFO HTTP Request: GET https://t.me/s/urgenciasyemergencias "HTTP/1.1 200 OK"
2026-05-19 10:08:07,218 INFO HTTP Request: GET https://t.me/s/urgenciasyemergencias?before=2360 "HTTP/1.1 200 OK"
2026-05-19 10:08:08,111 INFO HTTP Request: GET https://t.me/s/urgenciasyemergencias?before=2339 "HTTP/1.1 200 OK"
2026-05-19 10:08:09,077 INFO HTTP Request: GET https://t.me/s/urgenciasyemergencias?before=2318 "HTTP/1.1 200 OK"
2026-05-19 10:08:09,988 INFO HTTP Request: GET https://t.me/s/urgenciasyemergencias?before=2297 "HTTP/1.1 200 OK"
2026-05-19 10:08:10,904 INFO HTTP Request: GET https://t.me/s/urgenciasyemergencias?before=2277 "HTTP/1.1 200 OK"
2026-05-19 10:08:11,871 INFO HTTP Request: GET https://t.me/s/urgenciasyemergencias?before=2254 "HTTP/1.1 200 OK"
2026-05-19 10:08:12,955 INFO HTTP Request: GET https://t.me/s/urgenciasyemergencias?before=2234 "HTTP/1.1 200 OK"
2026-05-19 10:08:13,878 INFO HTTP Request: GET https://t.me/s/urgenciasyemergencias?before=2207 "HTTP/1.1 200 OK"
2026-05-19 10:08:14,843 INFO HTTP Request: GET https://t.me/s/urgenciasyemergencias?before=2184 "HTTP/1.1 200 OK"
2026-05-19 10:08:15,706 INFO HTTP Request: GET https://t.me/s/urgenciasyemergencias?before=2158 "HTTP/1.1 200 OK"
2026-05-19 10:08:16,567 INFO HTTP Request: GET https://t.me/s/urgenciasyemergencias?before=2135 "HTTP/1.1 200 OK"
2026-05-19 10:08:17,455 INFO HTTP Request: GET https://t.me/s/urgenciasyemergencias?before=2114 "HTTP/1.1 200 OK"
2026-05-19 10:08:18,274 INFO HTTP Request: GET https://t.me/s/urgenciasyemergencias?before=2091 "HTTP/1.1 200 OK"
2026-05-19 10:08:19,117 INFO HTTP Request: GET https://t.me/s/urgenciasyemergencias?before=2067 "HTTP/1.1 200 OK"
2026-05-19 10:08:19,938 INFO HTTP Request: GET https://t.me/s/urgenciasyemergencias?before=2047 "HTTP/1.1 200 OK"
2026-05-19 10:08:20,887 INFO HTTP Request: GET https://t.me/s/urgenciasyemergencias?before=2025 "HTTP/1.1 200 OK"
2026-05-19 10:08:21,738 INFO HTTP Request: GET https://t.me/s/urgenciasyemergencias?before=2003 "HTTP/1.1 200 OK"
2026-05-19 10:08:22,674 INFO HTTP Request: GET https://t.me/s/urgenciasyemergencias?before=1983 "HTTP/1.1 200 OK"
2026-05-19 10:08:23,633 INFO HTTP Request: GET https://t.me/s/urgenciasyemergencias?before=1955 "HTTP/1.1 200 OK"
2026-05-19 10:08:24,556 INFO HTTP Request: GET https://t.me/s/urgenciasyemergencias?before=1928 "HTTP/1.1 200 OK"
2026-05-19 10:08:25,475 INFO HTTP Request: GET https://t.me/s/urgenciasyemergencias?before=1908 "HTTP/1.1 200 OK"
2026-05-19 10:08:26,372 INFO HTTP Request: GET https://t.me/s/urgenciasyemergencias?before=1887 "HTTP/1.1 200 OK"
2026-05-19 10:08:27,251 INFO HTTP Request: GET https://t.me/s/urgenciasyemergencias?before=1866 "HTTP/1.1 200 OK"
2026-05-19 10:08:28,150 INFO HTTP Request: GET https://t.me/s/urgenciasyemergencias?before=1843 "HTTP/1.1 200 OK"
2026-05-19 10:08:28,956 INFO HTTP Request: GET https://t.me/s/urgenciasyemergencias?before=1823 "HTTP/1.1 200 OK"
2026-05-19 10:08:29,816 INFO HTTP Request: GET https://t.me/s/urgenciasyemergencias?before=1803 "HTTP/1.1 200 OK"
2026-05-19 10:08:30,697 INFO HTTP Request: GET https://t.me/s/urgenciasyemergencias?before=1782 "HTTP/1.1 200 OK"
2026-05-19 10:08:31,631 INFO HTTP Request: GET https://t.me/s/urgenciasyemergencias?before=1762 "HTTP/1.1 200 OK"
2026-05-19 10:08:32,605 INFO HTTP Request: GET https://t.me/s/urgenciasyemergencias?before=1739 "HTTP/1.1 200 OK"
2026-05-19 10:08:33,510 INFO HTTP Request: GET https://t.me/s/urgenciasyemergencias?before=1717 "HTTP/1.1 200 OK"
2026-05-19 10:08:34,444 INFO HTTP Request: GET https://t.me/s/urgenciasyemergencias?before=1695 "HTTP/1.1 200 OK"
2026-05-19 10:08:35,405 INFO HTTP Request: GET https://t.me/s/urgenciasyemergencias?before=1675 "HTTP/1.1 200 OK"
2026-05-19 10:08:36,355 INFO HTTP Request: GET https://t.me/s/urgenciasyemergencias?before=1654 "HTTP/1.1 200 OK"
2026-05-19 10:08:37,202 INFO HTTP Request: GET https://t.me/s/urgenciasyemergencias?before=1632 "HTTP/1.1 200 OK"
2026-05-19 10:08:38,217 INFO HTTP Request: GET https://t.me/s/urgenciasyemergencias?before=1612 "HTTP/1.1 200 OK"
2026-05-19 10:08:39,035 INFO HTTP Request: GET https://t.me/s/urgenciasyemergencias?before=1590 "HTTP/1.1 200 OK"
2026-05-19 10:08:39,854 INFO HTTP Request: GET https://t.me/s/urgenciasyemergencias?before=1569 "HTTP/1.1 200 OK"
2026-05-19 10:08:40,727 INFO HTTP Request: GET https://t.me/s/urgenciasyemergencias?before=1548 "HTTP/1.1 200 OK"
2026-05-19 10:08:41,717 INFO HTTP Request: GET https://t.me/s/urgenciasyemergencias?before=1524 "HTTP/1.1 200 OK"
2026-05-19 10:08:42,637 INFO HTTP Request: GET https://t.me/s/urgenciasyemergencias?before=1501 "HTTP/1.1 200 OK"
2026-05-19 10:08:43,512 INFO HTTP Request: GET https://t.me/s/urgenciasyemergencias?before=1479 "HTTP/1.1 200 OK"
2026-05-19 10:08:44,424 INFO HTTP Request: GET https://t.me/s/urgenciasyemergencias?before=1458 "HTTP/1.1 200 OK"
2026-05-19 10:08:45,304 INFO HTTP Request: GET https://t.me/s/urgenciasyemergencias?before=1436 "HTTP/1.1 200 OK"
2026-05-19 10:08:46,247 INFO HTTP Request: GET https://t.me/s/urgenciasyemergencias?before=1415 "HTTP/1.1 200 OK"
2026-05-19 10:08:47,121 INFO HTTP Request: GET https://t.me/s/urgenciasyemergencias?before=1394 "HTTP/1.1 200 OK"
2026-05-19 10:08:48,002 INFO HTTP Request: GET https://t.me/s/urgenciasyemergencias?before=1374 "HTTP/1.1 200 OK"
2026-05-19 10:08:48,881 INFO HTTP Request: GET https://t.me/s/urgenciasyemergencias?before=1354 "HTTP/1.1 200 OK"
2026-05-19 10:08:49,789 INFO HTTP Request: GET https://t.me/s/urgenciasyemergencias?before=1334 "HTTP/1.1 200 OK"
2026-05-19 10:08:50,629 INFO HTTP Request: GET https://t.me/s/urgenciasyemergencias?before=1313 "HTTP/1.1 200 OK"
2026-05-19 10:08:51,609 INFO HTTP Request: GET https://t.me/s/urgenciasyemergencias?before=1292 "HTTP/1.1 200 OK"
2026-05-19 10:08:52,468 INFO HTTP Request: GET https://t.me/s/urgenciasyemergencias?before=1271 "HTTP/1.1 200 OK"
2026-05-19 10:08:53,296 INFO HTTP Request: GET https://t.me/s/urgenciasyemergencias?before=1251 "HTTP/1.1 200 OK"
2026-05-19 10:08:54,194 INFO HTTP Request: GET https://t.me/s/urgenciasyemergencias?before=1227 "HTTP/1.1 200 OK"
2026-05-19 10:08:55,110 INFO HTTP Request: GET https://t.me/s/urgenciasyemergencias?before=1205 "HTTP/1.1 200 OK"
2026-05-19 10:08:56,085 INFO HTTP Request: GET https://t.me/s/urgenciasyemergencias?before=1185 "HTTP/1.1 200 OK"
2026-05-19 10:08:56,980 INFO HTTP Request: GET https://t.me/s/urgenciasyemergencias?before=1165 "HTTP/1.1 200 OK"
2026-05-19 10:08:57,842 INFO HTTP Request: GET https://t.me/s/urgenciasyemergencias?before=1143 "HTTP/1.1 200 OK"
2026-05-19 10:08:58,781 INFO HTTP Request: GET https://t.me/s/urgenciasyemergencias?before=1118 "HTTP/1.1 200 OK"
2026-05-19 10:08:59,649 INFO HTTP Request: GET https://t.me/s/urgenciasyemergencias?before=1096 "HTTP/1.1 200 OK"
2026-05-19 10:09:00,547 INFO HTTP Request: GET https://t.me/s/urgenciasyemergencias?before=1076 "HTTP/1.1 200 OK"
2026-05-19 10:09:01,459 INFO HTTP Request: GET https://t.me/s/urgenciasyemergencias?before=1056 "HTTP/1.1 200 OK"
2026-05-19 10:09:02,307 INFO HTTP Request: GET https://t.me/s/urgenciasyemergencias?before=1036 "HTTP/1.1 200 OK"
2026-05-19 10:09:03,204 INFO HTTP Request: GET https://t.me/s/urgenciasyemergencias?before=1013 "HTTP/1.1 200 OK"
2026-05-19 10:09:04,076 INFO HTTP Request: GET https://t.me/s/urgenciasyemergencias?before=983 "HTTP/1.1 200 OK"
2026-05-19 10:09:04,935 INFO HTTP Request: GET https://t.me/s/urgenciasyemergencias?before=960 "HTTP/1.1 200 OK"
2026-05-19 10:09:05,863 INFO HTTP Request: GET https://t.me/s/urgenciasyemergencias?before=936 "HTTP/1.1 200 OK"
2026-05-19 10:09:06,752 INFO HTTP Request: GET https://t.me/s/urgenciasyemergencias?before=915 "HTTP/1.1 200 OK"
2026-05-19 10:09:07,631 INFO HTTP Request: GET https://t.me/s/urgenciasyemergencias?before=892 "HTTP/1.1 200 OK"
2026-05-19 10:09:08,438 INFO HTTP Request: GET https://t.me/s/urgenciasyemergencias?before=872 "HTTP/1.1 200 OK"
2026-05-19 10:09:09,287 INFO HTTP Request: GET https://t.me/s/urgenciasyemergencias?before=852 "HTTP/1.1 200 OK"
2026-05-19 10:09:10,125 INFO HTTP Request: GET https://t.me/s/urgenciasyemergencias?before=827 "HTTP/1.1 200 OK"
2026-05-19 10:09:10,934 INFO HTTP Request: GET https://t.me/s/urgenciasyemergencias?before=804 "HTTP/1.1 200 OK"
2026-05-19 10:09:11,754 INFO HTTP Request: GET https://t.me/s/urgenciasyemergencias?before=781 "HTTP/1.1 200 OK"
2026-05-19 10:09:12,589 INFO HTTP Request: GET https://t.me/s/urgenciasyemergencias?before=760 "HTTP/1.1 200 OK"
2026-05-19 10:09:14,413 INFO HTTP Request: GET https://t.me/s/urgenciasyemergencias?before=739 "HTTP/1.1 200 OK"
2026-05-19 10:09:15,256 INFO HTTP Request: GET https://t.me/s/urgenciasyemergencias?before=718 "HTTP/1.1 200 OK"
2026-05-19 10:09:16,194 INFO HTTP Request: GET https://t.me/s/urgenciasyemergencias?before=698 "HTTP/1.1 200 OK"
2026-05-19 10:09:17,059 INFO HTTP Request: GET https://t.me/s/urgenciasyemergencias?before=677 "HTTP/1.1 200 OK"
2026-05-19 10:09:17,917 INFO HTTP Request: GET https://t.me/s/urgenciasyemergencias?before=654 "HTTP/1.1 200 OK"
2026-05-19 10:09:18,754 INFO HTTP Request: GET https://t.me/s/urgenciasyemergencias?before=630 "HTTP/1.1 200 OK"
2026-05-19 10:09:19,586 INFO HTTP Request: GET https://t.me/s/urgenciasyemergencias?before=609 "HTTP/1.1 200 OK"
2026-05-19 10:09:20,554 INFO HTTP Request: GET https://t.me/s/urgenciasyemergencias?before=588 "HTTP/1.1 200 OK"
2026-05-19 10:09:21,464 INFO HTTP Request: GET https://t.me/s/urgenciasyemergencias?before=567 "HTTP/1.1 200 OK"
2026-05-19 10:09:22,361 INFO HTTP Request: GET https://t.me/s/urgenciasyemergencias?before=546 "HTTP/1.1 200 OK"
2026-05-19 10:09:23,277 INFO HTTP Request: GET https://t.me/s/urgenciasyemergencias?before=524 "HTTP/1.1 200 OK"
2026-05-19 10:09:24,152 INFO HTTP Request: GET https://t.me/s/urgenciasyemergencias?before=504 "HTTP/1.1 200 OK"
2026-05-19 10:09:25,125 INFO HTTP Request: GET https://t.me/s/urgenciasyemergencias?before=482 "HTTP/1.1 200 OK"
2026-05-19 10:09:25,974 INFO HTTP Request: GET https://t.me/s/urgenciasyemergencias?before=459 "HTTP/1.1 200 OK"
2026-05-19 10:09:26,825 INFO HTTP Request: GET https://t.me/s/urgenciasyemergencias?before=437 "HTTP/1.1 200 OK"
2026-05-19 10:09:27,671 INFO HTTP Request: GET https://t.me/s/urgenciasyemergencias?before=416 "HTTP/1.1 200 OK"
2026-05-19 10:09:28,528 INFO HTTP Request: GET https://t.me/s/urgenciasyemergencias?before=394 "HTTP/1.1 200 OK"
2026-05-19 10:09:29,401 INFO HTTP Request: GET https://t.me/s/urgenciasyemergencias?before=374 "HTTP/1.1 200 OK"
2026-05-19 10:09:30,253 INFO HTTP Request: GET https://t.me/s/urgenciasyemergencias?before=351 "HTTP/1.1 200 OK"
2026-05-19 10:09:31,118 INFO HTTP Request: GET https://t.me/s/urgenciasyemergencias?before=327 "HTTP/1.1 200 OK"
2026-05-19 10:09:31,953 INFO HTTP Request: GET https://t.me/s/urgenciasyemergencias?before=306 "HTTP/1.1 200 OK"
2026-05-19 10:09:32,751 INFO HTTP Request: GET https://t.me/s/urgenciasyemergencias?before=286 "HTTP/1.1 200 OK"
2026-05-19 10:09:33,673 INFO HTTP Request: GET https://t.me/s/urgenciasyemergencias?before=262 "HTTP/1.1 200 OK"
2026-05-19 10:09:34,421 INFO HTTP Request: GET https://t.me/s/urgenciasyemergencias?before=238 "HTTP/1.1 200 OK"
2026-05-19 10:09:35,187 INFO HTTP Request: GET https://t.me/s/urgenciasyemergencias?before=217 "HTTP/1.1 200 OK"
2026-05-19 10:09:35,999 INFO HTTP Request: GET https://t.me/s/urgenciasyemergencias?before=196 "HTTP/1.1 200 OK"
2026-05-19 10:09:36,905 INFO HTTP Request: GET https://t.me/s/urgenciasyemergencias?before=175 "HTTP/1.1 200 OK"
2026-05-19 10:09:37,738 INFO HTTP Request: GET https://t.me/s/urgenciasyemergencias?before=153 "HTTP/1.1 200 OK"
2026-05-19 10:09:38,578 INFO HTTP Request: GET https://t.me/s/urgenciasyemergencias?before=131 "HTTP/1.1 200 OK"
2026-05-19 10:09:39,477 INFO HTTP Request: GET https://t.me/s/urgenciasyemergencias?before=111 "HTTP/1.1 200 OK"
2026-05-19 10:09:40,287 INFO HTTP Request: GET https://t.me/s/urgenciasyemergencias?before=91 "HTTP/1.1 200 OK"
2026-05-19 10:09:41,057 INFO HTTP Request: GET https://t.me/s/urgenciasyemergencias?before=69 "HTTP/1.1 200 OK"
2026-05-19 10:09:41,822 INFO HTTP Request: GET https://t.me/s/urgenciasyemergencias?before=48 "HTTP/1.1 200 OK"
2026-05-19 10:09:42,690 INFO HTTP Request: GET https://t.me/s/urgenciasyemergencias?before=27 "HTTP/1.1 200 OK"
2026-05-19 10:09:43,391 INFO HTTP Request: GET https://t.me/s/urgenciasyemergencias?before=1 "HTTP/1.1 200 OK"
2026-05-19 10:09:43,501 INFO [51/108] @urgenciasyemergencias posts=2072 source=tme_full_preview
2026-05-19 10:09:44,003 INFO Trying t.me/s/cardiology_premium_videos ...
2026-05-19 10:09:44,802 INFO HTTP Request: GET https://t.me/s/cardiology_premium_videos "HTTP/1.1 302 Found"
2026-05-19 10:09:45,081 INFO HTTP Request: GET https://t.me/cardiology_premium_videos "HTTP/1.1 200 OK"
2026-05-19 10:09:45,082 INFO TGStat sample for cardiology_premium_videos (no public preview)
2026-05-19 10:09:46,624 INFO HTTP Request: GET https://tgstat.com/channel/@cardiology_premium_videos "HTTP/1.1 302 Found"
2026-05-19 10:09:48,120 INFO HTTP Request: GET https://tgstat.com/channel/@Cardiology_premium_videos "HTTP/1.1 200 OK"
2026-05-19 10:09:48,558 INFO [52/108] @cardiology_premium_videos posts=2 source=tgstat_sample
2026-05-19 10:09:49,071 INFO Trying t.me/s/newdermbooks ...
2026-05-19 10:09:49,873 INFO HTTP Request: GET https://t.me/s/newdermbooks "HTTP/1.1 302 Found"
2026-05-19 10:09:50,154 INFO HTTP Request: GET https://t.me/newdermbooks "HTTP/1.1 200 OK"
2026-05-19 10:09:50,154 INFO TGStat sample for newdermbooks (no public preview)
2026-05-19 10:09:50,832 INFO HTTP Request: GET https://tgstat.com/channel/@newdermbooks "HTTP/1.1 404 Not Found"
2026-05-19 10:09:51,511 INFO HTTP Request: GET https://tgstat.com/channel/@newdermbooks "HTTP/1.1 404 Not Found"
2026-05-19 10:09:52,169 INFO HTTP Request: GET https://tgstat.com/channel/@Newdermbooks "HTTP/1.1 404 Not Found"
2026-05-19 10:09:52,531 INFO [53/108] @newdermbooks posts=0 source=no_public_data
2026-05-19 10:09:53,041 INFO Trying t.me/s/surgerynb ...
2026-05-19 10:09:54,133 INFO HTTP Request: GET https://t.me/s/surgerynb "HTTP/1.1 200 OK"
2026-05-19 10:09:55,132 INFO HTTP Request: GET https://t.me/s/surgerynb?before=2851 "HTTP/1.1 200 OK"
2026-05-19 10:09:55,975 INFO HTTP Request: GET https://t.me/s/surgerynb?before=2831 "HTTP/1.1 200 OK"
2026-05-19 10:09:56,832 INFO HTTP Request: GET https://t.me/s/surgerynb?before=2806 "HTTP/1.1 200 OK"
2026-05-19 10:09:57,668 INFO HTTP Request: GET https://t.me/s/surgerynb?before=2786 "HTTP/1.1 200 OK"
2026-05-19 10:09:58,540 INFO HTTP Request: GET https://t.me/s/surgerynb?before=2764 "HTTP/1.1 200 OK"
2026-05-19 10:09:59,355 INFO HTTP Request: GET https://t.me/s/surgerynb?before=2742 "HTTP/1.1 200 OK"
2026-05-19 10:10:00,260 INFO HTTP Request: GET https://t.me/s/surgerynb?before=2707 "HTTP/1.1 200 OK"
2026-05-19 10:10:01,101 INFO HTTP Request: GET https://t.me/s/surgerynb?before=2672 "HTTP/1.1 200 OK"
2026-05-19 10:10:01,966 INFO HTTP Request: GET https://t.me/s/surgerynb?before=2652 "HTTP/1.1 200 OK"
2026-05-19 10:10:02,900 INFO HTTP Request: GET https://t.me/s/surgerynb?before=2632 "HTTP/1.1 200 OK"
2026-05-19 10:10:03,725 INFO HTTP Request: GET https://t.me/s/surgerynb?before=2485 "HTTP/1.1 200 OK"
2026-05-19 10:10:04,624 INFO HTTP Request: GET https://t.me/s/surgerynb?before=2455 "HTTP/1.1 200 OK"
2026-05-19 10:10:05,481 INFO HTTP Request: GET https://t.me/s/surgerynb?before=2407 "HTTP/1.1 200 OK"
2026-05-19 10:10:06,322 INFO HTTP Request: GET https://t.me/s/surgerynb?before=2375 "HTTP/1.1 200 OK"
2026-05-19 10:10:07,169 INFO HTTP Request: GET https://t.me/s/surgerynb?before=2351 "HTTP/1.1 200 OK"
2026-05-19 10:10:08,009 INFO HTTP Request: GET https://t.me/s/surgerynb?before=2328 "HTTP/1.1 200 OK"
2026-05-19 10:10:08,868 INFO HTTP Request: GET https://t.me/s/surgerynb?before=2276 "HTTP/1.1 200 OK"
2026-05-19 10:10:09,635 INFO HTTP Request: GET https://t.me/s/surgerynb?before=2256 "HTTP/1.1 200 OK"
2026-05-19 10:10:10,383 INFO HTTP Request: GET https://t.me/s/surgerynb?before=2236 "HTTP/1.1 200 OK"
2026-05-19 10:10:11,165 INFO HTTP Request: GET https://t.me/s/surgerynb?before=2216 "HTTP/1.1 200 OK"
2026-05-19 10:10:11,980 INFO HTTP Request: GET https://t.me/s/surgerynb?before=2067 "HTTP/1.1 200 OK"
2026-05-19 10:10:12,868 INFO HTTP Request: GET https://t.me/s/surgerynb?before=1974 "HTTP/1.1 200 OK"
2026-05-19 10:10:13,726 INFO HTTP Request: GET https://t.me/s/surgerynb?before=1912 "HTTP/1.1 200 OK"
2026-05-19 10:10:14,535 INFO HTTP Request: GET https://t.me/s/surgerynb?before=1741 "HTTP/1.1 200 OK"
2026-05-19 10:10:15,318 INFO HTTP Request: GET https://t.me/s/surgerynb?before=1721 "HTTP/1.1 200 OK"
2026-05-19 10:10:16,096 INFO HTTP Request: GET https://t.me/s/surgerynb?before=1647 "HTTP/1.1 200 OK"
2026-05-19 10:10:16,910 INFO HTTP Request: GET https://t.me/s/surgerynb?before=1242 "HTTP/1.1 200 OK"
2026-05-19 10:10:17,762 INFO HTTP Request: GET https://t.me/s/surgerynb?before=879 "HTTP/1.1 200 OK"
2026-05-19 10:10:18,578 INFO HTTP Request: GET https://t.me/s/surgerynb?before=859 "HTTP/1.1 200 OK"
2026-05-19 10:10:19,396 INFO HTTP Request: GET https://t.me/s/surgerynb?before=839 "HTTP/1.1 200 OK"
2026-05-19 10:10:20,220 INFO HTTP Request: GET https://t.me/s/surgerynb?before=819 "HTTP/1.1 200 OK"
2026-05-19 10:10:21,093 INFO HTTP Request: GET https://t.me/s/surgerynb?before=799 "HTTP/1.1 200 OK"
2026-05-19 10:10:21,913 INFO HTTP Request: GET https://t.me/s/surgerynb?before=779 "HTTP/1.1 200 OK"
2026-05-19 10:10:22,719 INFO HTTP Request: GET https://t.me/s/surgerynb?before=759 "HTTP/1.1 200 OK"
2026-05-19 10:10:23,498 INFO HTTP Request: GET https://t.me/s/surgerynb?before=739 "HTTP/1.1 200 OK"
2026-05-19 10:10:24,334 INFO HTTP Request: GET https://t.me/s/surgerynb?before=719 "HTTP/1.1 200 OK"
2026-05-19 10:10:25,175 INFO HTTP Request: GET https://t.me/s/surgerynb?before=699 "HTTP/1.1 200 OK"
2026-05-19 10:10:25,977 INFO HTTP Request: GET https://t.me/s/surgerynb?before=679 "HTTP/1.1 200 OK"
2026-05-19 10:10:26,877 INFO HTTP Request: GET https://t.me/s/surgerynb?before=552 "HTTP/1.1 200 OK"
2026-05-19 10:10:27,840 INFO HTTP Request: GET https://t.me/s/surgerynb?before=532 "HTTP/1.1 200 OK"
2026-05-19 10:10:28,777 INFO HTTP Request: GET https://t.me/s/surgerynb?before=512 "HTTP/1.1 200 OK"
2026-05-19 10:10:29,583 INFO HTTP Request: GET https://t.me/s/surgerynb?before=492 "HTTP/1.1 200 OK"
2026-05-19 10:10:30,466 INFO HTTP Request: GET https://t.me/s/surgerynb?before=329 "HTTP/1.1 200 OK"
2026-05-19 10:10:31,340 INFO HTTP Request: GET https://t.me/s/surgerynb?before=271 "HTTP/1.1 200 OK"
2026-05-19 10:10:32,121 INFO HTTP Request: GET https://t.me/s/surgerynb?before=247 "HTTP/1.1 200 OK"
2026-05-19 10:10:32,901 INFO HTTP Request: GET https://t.me/s/surgerynb?before=164 "HTTP/1.1 200 OK"
2026-05-19 10:10:33,657 INFO HTTP Request: GET https://t.me/s/surgerynb?before=89 "HTTP/1.1 200 OK"
2026-05-19 10:10:34,415 INFO HTTP Request: GET https://t.me/s/surgerynb?before=69 "HTTP/1.1 200 OK"
2026-05-19 10:10:35,168 INFO HTTP Request: GET https://t.me/s/surgerynb?before=49 "HTTP/1.1 200 OK"
2026-05-19 10:10:35,954 INFO HTTP Request: GET https://t.me/s/surgerynb?before=29 "HTTP/1.1 200 OK"
2026-05-19 10:10:36,660 INFO HTTP Request: GET https://t.me/s/surgerynb?before=2 "HTTP/1.1 200 OK"
2026-05-19 10:10:37,328 INFO HTTP Request: GET https://t.me/s/surgerynb?before=1 "HTTP/1.1 200 OK"
2026-05-19 10:10:37,386 INFO [54/108] @surgerynb posts=1020 source=tme_full_preview
2026-05-19 10:10:37,892 INFO Trying t.me/s/medstudyvideos ...
2026-05-19 10:10:38,694 INFO HTTP Request: GET https://t.me/s/medstudyvideos "HTTP/1.1 302 Found"
2026-05-19 10:10:38,977 INFO HTTP Request: GET https://t.me/medstudyvideos "HTTP/1.1 200 OK"
2026-05-19 10:10:38,978 INFO TGStat sample for medstudyvideos (no public preview)
2026-05-19 10:10:40,314 INFO HTTP Request: GET https://tgstat.com/channel/@medstudyvideos "HTTP/1.1 302 Found"
2026-05-19 10:10:41,690 INFO HTTP Request: GET https://tgstat.com/channel/@Medstudyvideos "HTTP/1.1 200 OK"
2026-05-19 10:10:42,887 INFO HTTP Request: GET https://tgstat.com/channel/@medstudyvideos "HTTP/1.1 302 Found"
2026-05-19 10:10:43,874 INFO HTTP Request: GET https://tgstat.com/channel/@Medstudyvideos "HTTP/1.1 200 OK"
2026-05-19 10:10:45,248 INFO HTTP Request: GET https://tgstat.com/channel/@Medstudyvideos "HTTP/1.1 200 OK"
2026-05-19 10:10:46,050 INFO [55/108] @medstudyvideos posts=0 source=no_public_data
2026-05-19 10:10:46,563 INFO Trying t.me/s/medical_library25 ...
2026-05-19 10:10:47,501 INFO HTTP Request: GET https://t.me/s/medical_library25 "HTTP/1.1 200 OK"
2026-05-19 10:10:48,362 INFO HTTP Request: GET https://t.me/s/medical_library25?before=537 "HTTP/1.1 200 OK"
2026-05-19 10:10:49,318 INFO HTTP Request: GET https://t.me/s/medical_library25?before=515 "HTTP/1.1 200 OK"
2026-05-19 10:10:50,231 INFO HTTP Request: GET https://t.me/s/medical_library25?before=489 "HTTP/1.1 200 OK"
2026-05-19 10:10:51,105 INFO HTTP Request: GET https://t.me/s/medical_library25?before=465 "HTTP/1.1 200 OK"
2026-05-19 10:10:52,013 INFO HTTP Request: GET https://t.me/s/medical_library25?before=445 "HTTP/1.1 200 OK"
2026-05-19 10:10:52,923 INFO HTTP Request: GET https://t.me/s/medical_library25?before=422 "HTTP/1.1 200 OK"
2026-05-19 10:10:53,848 INFO HTTP Request: GET https://t.me/s/medical_library25?before=348 "HTTP/1.1 200 OK"
2026-05-19 10:10:54,644 INFO HTTP Request: GET https://t.me/s/medical_library25?before=308 "HTTP/1.1 200 OK"
2026-05-19 10:10:55,345 INFO HTTP Request: GET https://t.me/s/medical_library25?before=1 "HTTP/1.1 200 OK"
2026-05-19 10:10:55,390 INFO [56/108] @medical_library25 posts=170 source=tme_full_preview
2026-05-19 10:10:55,900 INFO Trying t.me/s/medic_store ...
2026-05-19 10:10:57,318 INFO HTTP Request: GET https://t.me/s/medic_store "HTTP/1.1 200 OK"
2026-05-19 10:10:58,369 INFO HTTP Request: GET https://t.me/s/medic_store?before=142 "HTTP/1.1 200 OK"
2026-05-19 10:10:59,442 INFO HTTP Request: GET https://t.me/s/medic_store?before=120 "HTTP/1.1 200 OK"
2026-05-19 10:11:00,392 INFO HTTP Request: GET https://t.me/s/medic_store?before=87 "HTTP/1.1 200 OK"
2026-05-19 10:11:01,209 INFO HTTP Request: GET https://t.me/s/medic_store?before=51 "HTTP/1.1 200 OK"
2026-05-19 10:11:01,898 INFO HTTP Request: GET https://t.me/s/medic_store?before=1 "HTTP/1.1 200 OK"
2026-05-19 10:11:01,939 INFO [57/108] @medic_store posts=86 source=tme_full_preview
2026-05-19 10:11:02,450 INFO Trying t.me/s/radiology_ebooks ...
2026-05-19 10:11:03,277 INFO HTTP Request: GET https://t.me/s/radiology_ebooks "HTTP/1.1 302 Found"
2026-05-19 10:11:03,561 INFO HTTP Request: GET https://t.me/radiology_ebooks "HTTP/1.1 200 OK"
2026-05-19 10:11:03,563 INFO TGStat sample for radiology_ebooks (no public preview)
2026-05-19 10:11:04,885 INFO HTTP Request: GET https://tgstat.com/channel/@radiology_ebooks "HTTP/1.1 302 Found"
2026-05-19 10:11:07,447 INFO HTTP Request: GET https://in.tgstat.com/channel/@radiology_ebooks "HTTP/1.1 200 OK"
2026-05-19 10:11:08,254 INFO [58/108] @radiology_ebooks posts=9 source=tgstat_sample
2026-05-19 10:11:08,771 INFO Trying t.me/s/thesurgerytimes ...
2026-05-19 10:11:09,711 INFO HTTP Request: GET https://t.me/s/thesurgerytimes "HTTP/1.1 200 OK"
2026-05-19 10:11:10,601 INFO HTTP Request: GET https://t.me/s/thesurgerytimes?before=5571 "HTTP/1.1 200 OK"
2026-05-19 10:11:11,525 INFO HTTP Request: GET https://t.me/s/thesurgerytimes?before=5550 "HTTP/1.1 200 OK"
2026-05-19 10:11:12,495 INFO HTTP Request: GET https://t.me/s/thesurgerytimes?before=5529 "HTTP/1.1 200 OK"
2026-05-19 10:11:13,476 INFO HTTP Request: GET https://t.me/s/thesurgerytimes?before=5509 "HTTP/1.1 200 OK"
2026-05-19 10:11:14,421 INFO HTTP Request: GET https://t.me/s/thesurgerytimes?before=5488 "HTTP/1.1 200 OK"
2026-05-19 10:11:15,484 INFO HTTP Request: GET https://t.me/s/thesurgerytimes?before=5465 "HTTP/1.1 200 OK"
2026-05-19 10:11:16,402 INFO HTTP Request: GET https://t.me/s/thesurgerytimes?before=5438 "HTTP/1.1 200 OK"
2026-05-19 10:11:17,380 INFO HTTP Request: GET https://t.me/s/thesurgerytimes?before=5412 "HTTP/1.1 200 OK"
2026-05-19 10:11:18,317 INFO HTTP Request: GET https://t.me/s/thesurgerytimes?before=5390 "HTTP/1.1 200 OK"
2026-05-19 10:11:19,231 INFO HTTP Request: GET https://t.me/s/thesurgerytimes?before=5370 "HTTP/1.1 200 OK"
2026-05-19 10:11:20,130 INFO HTTP Request: GET https://t.me/s/thesurgerytimes?before=5350 "HTTP/1.1 200 OK"
2026-05-19 10:11:21,027 INFO HTTP Request: GET https://t.me/s/thesurgerytimes?before=5329 "HTTP/1.1 200 OK"
2026-05-19 10:11:21,931 INFO HTTP Request: GET https://t.me/s/thesurgerytimes?before=5307 "HTTP/1.1 200 OK"
2026-05-19 10:11:22,833 INFO HTTP Request: GET https://t.me/s/thesurgerytimes?before=5282 "HTTP/1.1 200 OK"
2026-05-19 10:11:23,740 INFO HTTP Request: GET https://t.me/s/thesurgerytimes?before=5259 "HTTP/1.1 200 OK"
2026-05-19 10:11:24,651 INFO HTTP Request: GET https://t.me/s/thesurgerytimes?before=5239 "HTTP/1.1 200 OK"
2026-05-19 10:11:25,617 INFO HTTP Request: GET https://t.me/s/thesurgerytimes?before=5217 "HTTP/1.1 200 OK"
2026-05-19 10:11:26,533 INFO HTTP Request: GET https://t.me/s/thesurgerytimes?before=5197 "HTTP/1.1 200 OK"
2026-05-19 10:11:27,477 INFO HTTP Request: GET https://t.me/s/thesurgerytimes?before=5177 "HTTP/1.1 200 OK"
2026-05-19 10:11:28,350 INFO HTTP Request: GET https://t.me/s/thesurgerytimes?before=5155 "HTTP/1.1 200 OK"
2026-05-19 10:11:29,267 INFO HTTP Request: GET https://t.me/s/thesurgerytimes?before=5135 "HTTP/1.1 200 OK"
2026-05-19 10:11:30,181 INFO HTTP Request: GET https://t.me/s/thesurgerytimes?before=5114 "HTTP/1.1 200 OK"
2026-05-19 10:11:31,112 INFO HTTP Request: GET https://t.me/s/thesurgerytimes?before=5093 "HTTP/1.1 200 OK"
2026-05-19 10:11:32,035 INFO HTTP Request: GET https://t.me/s/thesurgerytimes?before=5073 "HTTP/1.1 200 OK"
2026-05-19 10:11:33,026 INFO HTTP Request: GET https://t.me/s/thesurgerytimes?before=5052 "HTTP/1.1 200 OK"
2026-05-19 10:11:33,935 INFO HTTP Request: GET https://t.me/s/thesurgerytimes?before=5030 "HTTP/1.1 200 OK"
2026-05-19 10:11:34,870 INFO HTTP Request: GET https://t.me/s/thesurgerytimes?before=5010 "HTTP/1.1 200 OK"
2026-05-19 10:11:35,818 INFO HTTP Request: GET https://t.me/s/thesurgerytimes?before=4989 "HTTP/1.1 200 OK"
2026-05-19 10:11:36,651 INFO HTTP Request: GET https://t.me/s/thesurgerytimes?before=4969 "HTTP/1.1 200 OK"
2026-05-19 10:11:37,519 INFO HTTP Request: GET https://t.me/s/thesurgerytimes?before=4948 "HTTP/1.1 200 OK"
2026-05-19 10:11:38,389 INFO HTTP Request: GET https://t.me/s/thesurgerytimes?before=4927 "HTTP/1.1 200 OK"
2026-05-19 10:11:39,334 INFO HTTP Request: GET https://t.me/s/thesurgerytimes?before=4907 "HTTP/1.1 200 OK"
2026-05-19 10:11:40,213 INFO HTTP Request: GET https://t.me/s/thesurgerytimes?before=4887 "HTTP/1.1 200 OK"
2026-05-19 10:11:41,057 INFO HTTP Request: GET https://t.me/s/thesurgerytimes?before=4866 "HTTP/1.1 200 OK"
2026-05-19 10:11:42,043 INFO HTTP Request: GET https://t.me/s/thesurgerytimes?before=4846 "HTTP/1.1 200 OK"
2026-05-19 10:11:42,986 INFO HTTP Request: GET https://t.me/s/thesurgerytimes?before=4824 "HTTP/1.1 200 OK"
2026-05-19 10:11:43,874 INFO HTTP Request: GET https://t.me/s/thesurgerytimes?before=4803 "HTTP/1.1 200 OK"
2026-05-19 10:11:44,819 INFO HTTP Request: GET https://t.me/s/thesurgerytimes?before=4783 "HTTP/1.1 200 OK"
2026-05-19 10:11:45,656 INFO HTTP Request: GET https://t.me/s/thesurgerytimes?before=4762 "HTTP/1.1 200 OK"
2026-05-19 10:11:46,577 INFO HTTP Request: GET https://t.me/s/thesurgerytimes?before=4742 "HTTP/1.1 200 OK"
2026-05-19 10:11:47,471 INFO HTTP Request: GET https://t.me/s/thesurgerytimes?before=4722 "HTTP/1.1 200 OK"
2026-05-19 10:11:48,390 INFO HTTP Request: GET https://t.me/s/thesurgerytimes?before=4702 "HTTP/1.1 200 OK"
2026-05-19 10:11:49,271 INFO HTTP Request: GET https://t.me/s/thesurgerytimes?before=4682 "HTTP/1.1 200 OK"
2026-05-19 10:11:50,140 INFO HTTP Request: GET https://t.me/s/thesurgerytimes?before=4661 "HTTP/1.1 200 OK"
2026-05-19 10:11:50,994 INFO HTTP Request: GET https://t.me/s/thesurgerytimes?before=4641 "HTTP/1.1 200 OK"
2026-05-19 10:11:51,926 INFO HTTP Request: GET https://t.me/s/thesurgerytimes?before=4621 "HTTP/1.1 200 OK"
2026-05-19 10:11:52,817 INFO HTTP Request: GET https://t.me/s/thesurgerytimes?before=4599 "HTTP/1.1 200 OK"
2026-05-19 10:11:53,714 INFO HTTP Request: GET https://t.me/s/thesurgerytimes?before=4579 "HTTP/1.1 200 OK"
2026-05-19 10:11:55,062 INFO HTTP Request: GET https://t.me/s/thesurgerytimes?before=4559 "HTTP/1.1 200 OK"
2026-05-19 10:11:56,034 INFO HTTP Request: GET https://t.me/s/thesurgerytimes?before=4539 "HTTP/1.1 200 OK"
2026-05-19 10:11:57,070 INFO HTTP Request: GET https://t.me/s/thesurgerytimes?before=4519 "HTTP/1.1 200 OK"
2026-05-19 10:11:58,366 INFO HTTP Request: GET https://t.me/s/thesurgerytimes?before=4497 "HTTP/1.1 200 OK"
2026-05-19 10:11:59,294 INFO HTTP Request: GET https://t.me/s/thesurgerytimes?before=4477 "HTTP/1.1 200 OK"
2026-05-19 10:12:00,169 INFO HTTP Request: GET https://t.me/s/thesurgerytimes?before=4454 "HTTP/1.1 200 OK"
2026-05-19 10:12:01,063 INFO HTTP Request: GET https://t.me/s/thesurgerytimes?before=4429 "HTTP/1.1 200 OK"
2026-05-19 10:12:02,003 INFO HTTP Request: GET https://t.me/s/thesurgerytimes?before=4409 "HTTP/1.1 200 OK"
2026-05-19 10:12:02,940 INFO HTTP Request: GET https://t.me/s/thesurgerytimes?before=4386 "HTTP/1.1 200 OK"
2026-05-19 10:12:03,797 INFO HTTP Request: GET https://t.me/s/thesurgerytimes?before=4358 "HTTP/1.1 200 OK"
2026-05-19 10:12:04,686 INFO HTTP Request: GET https://t.me/s/thesurgerytimes?before=4331 "HTTP/1.1 200 OK"
2026-05-19 10:12:05,633 INFO HTTP Request: GET https://t.me/s/thesurgerytimes?before=4309 "HTTP/1.1 200 OK"
2026-05-19 10:12:06,500 INFO HTTP Request: GET https://t.me/s/thesurgerytimes?before=4286 "HTTP/1.1 200 OK"
2026-05-19 10:12:07,412 INFO HTTP Request: GET https://t.me/s/thesurgerytimes?before=4259 "HTTP/1.1 200 OK"
2026-05-19 10:12:08,310 INFO HTTP Request: GET https://t.me/s/thesurgerytimes?before=4238 "HTTP/1.1 200 OK"
2026-05-19 10:12:09,328 INFO HTTP Request: GET https://t.me/s/thesurgerytimes?before=4209 "HTTP/1.1 200 OK"
2026-05-19 10:12:10,205 INFO HTTP Request: GET https://t.me/s/thesurgerytimes?before=4188 "HTTP/1.1 200 OK"
2026-05-19 10:12:11,297 INFO HTTP Request: GET https://t.me/s/thesurgerytimes?before=4162 "HTTP/1.1 200 OK"
2026-05-19 10:12:12,357 INFO HTTP Request: GET https://t.me/s/thesurgerytimes?before=4131 "HTTP/1.1 200 OK"
2026-05-19 10:12:13,309 INFO HTTP Request: GET https://t.me/s/thesurgerytimes?before=4107 "HTTP/1.1 200 OK"
2026-05-19 10:12:14,215 INFO HTTP Request: GET https://t.me/s/thesurgerytimes?before=4080 "HTTP/1.1 200 OK"
2026-05-19 10:12:15,197 INFO HTTP Request: GET https://t.me/s/thesurgerytimes?before=4051 "HTTP/1.1 200 OK"
2026-05-19 10:12:16,123 INFO HTTP Request: GET https://t.me/s/thesurgerytimes?before=4023 "HTTP/1.1 200 OK"
2026-05-19 10:12:17,035 INFO HTTP Request: GET https://t.me/s/thesurgerytimes?before=3998 "HTTP/1.1 200 OK"
2026-05-19 10:12:17,966 INFO HTTP Request: GET https://t.me/s/thesurgerytimes?before=3971 "HTTP/1.1 200 OK"
2026-05-19 10:12:18,903 INFO HTTP Request: GET https://t.me/s/thesurgerytimes?before=3939 "HTTP/1.1 200 OK"
2026-05-19 10:12:19,779 INFO HTTP Request: GET https://t.me/s/thesurgerytimes?before=3907 "HTTP/1.1 200 OK"
2026-05-19 10:12:20,703 INFO HTTP Request: GET https://t.me/s/thesurgerytimes?before=3878 "HTTP/1.1 200 OK"
2026-05-19 10:12:21,673 INFO HTTP Request: GET https://t.me/s/thesurgerytimes?before=3842 "HTTP/1.1 200 OK"
2026-05-19 10:12:22,546 INFO HTTP Request: GET https://t.me/s/thesurgerytimes?before=3811 "HTTP/1.1 200 OK"
2026-05-19 10:12:23,513 INFO HTTP Request: GET https://t.me/s/thesurgerytimes?before=3773 "HTTP/1.1 200 OK"
2026-05-19 10:12:24,407 INFO HTTP Request: GET https://t.me/s/thesurgerytimes?before=3726 "HTTP/1.1 200 OK"
2026-05-19 10:12:25,364 INFO HTTP Request: GET https://t.me/s/thesurgerytimes?before=3700 "HTTP/1.1 200 OK"
2026-05-19 10:12:26,299 INFO HTTP Request: GET https://t.me/s/thesurgerytimes?before=3669 "HTTP/1.1 200 OK"
2026-05-19 10:12:27,232 INFO HTTP Request: GET https://t.me/s/thesurgerytimes?before=3646 "HTTP/1.1 200 OK"
2026-05-19 10:12:28,181 INFO HTTP Request: GET https://t.me/s/thesurgerytimes?before=3623 "HTTP/1.1 200 OK"
2026-05-19 10:12:29,046 INFO HTTP Request: GET https://t.me/s/thesurgerytimes?before=3597 "HTTP/1.1 200 OK"
2026-05-19 10:12:29,922 INFO HTTP Request: GET https://t.me/s/thesurgerytimes?before=3575 "HTTP/1.1 200 OK"
2026-05-19 10:12:30,918 INFO HTTP Request: GET https://t.me/s/thesurgerytimes?before=3550 "HTTP/1.1 200 OK"
2026-05-19 10:12:31,776 INFO HTTP Request: GET https://t.me/s/thesurgerytimes?before=3527 "HTTP/1.1 200 OK"
2026-05-19 10:12:32,667 INFO HTTP Request: GET https://t.me/s/thesurgerytimes?before=3501 "HTTP/1.1 200 OK"
2026-05-19 10:12:33,539 INFO HTTP Request: GET https://t.me/s/thesurgerytimes?before=3477 "HTTP/1.1 200 OK"
2026-05-19 10:12:34,463 INFO HTTP Request: GET https://t.me/s/thesurgerytimes?before=3449 "HTTP/1.1 200 OK"
2026-05-19 10:12:35,340 INFO HTTP Request: GET https://t.me/s/thesurgerytimes?before=3428 "HTTP/1.1 200 OK"
2026-05-19 10:12:36,251 INFO HTTP Request: GET https://t.me/s/thesurgerytimes?before=3406 "HTTP/1.1 200 OK"
2026-05-19 10:12:37,105 INFO HTTP Request: GET https://t.me/s/thesurgerytimes?before=3379 "HTTP/1.1 200 OK"
2026-05-19 10:12:37,997 INFO HTTP Request: GET https://t.me/s/thesurgerytimes?before=3356 "HTTP/1.1 200 OK"
2026-05-19 10:12:38,973 INFO HTTP Request: GET https://t.me/s/thesurgerytimes?before=3334 "HTTP/1.1 200 OK"
2026-05-19 10:12:39,920 INFO HTTP Request: GET https://t.me/s/thesurgerytimes?before=3313 "HTTP/1.1 200 OK"
2026-05-19 10:12:40,820 INFO HTTP Request: GET https://t.me/s/thesurgerytimes?before=3291 "HTTP/1.1 200 OK"
2026-05-19 10:12:41,762 INFO HTTP Request: GET https://t.me/s/thesurgerytimes?before=3269 "HTTP/1.1 200 OK"
2026-05-19 10:12:42,637 INFO HTTP Request: GET https://t.me/s/thesurgerytimes?before=3245 "HTTP/1.1 200 OK"
2026-05-19 10:12:43,507 INFO HTTP Request: GET https://t.me/s/thesurgerytimes?before=3224 "HTTP/1.1 200 OK"
2026-05-19 10:12:44,386 INFO HTTP Request: GET https://t.me/s/thesurgerytimes?before=3196 "HTTP/1.1 200 OK"
2026-05-19 10:12:45,256 INFO HTTP Request: GET https://t.me/s/thesurgerytimes?before=3172 "HTTP/1.1 200 OK"
2026-05-19 10:12:46,115 INFO HTTP Request: GET https://t.me/s/thesurgerytimes?before=3142 "HTTP/1.1 200 OK"
2026-05-19 10:12:47,030 INFO HTTP Request: GET https://t.me/s/thesurgerytimes?before=3112 "HTTP/1.1 200 OK"
2026-05-19 10:12:47,906 INFO HTTP Request: GET https://t.me/s/thesurgerytimes?before=3090 "HTTP/1.1 200 OK"
2026-05-19 10:12:48,841 INFO HTTP Request: GET https://t.me/s/thesurgerytimes?before=3069 "HTTP/1.1 200 OK"
2026-05-19 10:12:49,709 INFO HTTP Request: GET https://t.me/s/thesurgerytimes?before=3048 "HTTP/1.1 200 OK"
2026-05-19 10:12:50,580 INFO HTTP Request: GET https://t.me/s/thesurgerytimes?before=3026 "HTTP/1.1 200 OK"
2026-05-19 10:12:51,448 INFO HTTP Request: GET https://t.me/s/thesurgerytimes?before=3006 "HTTP/1.1 200 OK"
2026-05-19 10:12:52,307 INFO HTTP Request: GET https://t.me/s/thesurgerytimes?before=2986 "HTTP/1.1 200 OK"
2026-05-19 10:12:53,158 INFO HTTP Request: GET https://t.me/s/thesurgerytimes?before=2964 "HTTP/1.1 200 OK"
2026-05-19 10:12:54,051 INFO HTTP Request: GET https://t.me/s/thesurgerytimes?before=2944 "HTTP/1.1 200 OK"
2026-05-19 10:12:54,941 INFO HTTP Request: GET https://t.me/s/thesurgerytimes?before=2921 "HTTP/1.1 200 OK"
2026-05-19 10:12:55,826 INFO HTTP Request: GET https://t.me/s/thesurgerytimes?before=2899 "HTTP/1.1 200 OK"
2026-05-19 10:12:56,799 INFO HTTP Request: GET https://t.me/s/thesurgerytimes?before=2878 "HTTP/1.1 200 OK"
2026-05-19 10:12:57,682 INFO HTTP Request: GET https://t.me/s/thesurgerytimes?before=2854 "HTTP/1.1 200 OK"
2026-05-19 10:12:58,560 INFO HTTP Request: GET https://t.me/s/thesurgerytimes?before=2834 "HTTP/1.1 200 OK"
2026-05-19 10:12:59,470 INFO HTTP Request: GET https://t.me/s/thesurgerytimes?before=2811 "HTTP/1.1 200 OK"
2026-05-19 10:13:00,021 INFO [59/108] @thesurgerytimes posts=2385 source=tme_full_preview
2026-05-19 10:13:00,531 INFO Trying t.me/s/surgerybyhamoud ...
2026-05-19 10:13:01,351 INFO HTTP Request: GET https://t.me/s/surgerybyhamoud "HTTP/1.1 302 Found"
2026-05-19 10:13:01,625 INFO HTTP Request: GET https://t.me/surgerybyhamoud "HTTP/1.1 200 OK"
2026-05-19 10:13:01,626 INFO TGStat sample for surgerybyhamoud (no public preview)
2026-05-19 10:13:02,980 INFO HTTP Request: GET https://tgstat.com/channel/@surgerybyhamoud "HTTP/1.1 302 Found"
2026-05-19 10:13:04,341 INFO HTTP Request: GET https://tgstat.com/channel/@SurgeryByHamoud "HTTP/1.1 200 OK"
2026-05-19 10:13:05,462 INFO HTTP Request: GET https://tgstat.com/channel/@surgerybyhamoud "HTTP/1.1 302 Found"
2026-05-19 10:13:06,786 INFO HTTP Request: GET https://tgstat.com/channel/@SurgeryByHamoud "HTTP/1.1 200 OK"
2026-05-19 10:13:07,894 INFO HTTP Request: GET https://tgstat.com/channel/@Surgerybyhamoud "HTTP/1.1 302 Found"
2026-05-19 10:13:09,199 INFO HTTP Request: GET https://tgstat.com/channel/@SurgeryByHamoud "HTTP/1.1 200 OK"
2026-05-19 10:13:10,054 INFO [60/108] @surgerybyhamoud posts=0 source=no_public_data
2026-05-19 10:13:10,567 INFO [61/108] skip @medicallibrarymax (cached)
2026-05-19 10:13:10,571 INFO Trying t.me/s/medical_ebook_pdfs ...
2026-05-19 10:13:11,374 INFO HTTP Request: GET https://t.me/s/medical_ebook_pdfs "HTTP/1.1 302 Found"
2026-05-19 10:13:11,653 INFO HTTP Request: GET https://t.me/medical_ebook_pdfs "HTTP/1.1 200 OK"
2026-05-19 10:13:11,655 INFO TGStat sample for medical_ebook_pdfs (no public preview)
2026-05-19 10:13:12,355 INFO HTTP Request: GET https://tgstat.com/channel/@medical_ebook_pdfs "HTTP/1.1 404 Not Found"
2026-05-19 10:13:13,048 INFO HTTP Request: GET https://tgstat.com/channel/@medical_ebook_pdfs "HTTP/1.1 404 Not Found"
2026-05-19 10:13:13,765 INFO HTTP Request: GET https://tgstat.com/channel/@Medical_Ebook_Pdfs "HTTP/1.1 404 Not Found"
2026-05-19 10:13:14,118 INFO [62/108] @medical_ebook_pdfs posts=0 source=no_public_data
2026-05-19 10:13:14,623 INFO Refreshing cache for @radiologygoldenbooks (posts=1 ebooks=0)
2026-05-19 10:13:14,625 INFO Trying t.me/s/radiologygoldenbooks ...
2026-05-19 10:13:15,451 INFO HTTP Request: GET https://t.me/s/radiologygoldenbooks "HTTP/1.1 302 Found"
2026-05-19 10:13:15,731 INFO HTTP Request: GET https://t.me/radiologygoldenbooks "HTTP/1.1 200 OK"
2026-05-19 10:13:15,732 INFO TGStat sample for radiologygoldenbooks (no public preview)
2026-05-19 10:13:17,380 INFO HTTP Request: GET https://tgstat.com/channel/@radiologygoldenbooks "HTTP/1.1 200 OK"
2026-05-19 10:13:17,875 INFO [63/108] @radiologygoldenbooks posts=1 source=tgstat_sample
2026-05-19 10:13:18,389 INFO Trying t.me/s/uro_first ...
2026-05-19 10:13:19,205 INFO HTTP Request: GET https://t.me/s/uro_first "HTTP/1.1 302 Found"
2026-05-19 10:13:19,488 INFO HTTP Request: GET https://t.me/uro_first "HTTP/1.1 200 OK"
2026-05-19 10:13:19,490 INFO TGStat sample for uro_first (no public preview)
2026-05-19 10:13:21,389 INFO HTTP Request: GET https://tgstat.com/channel/@uro_first "HTTP/1.1 200 OK"
2026-05-19 10:13:23,809 INFO HTTP Request: GET https://tgstat.com/channel/@uro_first "HTTP/1.1 200 OK"
2026-05-19 10:13:24,929 INFO HTTP Request: GET https://tgstat.com/channel/@Uro_First "HTTP/1.1 302 Found"
2026-05-19 10:13:26,819 INFO HTTP Request: GET https://tgstat.com/channel/@uro_first "HTTP/1.1 200 OK"
2026-05-19 10:13:27,656 INFO [64/108] @uro_first posts=0 source=no_public_data
2026-05-19 10:13:28,159 INFO Trying t.me/s/kmtcnursing ...
2026-05-19 10:13:29,181 INFO HTTP Request: GET https://t.me/s/kmtcnursing "HTTP/1.1 200 OK"
2026-05-19 10:13:30,049 INFO HTTP Request: GET https://t.me/s/kmtcnursing?before=1710 "HTTP/1.1 200 OK"
2026-05-19 10:13:30,922 INFO HTTP Request: GET https://t.me/s/kmtcnursing?before=1690 "HTTP/1.1 200 OK"
2026-05-19 10:13:31,805 INFO HTTP Request: GET https://t.me/s/kmtcnursing?before=1670 "HTTP/1.1 200 OK"
2026-05-19 10:13:32,765 INFO HTTP Request: GET https://t.me/s/kmtcnursing?before=1646 "HTTP/1.1 200 OK"
2026-05-19 10:13:33,603 INFO HTTP Request: GET https://t.me/s/kmtcnursing?before=1620 "HTTP/1.1 200 OK"
2026-05-19 10:13:34,675 INFO HTTP Request: GET https://t.me/s/kmtcnursing?before=1598 "HTTP/1.1 200 OK"
2026-05-19 10:13:35,559 INFO HTTP Request: GET https://t.me/s/kmtcnursing?before=1575 "HTTP/1.1 200 OK"
2026-05-19 10:13:36,486 INFO HTTP Request: GET https://t.me/s/kmtcnursing?before=1553 "HTTP/1.1 200 OK"
2026-05-19 10:13:37,302 INFO HTTP Request: GET https://t.me/s/kmtcnursing?before=1518 "HTTP/1.1 200 OK"
2026-05-19 10:13:38,220 INFO HTTP Request: GET https://t.me/s/kmtcnursing?before=1494 "HTTP/1.1 200 OK"
2026-05-19 10:13:39,196 INFO HTTP Request: GET https://t.me/s/kmtcnursing?before=1469 "HTTP/1.1 200 OK"
2026-05-19 10:13:40,119 INFO HTTP Request: GET https://t.me/s/kmtcnursing?before=1436 "HTTP/1.1 200 OK"
2026-05-19 10:13:41,072 INFO HTTP Request: GET https://t.me/s/kmtcnursing?before=1411 "HTTP/1.1 200 OK"
2026-05-19 10:13:42,001 INFO HTTP Request: GET https://t.me/s/kmtcnursing?before=1386 "HTTP/1.1 200 OK"
2026-05-19 10:13:42,897 INFO HTTP Request: GET https://t.me/s/kmtcnursing?before=1365 "HTTP/1.1 200 OK"
2026-05-19 10:13:43,844 INFO HTTP Request: GET https://t.me/s/kmtcnursing?before=1345 "HTTP/1.1 200 OK"
2026-05-19 10:13:44,764 INFO HTTP Request: GET https://t.me/s/kmtcnursing?before=1322 "HTTP/1.1 200 OK"
2026-05-19 10:13:45,690 INFO HTTP Request: GET https://t.me/s/kmtcnursing?before=1297 "HTTP/1.1 200 OK"
2026-05-19 10:13:46,668 INFO HTTP Request: GET https://t.me/s/kmtcnursing?before=1276 "HTTP/1.1 200 OK"
2026-05-19 10:13:47,603 INFO HTTP Request: GET https://t.me/s/kmtcnursing?before=1250 "HTTP/1.1 200 OK"
2026-05-19 10:13:48,477 INFO HTTP Request: GET https://t.me/s/kmtcnursing?before=1226 "HTTP/1.1 200 OK"
2026-05-19 10:13:49,306 INFO HTTP Request: GET https://t.me/s/kmtcnursing?before=1204 "HTTP/1.1 200 OK"
2026-05-19 10:13:50,172 INFO HTTP Request: GET https://t.me/s/kmtcnursing?before=1183 "HTTP/1.1 200 OK"
2026-05-19 10:13:51,068 INFO HTTP Request: GET https://t.me/s/kmtcnursing?before=1159 "HTTP/1.1 200 OK"
2026-05-19 10:13:52,022 INFO HTTP Request: GET https://t.me/s/kmtcnursing?before=1130 "HTTP/1.1 200 OK"
2026-05-19 10:13:52,974 INFO HTTP Request: GET https://t.me/s/kmtcnursing?before=1106 "HTTP/1.1 200 OK"
2026-05-19 10:13:53,913 INFO HTTP Request: GET https://t.me/s/kmtcnursing?before=1085 "HTTP/1.1 200 OK"
2026-05-19 10:13:54,723 INFO HTTP Request: GET https://t.me/s/kmtcnursing?before=1065 "HTTP/1.1 200 OK"
2026-05-19 10:13:55,585 INFO HTTP Request: GET https://t.me/s/kmtcnursing?before=1023 "HTTP/1.1 200 OK"
2026-05-19 10:13:56,476 INFO HTTP Request: GET https://t.me/s/kmtcnursing?before=1001 "HTTP/1.1 200 OK"
2026-05-19 10:13:57,421 INFO HTTP Request: GET https://t.me/s/kmtcnursing?before=977 "HTTP/1.1 200 OK"
2026-05-19 10:13:58,163 INFO HTTP Request: GET https://t.me/s/kmtcnursing?before=949 "HTTP/1.1 200 OK"
2026-05-19 10:13:58,907 INFO HTTP Request: GET https://t.me/s/kmtcnursing?before=929 "HTTP/1.1 200 OK"
2026-05-19 10:13:59,617 INFO HTTP Request: GET https://t.me/s/kmtcnursing?before=909 "HTTP/1.1 200 OK"
2026-05-19 10:14:00,393 INFO HTTP Request: GET https://t.me/s/kmtcnursing?before=889 "HTTP/1.1 200 OK"
2026-05-19 10:14:01,167 INFO HTTP Request: GET https://t.me/s/kmtcnursing?before=869 "HTTP/1.1 200 OK"
2026-05-19 10:14:01,961 INFO HTTP Request: GET https://t.me/s/kmtcnursing?before=844 "HTTP/1.1 200 OK"
2026-05-19 10:14:02,707 INFO HTTP Request: GET https://t.me/s/kmtcnursing?before=821 "HTTP/1.1 200 OK"
2026-05-19 10:14:03,432 INFO HTTP Request: GET https://t.me/s/kmtcnursing?before=801 "HTTP/1.1 200 OK"
2026-05-19 10:14:04,164 INFO HTTP Request: GET https://t.me/s/kmtcnursing?before=781 "HTTP/1.1 200 OK"
2026-05-19 10:14:05,019 INFO HTTP Request: GET https://t.me/s/kmtcnursing?before=761 "HTTP/1.1 200 OK"
2026-05-19 10:14:05,732 INFO HTTP Request: GET https://t.me/s/kmtcnursing?before=741 "HTTP/1.1 200 OK"
2026-05-19 10:14:06,458 INFO HTTP Request: GET https://t.me/s/kmtcnursing?before=721 "HTTP/1.1 200 OK"
2026-05-19 10:14:07,198 INFO HTTP Request: GET https://t.me/s/kmtcnursing?before=701 "HTTP/1.1 200 OK"
2026-05-19 10:14:07,961 INFO HTTP Request: GET https://t.me/s/kmtcnursing?before=681 "HTTP/1.1 200 OK"
2026-05-19 10:14:08,701 INFO HTTP Request: GET https://t.me/s/kmtcnursing?before=661 "HTTP/1.1 200 OK"
2026-05-19 10:14:09,445 INFO HTTP Request: GET https://t.me/s/kmtcnursing?before=632 "HTTP/1.1 200 OK"
2026-05-19 10:14:10,159 INFO HTTP Request: GET https://t.me/s/kmtcnursing?before=612 "HTTP/1.1 200 OK"
2026-05-19 10:14:10,898 INFO HTTP Request: GET https://t.me/s/kmtcnursing?before=592 "HTTP/1.1 200 OK"
2026-05-19 10:14:11,627 INFO HTTP Request: GET https://t.me/s/kmtcnursing?before=572 "HTTP/1.1 200 OK"
2026-05-19 10:14:12,342 INFO HTTP Request: GET https://t.me/s/kmtcnursing?before=552 "HTTP/1.1 200 OK"
2026-05-19 10:14:13,059 INFO HTTP Request: GET https://t.me/s/kmtcnursing?before=532 "HTTP/1.1 200 OK"
2026-05-19 10:14:13,832 INFO HTTP Request: GET https://t.me/s/kmtcnursing?before=512 "HTTP/1.1 200 OK"
2026-05-19 10:14:14,593 INFO HTTP Request: GET https://t.me/s/kmtcnursing?before=492 "HTTP/1.1 200 OK"
2026-05-19 10:14:15,324 INFO HTTP Request: GET https://t.me/s/kmtcnursing?before=472 "HTTP/1.1 200 OK"
2026-05-19 10:14:16,054 INFO HTTP Request: GET https://t.me/s/kmtcnursing?before=452 "HTTP/1.1 200 OK"
2026-05-19 10:14:16,793 INFO HTTP Request: GET https://t.me/s/kmtcnursing?before=432 "HTTP/1.1 200 OK"
2026-05-19 10:14:17,520 INFO HTTP Request: GET https://t.me/s/kmtcnursing?before=412 "HTTP/1.1 200 OK"
2026-05-19 10:14:18,240 INFO HTTP Request: GET https://t.me/s/kmtcnursing?before=392 "HTTP/1.1 200 OK"
2026-05-19 10:14:18,962 INFO HTTP Request: GET https://t.me/s/kmtcnursing?before=372 "HTTP/1.1 200 OK"
2026-05-19 10:14:19,692 INFO HTTP Request: GET https://t.me/s/kmtcnursing?before=352 "HTTP/1.1 200 OK"
2026-05-19 10:14:20,432 INFO HTTP Request: GET https://t.me/s/kmtcnursing?before=332 "HTTP/1.1 200 OK"
2026-05-19 10:14:21,159 INFO HTTP Request: GET https://t.me/s/kmtcnursing?before=312 "HTTP/1.1 200 OK"
2026-05-19 10:14:21,926 INFO HTTP Request: GET https://t.me/s/kmtcnursing?before=292 "HTTP/1.1 200 OK"
2026-05-19 10:14:22,726 INFO HTTP Request: GET https://t.me/s/kmtcnursing?before=272 "HTTP/1.1 200 OK"
2026-05-19 10:14:23,449 INFO HTTP Request: GET https://t.me/s/kmtcnursing?before=252 "HTTP/1.1 200 OK"
2026-05-19 10:14:24,184 INFO HTTP Request: GET https://t.me/s/kmtcnursing?before=232 "HTTP/1.1 200 OK"
2026-05-19 10:14:24,918 INFO HTTP Request: GET https://t.me/s/kmtcnursing?before=210 "HTTP/1.1 200 OK"
2026-05-19 10:14:25,699 INFO HTTP Request: GET https://t.me/s/kmtcnursing?before=190 "HTTP/1.1 200 OK"
2026-05-19 10:14:26,481 INFO HTTP Request: GET https://t.me/s/kmtcnursing?before=167 "HTTP/1.1 200 OK"
2026-05-19 10:14:27,205 INFO HTTP Request: GET https://t.me/s/kmtcnursing?before=144 "HTTP/1.1 200 OK"
2026-05-19 10:14:28,023 INFO HTTP Request: GET https://t.me/s/kmtcnursing?before=124 "HTTP/1.1 200 OK"
2026-05-19 10:14:28,823 INFO HTTP Request: GET https://t.me/s/kmtcnursing?before=103 "HTTP/1.1 200 OK"
2026-05-19 10:14:29,606 INFO HTTP Request: GET https://t.me/s/kmtcnursing?before=82 "HTTP/1.1 200 OK"
2026-05-19 10:14:30,337 INFO HTTP Request: GET https://t.me/s/kmtcnursing?before=56 "HTTP/1.1 200 OK"
2026-05-19 10:14:31,080 INFO HTTP Request: GET https://t.me/s/kmtcnursing?before=36 "HTTP/1.1 200 OK"
2026-05-19 10:14:31,814 INFO HTTP Request: GET https://t.me/s/kmtcnursing?before=7 "HTTP/1.1 200 OK"
2026-05-19 10:14:32,491 INFO HTTP Request: GET https://t.me/s/kmtcnursing?before=1 "HTTP/1.1 200 OK"
2026-05-19 10:14:32,548 INFO [65/108] @kmtcnursing posts=728 source=tme_full_preview
2026-05-19 10:14:33,058 INFO Trying t.me/s/maragia ...
2026-05-19 10:14:33,977 INFO HTTP Request: GET https://t.me/s/maragia "HTTP/1.1 200 OK"
2026-05-19 10:14:34,832 INFO HTTP Request: GET https://t.me/s/maragia?before=1783 "HTTP/1.1 200 OK"
2026-05-19 10:14:35,669 INFO HTTP Request: GET https://t.me/s/maragia?before=1763 "HTTP/1.1 200 OK"
2026-05-19 10:14:36,485 INFO HTTP Request: GET https://t.me/s/maragia?before=1738 "HTTP/1.1 200 OK"
2026-05-19 10:14:37,404 INFO HTTP Request: GET https://t.me/s/maragia?before=1718 "HTTP/1.1 200 OK"
2026-05-19 10:14:38,283 INFO HTTP Request: GET https://t.me/s/maragia?before=1689 "HTTP/1.1 200 OK"
2026-05-19 10:14:39,173 INFO HTTP Request: GET https://t.me/s/maragia?before=1626 "HTTP/1.1 200 OK"
2026-05-19 10:14:39,978 INFO HTTP Request: GET https://t.me/s/maragia?before=1606 "HTTP/1.1 200 OK"
2026-05-19 10:14:40,827 INFO HTTP Request: GET https://t.me/s/maragia?before=1586 "HTTP/1.1 200 OK"
2026-05-19 10:14:41,675 INFO HTTP Request: GET https://t.me/s/maragia?before=1565 "HTTP/1.1 200 OK"
2026-05-19 10:14:42,553 INFO HTTP Request: GET https://t.me/s/maragia?before=1545 "HTTP/1.1 200 OK"
2026-05-19 10:14:43,327 INFO HTTP Request: GET https://t.me/s/maragia?before=1525 "HTTP/1.1 200 OK"
2026-05-19 10:14:44,102 INFO HTTP Request: GET https://t.me/s/maragia?before=1505 "HTTP/1.1 200 OK"
2026-05-19 10:14:44,938 INFO HTTP Request: GET https://t.me/s/maragia?before=1485 "HTTP/1.1 200 OK"
2026-05-19 10:14:45,746 INFO HTTP Request: GET https://t.me/s/maragia?before=1453 "HTTP/1.1 200 OK"
2026-05-19 10:14:46,559 INFO HTTP Request: GET https://t.me/s/maragia?before=1430 "HTTP/1.1 200 OK"
2026-05-19 10:14:47,453 INFO HTTP Request: GET https://t.me/s/maragia?before=1410 "HTTP/1.1 200 OK"
2026-05-19 10:14:48,271 INFO HTTP Request: GET https://t.me/s/maragia?before=1390 "HTTP/1.1 200 OK"
2026-05-19 10:14:49,077 INFO HTTP Request: GET https://t.me/s/maragia?before=1370 "HTTP/1.1 200 OK"
2026-05-19 10:14:49,874 INFO HTTP Request: GET https://t.me/s/maragia?before=1348 "HTTP/1.1 200 OK"
2026-05-19 10:14:50,649 INFO HTTP Request: GET https://t.me/s/maragia?before=1321 "HTTP/1.1 200 OK"
2026-05-19 10:14:51,421 INFO HTTP Request: GET https://t.me/s/maragia?before=1299 "HTTP/1.1 200 OK"
2026-05-19 10:14:52,204 INFO HTTP Request: GET https://t.me/s/maragia?before=1263 "HTTP/1.1 200 OK"
2026-05-19 10:14:52,960 INFO HTTP Request: GET https://t.me/s/maragia?before=1236 "HTTP/1.1 200 OK"
2026-05-19 10:14:53,726 INFO HTTP Request: GET https://t.me/s/maragia?before=1215 "HTTP/1.1 200 OK"
2026-05-19 10:14:54,594 INFO HTTP Request: GET https://t.me/s/maragia?before=1195 "HTTP/1.1 200 OK"
2026-05-19 10:14:55,587 INFO HTTP Request: GET https://t.me/s/maragia?before=1172 "HTTP/1.1 200 OK"
2026-05-19 10:14:56,364 INFO HTTP Request: GET https://t.me/s/maragia?before=1152 "HTTP/1.1 200 OK"
2026-05-19 10:14:57,269 INFO HTTP Request: GET https://t.me/s/maragia?before=1124 "HTTP/1.1 200 OK"
2026-05-19 10:14:58,114 INFO HTTP Request: GET https://t.me/s/maragia?before=1104 "HTTP/1.1 200 OK"
2026-05-19 10:14:58,887 INFO HTTP Request: GET https://t.me/s/maragia?before=1084 "HTTP/1.1 200 OK"
2026-05-19 10:14:59,643 INFO HTTP Request: GET https://t.me/s/maragia?before=1046 "HTTP/1.1 200 OK"
2026-05-19 10:15:00,417 INFO HTTP Request: GET https://t.me/s/maragia?before=1019 "HTTP/1.1 200 OK"
2026-05-19 10:15:01,220 INFO HTTP Request: GET https://t.me/s/maragia?before=999 "HTTP/1.1 200 OK"
2026-05-19 10:15:02,147 INFO HTTP Request: GET https://t.me/s/maragia?before=978 "HTTP/1.1 200 OK"
2026-05-19 10:15:03,013 INFO HTTP Request: GET https://t.me/s/maragia?before=956 "HTTP/1.1 200 OK"
2026-05-19 10:15:03,965 INFO HTTP Request: GET https://t.me/s/maragia?before=929 "HTTP/1.1 200 OK"
2026-05-19 10:15:04,866 INFO HTTP Request: GET https://t.me/s/maragia?before=909 "HTTP/1.1 200 OK"
2026-05-19 10:15:05,719 INFO HTTP Request: GET https://t.me/s/maragia?before=870 "HTTP/1.1 200 OK"
2026-05-19 10:15:06,502 INFO HTTP Request: GET https://t.me/s/maragia?before=850 "HTTP/1.1 200 OK"
2026-05-19 10:15:07,391 INFO HTTP Request: GET https://t.me/s/maragia?before=830 "HTTP/1.1 200 OK"
2026-05-19 10:15:08,589 INFO HTTP Request: GET https://t.me/s/maragia?before=810 "HTTP/1.1 200 OK"
2026-05-19 10:15:09,494 INFO HTTP Request: GET https://t.me/s/maragia?before=789 "HTTP/1.1 200 OK"
2026-05-19 10:15:10,436 INFO HTTP Request: GET https://t.me/s/maragia?before=765 "HTTP/1.1 200 OK"
2026-05-19 10:15:11,524 INFO HTTP Request: GET https://t.me/s/maragia?before=745 "HTTP/1.1 200 OK"
2026-05-19 10:15:12,874 INFO HTTP Request: GET https://t.me/s/maragia?before=724 "HTTP/1.1 200 OK"
2026-05-19 10:15:13,732 INFO HTTP Request: GET https://t.me/s/maragia?before=704 "HTTP/1.1 200 OK"
2026-05-19 10:15:14,602 INFO HTTP Request: GET https://t.me/s/maragia?before=682 "HTTP/1.1 200 OK"
2026-05-19 10:15:15,521 INFO HTTP Request: GET https://t.me/s/maragia?before=662 "HTTP/1.1 200 OK"
2026-05-19 10:15:16,368 INFO HTTP Request: GET https://t.me/s/maragia?before=642 "HTTP/1.1 200 OK"
2026-05-19 10:15:17,138 INFO HTTP Request: GET https://t.me/s/maragia?before=622 "HTTP/1.1 200 OK"
2026-05-19 10:15:17,957 INFO HTTP Request: GET https://t.me/s/maragia?before=602 "HTTP/1.1 200 OK"
2026-05-19 10:15:18,787 INFO HTTP Request: GET https://t.me/s/maragia?before=582 "HTTP/1.1 200 OK"
2026-05-19 10:15:19,581 INFO HTTP Request: GET https://t.me/s/maragia?before=562 "HTTP/1.1 200 OK"
2026-05-19 10:15:20,428 INFO HTTP Request: GET https://t.me/s/maragia?before=542 "HTTP/1.1 200 OK"
2026-05-19 10:15:21,376 INFO HTTP Request: GET https://t.me/s/maragia?before=521 "HTTP/1.1 200 OK"
2026-05-19 10:15:22,254 INFO HTTP Request: GET https://t.me/s/maragia?before=500 "HTTP/1.1 200 OK"
2026-05-19 10:15:23,145 INFO HTTP Request: GET https://t.me/s/maragia?before=480 "HTTP/1.1 200 OK"
2026-05-19 10:15:24,000 INFO HTTP Request: GET https://t.me/s/maragia?before=460 "HTTP/1.1 200 OK"
2026-05-19 10:15:24,862 INFO HTTP Request: GET https://t.me/s/maragia?before=440 "HTTP/1.1 200 OK"
2026-05-19 10:15:25,882 INFO HTTP Request: GET https://t.me/s/maragia?before=420 "HTTP/1.1 200 OK"
2026-05-19 10:15:26,741 INFO HTTP Request: GET https://t.me/s/maragia?before=400 "HTTP/1.1 200 OK"
2026-05-19 10:15:27,755 INFO HTTP Request: GET https://t.me/s/maragia?before=376 "HTTP/1.1 200 OK"
2026-05-19 10:15:28,518 INFO HTTP Request: GET https://t.me/s/maragia?before=347 "HTTP/1.1 200 OK"
2026-05-19 10:15:29,338 INFO HTTP Request: GET https://t.me/s/maragia?before=327 "HTTP/1.1 200 OK"
2026-05-19 10:15:30,125 INFO HTTP Request: GET https://t.me/s/maragia?before=306 "HTTP/1.1 200 OK"
2026-05-19 10:15:30,940 INFO HTTP Request: GET https://t.me/s/maragia?before=275 "HTTP/1.1 200 OK"
2026-05-19 10:15:31,810 INFO HTTP Request: GET https://t.me/s/maragia?before=255 "HTTP/1.1 200 OK"
2026-05-19 10:15:32,612 INFO HTTP Request: GET https://t.me/s/maragia?before=230 "HTTP/1.1 200 OK"
2026-05-19 10:15:33,498 INFO HTTP Request: GET https://t.me/s/maragia?before=203 "HTTP/1.1 200 OK"
2026-05-19 10:15:34,345 INFO HTTP Request: GET https://t.me/s/maragia?before=181 "HTTP/1.1 200 OK"
2026-05-19 10:15:35,189 INFO HTTP Request: GET https://t.me/s/maragia?before=160 "HTTP/1.1 200 OK"
2026-05-19 10:15:36,019 INFO HTTP Request: GET https://t.me/s/maragia?before=140 "HTTP/1.1 200 OK"
2026-05-19 10:15:36,842 INFO HTTP Request: GET https://t.me/s/maragia?before=116 "HTTP/1.1 200 OK"
2026-05-19 10:15:37,603 INFO HTTP Request: GET https://t.me/s/maragia?before=96 "HTTP/1.1 200 OK"
2026-05-19 10:15:38,457 INFO HTTP Request: GET https://t.me/s/maragia?before=76 "HTTP/1.1 200 OK"
2026-05-19 10:15:39,279 INFO HTTP Request: GET https://t.me/s/maragia?before=55 "HTTP/1.1 200 OK"
2026-05-19 10:15:40,146 INFO HTTP Request: GET https://t.me/s/maragia?before=24 "HTTP/1.1 200 OK"
2026-05-19 10:15:40,903 INFO HTTP Request: GET https://t.me/s/maragia?before=2 "HTTP/1.1 200 OK"
2026-05-19 10:15:41,587 INFO HTTP Request: GET https://t.me/s/maragia?before=1 "HTTP/1.1 200 OK"
2026-05-19 10:15:41,677 INFO [66/108] @maragia posts=1561 source=tme_full_preview
2026-05-19 10:15:42,177 INFO [67/108] skip @amcmcq (cached)
2026-05-19 10:15:42,178 INFO Trying t.me/s/bibliomed02 ...
2026-05-19 10:15:42,994 INFO HTTP Request: GET https://t.me/s/bibliomed02 "HTTP/1.1 302 Found"
2026-05-19 10:15:43,276 INFO HTTP Request: GET https://t.me/bibliomed02 "HTTP/1.1 200 OK"
2026-05-19 10:15:43,277 INFO TGStat sample for bibliomed02 (no public preview)
2026-05-19 10:15:45,690 INFO HTTP Request: GET https://tgstat.com/channel/@bibliomed02 "HTTP/1.1 200 OK"
2026-05-19 10:15:46,126 INFO [68/108] @bibliomed02 posts=13 source=tgstat_sample
2026-05-19 10:15:46,627 INFO Trying t.me/s/ophthbooks ...
2026-05-19 10:15:47,559 INFO HTTP Request: GET https://t.me/s/ophthbooks "HTTP/1.1 200 OK"
2026-05-19 10:15:48,405 INFO HTTP Request: GET https://t.me/s/ophthbooks?before=3759 "HTTP/1.1 200 OK"
2026-05-19 10:15:49,227 INFO HTTP Request: GET https://t.me/s/ophthbooks?before=3739 "HTTP/1.1 200 OK"
2026-05-19 10:15:50,090 INFO HTTP Request: GET https://t.me/s/ophthbooks?before=3719 "HTTP/1.1 200 OK"
2026-05-19 10:15:50,942 INFO HTTP Request: GET https://t.me/s/ophthbooks?before=3699 "HTTP/1.1 200 OK"
2026-05-19 10:15:51,896 INFO HTTP Request: GET https://t.me/s/ophthbooks?before=3679 "HTTP/1.1 200 OK"
2026-05-19 10:15:52,873 INFO HTTP Request: GET https://t.me/s/ophthbooks?before=3659 "HTTP/1.1 200 OK"
2026-05-19 10:15:53,769 INFO HTTP Request: GET https://t.me/s/ophthbooks?before=3639 "HTTP/1.1 200 OK"
2026-05-19 10:15:54,616 INFO HTTP Request: GET https://t.me/s/ophthbooks?before=3619 "HTTP/1.1 200 OK"
2026-05-19 10:15:55,525 INFO HTTP Request: GET https://t.me/s/ophthbooks?before=3599 "HTTP/1.1 200 OK"
2026-05-19 10:15:56,496 INFO HTTP Request: GET https://t.me/s/ophthbooks?before=3579 "HTTP/1.1 200 OK"
2026-05-19 10:15:57,488 INFO HTTP Request: GET https://t.me/s/ophthbooks?before=3559 "HTTP/1.1 200 OK"
2026-05-19 10:15:58,415 INFO HTTP Request: GET https://t.me/s/ophthbooks?before=3539 "HTTP/1.1 200 OK"
2026-05-19 10:15:59,267 INFO HTTP Request: GET https://t.me/s/ophthbooks?before=3519 "HTTP/1.1 200 OK"
2026-05-19 10:16:00,145 INFO HTTP Request: GET https://t.me/s/ophthbooks?before=3499 "HTTP/1.1 200 OK"
2026-05-19 10:16:01,022 INFO HTTP Request: GET https://t.me/s/ophthbooks?before=3479 "HTTP/1.1 200 OK"
2026-05-19 10:16:01,979 INFO HTTP Request: GET https://t.me/s/ophthbooks?before=3459 "HTTP/1.1 200 OK"
2026-05-19 10:16:02,940 INFO HTTP Request: GET https://t.me/s/ophthbooks?before=3439 "HTTP/1.1 200 OK"
2026-05-19 10:16:03,877 INFO HTTP Request: GET https://t.me/s/ophthbooks?before=3419 "HTTP/1.1 200 OK"
2026-05-19 10:16:04,873 INFO HTTP Request: GET https://t.me/s/ophthbooks?before=3399 "HTTP/1.1 200 OK"
2026-05-19 10:16:05,833 INFO HTTP Request: GET https://t.me/s/ophthbooks?before=3379 "HTTP/1.1 200 OK"
2026-05-19 10:16:06,771 INFO HTTP Request: GET https://t.me/s/ophthbooks?before=3359 "HTTP/1.1 200 OK"
2026-05-19 10:16:07,746 INFO HTTP Request: GET https://t.me/s/ophthbooks?before=3339 "HTTP/1.1 200 OK"
2026-05-19 10:16:08,719 INFO HTTP Request: GET https://t.me/s/ophthbooks?before=3319 "HTTP/1.1 200 OK"
2026-05-19 10:16:09,679 INFO HTTP Request: GET https://t.me/s/ophthbooks?before=3299 "HTTP/1.1 200 OK"
2026-05-19 10:16:10,684 INFO HTTP Request: GET https://t.me/s/ophthbooks?before=3279 "HTTP/1.1 200 OK"
2026-05-19 10:16:11,784 INFO HTTP Request: GET https://t.me/s/ophthbooks?before=3258 "HTTP/1.1 200 OK"
2026-05-19 10:16:12,715 INFO HTTP Request: GET https://t.me/s/ophthbooks?before=3238 "HTTP/1.1 200 OK"
2026-05-19 10:16:13,664 INFO HTTP Request: GET https://t.me/s/ophthbooks?before=3218 "HTTP/1.1 200 OK"
2026-05-19 10:16:14,650 INFO HTTP Request: GET https://t.me/s/ophthbooks?before=3195 "HTTP/1.1 200 OK"
2026-05-19 10:16:15,610 INFO HTTP Request: GET https://t.me/s/ophthbooks?before=3171 "HTTP/1.1 200 OK"
2026-05-19 10:16:16,554 INFO HTTP Request: GET https://t.me/s/ophthbooks?before=3149 "HTTP/1.1 200 OK"
2026-05-19 10:16:17,550 INFO HTTP Request: GET https://t.me/s/ophthbooks?before=3126 "HTTP/1.1 200 OK"
2026-05-19 10:16:18,454 INFO HTTP Request: GET https://t.me/s/ophthbooks?before=3106 "HTTP/1.1 200 OK"
2026-05-19 10:16:19,445 INFO HTTP Request: GET https://t.me/s/ophthbooks?before=3086 "HTTP/1.1 200 OK"
2026-05-19 10:16:20,450 INFO HTTP Request: GET https://t.me/s/ophthbooks?before=3066 "HTTP/1.1 200 OK"
2026-05-19 10:16:21,383 INFO HTTP Request: GET https://t.me/s/ophthbooks?before=3046 "HTTP/1.1 200 OK"
2026-05-19 10:16:22,333 INFO HTTP Request: GET https://t.me/s/ophthbooks?before=3026 "HTTP/1.1 200 OK"
2026-05-19 10:16:23,291 INFO HTTP Request: GET https://t.me/s/ophthbooks?before=3006 "HTTP/1.1 200 OK"
2026-05-19 10:16:24,202 INFO HTTP Request: GET https://t.me/s/ophthbooks?before=2986 "HTTP/1.1 200 OK"
2026-05-19 10:16:25,159 INFO HTTP Request: GET https://t.me/s/ophthbooks?before=2962 "HTTP/1.1 200 OK"
2026-05-19 10:16:26,088 INFO HTTP Request: GET https://t.me/s/ophthbooks?before=2941 "HTTP/1.1 200 OK"
2026-05-19 10:16:27,007 INFO HTTP Request: GET https://t.me/s/ophthbooks?before=2921 "HTTP/1.1 200 OK"
2026-05-19 10:16:28,022 INFO HTTP Request: GET https://t.me/s/ophthbooks?before=2900 "HTTP/1.1 200 OK"
2026-05-19 10:16:29,028 INFO HTTP Request: GET https://t.me/s/ophthbooks?before=2880 "HTTP/1.1 200 OK"
2026-05-19 10:16:29,953 INFO HTTP Request: GET https://t.me/s/ophthbooks?before=2860 "HTTP/1.1 200 OK"
2026-05-19 10:16:30,871 INFO HTTP Request: GET https://t.me/s/ophthbooks?before=2840 "HTTP/1.1 200 OK"
2026-05-19 10:16:31,847 INFO HTTP Request: GET https://t.me/s/ophthbooks?before=2820 "HTTP/1.1 200 OK"
2026-05-19 10:16:32,808 INFO HTTP Request: GET https://t.me/s/ophthbooks?before=2800 "HTTP/1.1 200 OK"
2026-05-19 10:16:33,728 INFO HTTP Request: GET https://t.me/s/ophthbooks?before=2780 "HTTP/1.1 200 OK"
2026-05-19 10:16:34,707 INFO HTTP Request: GET https://t.me/s/ophthbooks?before=2759 "HTTP/1.1 200 OK"
2026-05-19 10:16:35,689 INFO HTTP Request: GET https://t.me/s/ophthbooks?before=2739 "HTTP/1.1 200 OK"
2026-05-19 10:16:36,586 INFO HTTP Request: GET https://t.me/s/ophthbooks?before=2719 "HTTP/1.1 200 OK"
2026-05-19 10:16:37,492 INFO HTTP Request: GET https://t.me/s/ophthbooks?before=2699 "HTTP/1.1 200 OK"
2026-05-19 10:16:38,394 INFO HTTP Request: GET https://t.me/s/ophthbooks?before=2679 "HTTP/1.1 200 OK"
2026-05-19 10:16:39,295 INFO HTTP Request: GET https://t.me/s/ophthbooks?before=2659 "HTTP/1.1 200 OK"
2026-05-19 10:16:40,195 INFO HTTP Request: GET https://t.me/s/ophthbooks?before=2639 "HTTP/1.1 200 OK"
2026-05-19 10:16:41,113 INFO HTTP Request: GET https://t.me/s/ophthbooks?before=2619 "HTTP/1.1 200 OK"
2026-05-19 10:16:42,050 INFO HTTP Request: GET https://t.me/s/ophthbooks?before=2599 "HTTP/1.1 200 OK"
2026-05-19 10:16:43,030 INFO HTTP Request: GET https://t.me/s/ophthbooks?before=2579 "HTTP/1.1 200 OK"
2026-05-19 10:16:43,916 INFO HTTP Request: GET https://t.me/s/ophthbooks?before=2559 "HTTP/1.1 200 OK"
2026-05-19 10:16:44,812 INFO HTTP Request: GET https://t.me/s/ophthbooks?before=2539 "HTTP/1.1 200 OK"
2026-05-19 10:16:45,704 INFO HTTP Request: GET https://t.me/s/ophthbooks?before=2519 "HTTP/1.1 200 OK"
2026-05-19 10:16:46,616 INFO HTTP Request: GET https://t.me/s/ophthbooks?before=2499 "HTTP/1.1 200 OK"
2026-05-19 10:16:47,568 INFO HTTP Request: GET https://t.me/s/ophthbooks?before=2479 "HTTP/1.1 200 OK"
2026-05-19 10:16:48,454 INFO HTTP Request: GET https://t.me/s/ophthbooks?before=2459 "HTTP/1.1 200 OK"
2026-05-19 10:16:49,352 INFO HTTP Request: GET https://t.me/s/ophthbooks?before=2439 "HTTP/1.1 200 OK"
2026-05-19 10:16:50,252 INFO HTTP Request: GET https://t.me/s/ophthbooks?before=2419 "HTTP/1.1 200 OK"
2026-05-19 10:16:51,228 INFO HTTP Request: GET https://t.me/s/ophthbooks?before=2399 "HTTP/1.1 200 OK"
2026-05-19 10:16:52,126 INFO HTTP Request: GET https://t.me/s/ophthbooks?before=2379 "HTTP/1.1 200 OK"
2026-05-19 10:16:53,055 INFO HTTP Request: GET https://t.me/s/ophthbooks?before=2359 "HTTP/1.1 200 OK"
2026-05-19 10:16:53,942 INFO HTTP Request: GET https://t.me/s/ophthbooks?before=2339 "HTTP/1.1 200 OK"
2026-05-19 10:16:54,855 INFO HTTP Request: GET https://t.me/s/ophthbooks?before=2319 "HTTP/1.1 200 OK"
2026-05-19 10:16:55,814 INFO HTTP Request: GET https://t.me/s/ophthbooks?before=2299 "HTTP/1.1 200 OK"
2026-05-19 10:16:56,756 INFO HTTP Request: GET https://t.me/s/ophthbooks?before=2279 "HTTP/1.1 200 OK"
2026-05-19 10:16:57,681 INFO HTTP Request: GET https://t.me/s/ophthbooks?before=2259 "HTTP/1.1 200 OK"
2026-05-19 10:16:58,587 INFO HTTP Request: GET https://t.me/s/ophthbooks?before=2239 "HTTP/1.1 200 OK"
2026-05-19 10:16:59,595 INFO HTTP Request: GET https://t.me/s/ophthbooks?before=2219 "HTTP/1.1 200 OK"
2026-05-19 10:17:00,516 INFO HTTP Request: GET https://t.me/s/ophthbooks?before=2199 "HTTP/1.1 200 OK"
2026-05-19 10:17:01,428 INFO HTTP Request: GET https://t.me/s/ophthbooks?before=2179 "HTTP/1.1 200 OK"
2026-05-19 10:17:02,323 INFO HTTP Request: GET https://t.me/s/ophthbooks?before=2159 "HTTP/1.1 200 OK"
2026-05-19 10:17:03,247 INFO HTTP Request: GET https://t.me/s/ophthbooks?before=2139 "HTTP/1.1 200 OK"
2026-05-19 10:17:04,140 INFO HTTP Request: GET https://t.me/s/ophthbooks?before=2119 "HTTP/1.1 200 OK"
2026-05-19 10:17:05,021 INFO HTTP Request: GET https://t.me/s/ophthbooks?before=2099 "HTTP/1.1 200 OK"
2026-05-19 10:17:05,922 INFO HTTP Request: GET https://t.me/s/ophthbooks?before=2079 "HTTP/1.1 200 OK"
2026-05-19 10:17:06,803 INFO HTTP Request: GET https://t.me/s/ophthbooks?before=2059 "HTTP/1.1 200 OK"
2026-05-19 10:17:07,689 INFO HTTP Request: GET https://t.me/s/ophthbooks?before=2039 "HTTP/1.1 200 OK"
2026-05-19 10:17:08,584 INFO HTTP Request: GET https://t.me/s/ophthbooks?before=2019 "HTTP/1.1 200 OK"
2026-05-19 10:17:09,516 INFO HTTP Request: GET https://t.me/s/ophthbooks?before=1999 "HTTP/1.1 200 OK"
2026-05-19 10:17:10,425 INFO HTTP Request: GET https://t.me/s/ophthbooks?before=1979 "HTTP/1.1 200 OK"
2026-05-19 10:17:11,338 INFO HTTP Request: GET https://t.me/s/ophthbooks?before=1959 "HTTP/1.1 200 OK"
2026-05-19 10:17:12,263 INFO HTTP Request: GET https://t.me/s/ophthbooks?before=1939 "HTTP/1.1 200 OK"
2026-05-19 10:17:13,182 INFO HTTP Request: GET https://t.me/s/ophthbooks?before=1919 "HTTP/1.1 200 OK"
2026-05-19 10:17:14,061 INFO HTTP Request: GET https://t.me/s/ophthbooks?before=1899 "HTTP/1.1 200 OK"
2026-05-19 10:17:15,003 INFO HTTP Request: GET https://t.me/s/ophthbooks?before=1879 "HTTP/1.1 200 OK"
2026-05-19 10:17:15,993 INFO HTTP Request: GET https://t.me/s/ophthbooks?before=1859 "HTTP/1.1 200 OK"
2026-05-19 10:17:16,917 INFO HTTP Request: GET https://t.me/s/ophthbooks?before=1839 "HTTP/1.1 200 OK"
2026-05-19 10:17:17,865 INFO HTTP Request: GET https://t.me/s/ophthbooks?before=1819 "HTTP/1.1 200 OK"
2026-05-19 10:17:18,787 INFO HTTP Request: GET https://t.me/s/ophthbooks?before=1799 "HTTP/1.1 200 OK"
2026-05-19 10:17:19,683 INFO HTTP Request: GET https://t.me/s/ophthbooks?before=1779 "HTTP/1.1 200 OK"
2026-05-19 10:17:20,600 INFO HTTP Request: GET https://t.me/s/ophthbooks?before=1759 "HTTP/1.1 200 OK"
2026-05-19 10:17:21,512 INFO HTTP Request: GET https://t.me/s/ophthbooks?before=1739 "HTTP/1.1 200 OK"
2026-05-19 10:17:22,434 INFO HTTP Request: GET https://t.me/s/ophthbooks?before=1719 "HTTP/1.1 200 OK"
2026-05-19 10:17:23,422 INFO HTTP Request: GET https://t.me/s/ophthbooks?before=1699 "HTTP/1.1 200 OK"
2026-05-19 10:17:24,343 INFO HTTP Request: GET https://t.me/s/ophthbooks?before=1679 "HTTP/1.1 200 OK"
2026-05-19 10:17:25,247 INFO HTTP Request: GET https://t.me/s/ophthbooks?before=1659 "HTTP/1.1 200 OK"
2026-05-19 10:17:26,199 INFO HTTP Request: GET https://t.me/s/ophthbooks?before=1639 "HTTP/1.1 200 OK"
2026-05-19 10:17:27,172 INFO HTTP Request: GET https://t.me/s/ophthbooks?before=1619 "HTTP/1.1 200 OK"
2026-05-19 10:17:28,043 INFO HTTP Request: GET https://t.me/s/ophthbooks?before=1599 "HTTP/1.1 200 OK"
2026-05-19 10:17:28,947 INFO HTTP Request: GET https://t.me/s/ophthbooks?before=1579 "HTTP/1.1 200 OK"
2026-05-19 10:17:29,864 INFO HTTP Request: GET https://t.me/s/ophthbooks?before=1559 "HTTP/1.1 200 OK"
2026-05-19 10:17:30,749 INFO HTTP Request: GET https://t.me/s/ophthbooks?before=1539 "HTTP/1.1 200 OK"
2026-05-19 10:17:31,632 INFO HTTP Request: GET https://t.me/s/ophthbooks?before=1519 "HTTP/1.1 200 OK"
2026-05-19 10:17:32,611 INFO HTTP Request: GET https://t.me/s/ophthbooks?before=1499 "HTTP/1.1 200 OK"
2026-05-19 10:17:33,541 INFO HTTP Request: GET https://t.me/s/ophthbooks?before=1479 "HTTP/1.1 200 OK"
2026-05-19 10:17:34,424 INFO HTTP Request: GET https://t.me/s/ophthbooks?before=1459 "HTTP/1.1 200 OK"
2026-05-19 10:17:35,336 INFO HTTP Request: GET https://t.me/s/ophthbooks?before=1439 "HTTP/1.1 200 OK"
2026-05-19 10:17:36,307 INFO HTTP Request: GET https://t.me/s/ophthbooks?before=1419 "HTTP/1.1 200 OK"
2026-05-19 10:17:37,242 INFO HTTP Request: GET https://t.me/s/ophthbooks?before=1399 "HTTP/1.1 200 OK"
2026-05-19 10:17:38,138 INFO HTTP Request: GET https://t.me/s/ophthbooks?before=1379 "HTTP/1.1 200 OK"
2026-05-19 10:17:38,704 INFO [69/108] @ophthbooks posts=2400 source=tme_full_preview
2026-05-19 10:17:39,209 INFO Trying t.me/s/hematologys ...
2026-05-19 10:17:40,153 INFO HTTP Request: GET https://t.me/s/hematologys "HTTP/1.1 200 OK"
2026-05-19 10:17:40,962 INFO HTTP Request: GET https://t.me/s/hematologys?before=29346 "HTTP/1.1 200 OK"
2026-05-19 10:17:41,792 INFO HTTP Request: GET https://t.me/s/hematologys?before=29295 "HTTP/1.1 200 OK"
2026-05-19 10:17:42,590 INFO HTTP Request: GET https://t.me/s/hematologys?before=29258 "HTTP/1.1 200 OK"
2026-05-19 10:17:43,361 INFO HTTP Request: GET https://t.me/s/hematologys?before=29225 "HTTP/1.1 200 OK"
2026-05-19 10:17:44,132 INFO HTTP Request: GET https://t.me/s/hematologys?before=29199 "HTTP/1.1 200 OK"
2026-05-19 10:17:44,887 INFO HTTP Request: GET https://t.me/s/hematologys?before=29177 "HTTP/1.1 200 OK"
2026-05-19 10:17:45,683 INFO HTTP Request: GET https://t.me/s/hematologys?before=29134 "HTTP/1.1 200 OK"
2026-05-19 10:17:46,643 INFO HTTP Request: GET https://t.me/s/hematologys?before=29063 "HTTP/1.1 200 OK"
2026-05-19 10:17:47,477 INFO HTTP Request: GET https://t.me/s/hematologys?before=26888 "HTTP/1.1 200 OK"
2026-05-19 10:17:48,312 INFO HTTP Request: GET https://t.me/s/hematologys?before=25029 "HTTP/1.1 200 OK"
2026-05-19 10:17:49,208 INFO HTTP Request: GET https://t.me/s/hematologys?before=24024 "HTTP/1.1 200 OK"
2026-05-19 10:17:50,007 INFO HTTP Request: GET https://t.me/s/hematologys?before=9415 "HTTP/1.1 200 OK"
2026-05-19 10:17:50,793 INFO HTTP Request: GET https://t.me/s/hematologys?before=6578 "HTTP/1.1 200 OK"
2026-05-19 10:17:51,617 INFO HTTP Request: GET https://t.me/s/hematologys?before=3840 "HTTP/1.1 200 OK"
2026-05-19 10:17:52,468 INFO HTTP Request: GET https://t.me/s/hematologys?before=2185 "HTTP/1.1 200 OK"
2026-05-19 10:17:53,277 INFO HTTP Request: GET https://t.me/s/hematologys?before=2114 "HTTP/1.1 200 OK"
2026-05-19 10:17:54,110 INFO HTTP Request: GET https://t.me/s/hematologys?before=2055 "HTTP/1.1 200 OK"
2026-05-19 10:17:54,910 INFO HTTP Request: GET https://t.me/s/hematologys?before=1846 "HTTP/1.1 200 OK"
2026-05-19 10:17:55,719 INFO HTTP Request: GET https://t.me/s/hematologys?before=1817 "HTTP/1.1 200 OK"
2026-05-19 10:17:56,670 INFO HTTP Request: GET https://t.me/s/hematologys?before=1785 "HTTP/1.1 200 OK"
2026-05-19 10:17:57,554 INFO HTTP Request: GET https://t.me/s/hematologys?before=1752 "HTTP/1.1 200 OK"
2026-05-19 10:17:58,442 INFO HTTP Request: GET https://t.me/s/hematologys?before=1730 "HTTP/1.1 200 OK"
2026-05-19 10:17:59,358 INFO HTTP Request: GET https://t.me/s/hematologys?before=1706 "HTTP/1.1 200 OK"
2026-05-19 10:18:00,255 INFO HTTP Request: GET https://t.me/s/hematologys?before=1684 "HTTP/1.1 200 OK"
2026-05-19 10:18:01,244 INFO HTTP Request: GET https://t.me/s/hematologys?before=1663 "HTTP/1.1 200 OK"
2026-05-19 10:18:02,199 INFO HTTP Request: GET https://t.me/s/hematologys?before=1617 "HTTP/1.1 200 OK"
2026-05-19 10:18:03,119 INFO HTTP Request: GET https://t.me/s/hematologys?before=1572 "HTTP/1.1 200 OK"
2026-05-19 10:18:03,993 INFO HTTP Request: GET https://t.me/s/hematologys?before=1528 "HTTP/1.1 200 OK"
2026-05-19 10:18:04,826 INFO HTTP Request: GET https://t.me/s/hematologys?before=1501 "HTTP/1.1 200 OK"
2026-05-19 10:18:05,599 INFO HTTP Request: GET https://t.me/s/hematologys?before=1466 "HTTP/1.1 200 OK"
2026-05-19 10:18:06,515 INFO HTTP Request: GET https://t.me/s/hematologys?before=1399 "HTTP/1.1 200 OK"
2026-05-19 10:18:07,444 INFO HTTP Request: GET https://t.me/s/hematologys?before=1339 "HTTP/1.1 200 OK"
2026-05-19 10:18:08,492 INFO HTTP Request: GET https://t.me/s/hematologys?before=1302 "HTTP/1.1 200 OK"
2026-05-19 10:18:09,315 INFO HTTP Request: GET https://t.me/s/hematologys?before=1239 "HTTP/1.1 200 OK"
2026-05-19 10:18:10,209 INFO HTTP Request: GET https://t.me/s/hematologys?before=1197 "HTTP/1.1 200 OK"
2026-05-19 10:18:11,113 INFO HTTP Request: GET https://t.me/s/hematologys?before=1156 "HTTP/1.1 200 OK"
2026-05-19 10:18:12,042 INFO HTTP Request: GET https://t.me/s/hematologys?before=1134 "HTTP/1.1 200 OK"
2026-05-19 10:18:12,925 INFO HTTP Request: GET https://t.me/s/hematologys?before=1091 "HTTP/1.1 200 OK"
2026-05-19 10:18:13,804 INFO HTTP Request: GET https://t.me/s/hematologys?before=1055 "HTTP/1.1 200 OK"
2026-05-19 10:18:14,697 INFO HTTP Request: GET https://t.me/s/hematologys?before=1023 "HTTP/1.1 200 OK"
2026-05-19 10:18:15,628 INFO HTTP Request: GET https://t.me/s/hematologys?before=995 "HTTP/1.1 200 OK"
2026-05-19 10:18:16,579 INFO HTTP Request: GET https://t.me/s/hematologys?before=965 "HTTP/1.1 200 OK"
2026-05-19 10:18:17,470 INFO HTTP Request: GET https://t.me/s/hematologys?before=933 "HTTP/1.1 200 OK"
2026-05-19 10:18:18,390 INFO HTTP Request: GET https://t.me/s/hematologys?before=909 "HTTP/1.1 200 OK"
2026-05-19 10:18:19,356 INFO HTTP Request: GET https://t.me/s/hematologys?before=879 "HTTP/1.1 200 OK"
2026-05-19 10:18:20,264 INFO HTTP Request: GET https://t.me/s/hematologys?before=858 "HTTP/1.1 200 OK"
2026-05-19 10:18:21,247 INFO HTTP Request: GET https://t.me/s/hematologys?before=828 "HTTP/1.1 200 OK"
2026-05-19 10:18:22,176 INFO HTTP Request: GET https://t.me/s/hematologys?before=807 "HTTP/1.1 200 OK"
2026-05-19 10:18:23,157 INFO HTTP Request: GET https://t.me/s/hematologys?before=730 "HTTP/1.1 200 OK"
2026-05-19 10:18:24,161 INFO HTTP Request: GET https://t.me/s/hematologys?before=699 "HTTP/1.1 200 OK"
2026-05-19 10:18:25,046 INFO HTTP Request: GET https://t.me/s/hematologys?before=670 "HTTP/1.1 200 OK"
2026-05-19 10:18:25,933 INFO HTTP Request: GET https://t.me/s/hematologys?before=636 "HTTP/1.1 200 OK"
2026-05-19 10:18:26,810 INFO HTTP Request: GET https://t.me/s/hematologys?before=602 "HTTP/1.1 200 OK"
2026-05-19 10:18:27,751 INFO HTTP Request: GET https://t.me/s/hematologys?before=566 "HTTP/1.1 200 OK"
2026-05-19 10:18:28,663 INFO HTTP Request: GET https://t.me/s/hematologys?before=533 "HTTP/1.1 200 OK"
2026-05-19 10:18:29,585 INFO HTTP Request: GET https://t.me/s/hematologys?before=504 "HTTP/1.1 200 OK"
2026-05-19 10:18:30,502 INFO HTTP Request: GET https://t.me/s/hematologys?before=473 "HTTP/1.1 200 OK"
2026-05-19 10:18:31,349 INFO HTTP Request: GET https://t.me/s/hematologys?before=434 "HTTP/1.1 200 OK"
2026-05-19 10:18:32,245 INFO HTTP Request: GET https://t.me/s/hematologys?before=412 "HTTP/1.1 200 OK"
2026-05-19 10:18:33,144 INFO HTTP Request: GET https://t.me/s/hematologys?before=379 "HTTP/1.1 200 OK"
2026-05-19 10:18:34,055 INFO HTTP Request: GET https://t.me/s/hematologys?before=351 "HTTP/1.1 200 OK"
2026-05-19 10:18:34,933 INFO HTTP Request: GET https://t.me/s/hematologys?before=319 "HTTP/1.1 200 OK"
2026-05-19 10:18:35,862 INFO HTTP Request: GET https://t.me/s/hematologys?before=298 "HTTP/1.1 200 OK"
2026-05-19 10:18:36,750 INFO HTTP Request: GET https://t.me/s/hematologys?before=275 "HTTP/1.1 200 OK"
2026-05-19 10:18:37,603 INFO HTTP Request: GET https://t.me/s/hematologys?before=255 "HTTP/1.1 200 OK"
2026-05-19 10:18:38,469 INFO HTTP Request: GET https://t.me/s/hematologys?before=233 "HTTP/1.1 200 OK"
2026-05-19 10:18:39,366 INFO HTTP Request: GET https://t.me/s/hematologys?before=208 "HTTP/1.1 200 OK"
2026-05-19 10:18:40,303 INFO HTTP Request: GET https://t.me/s/hematologys?before=187 "HTTP/1.1 200 OK"
2026-05-19 10:18:41,221 INFO HTTP Request: GET https://t.me/s/hematologys?before=163 "HTTP/1.1 200 OK"
2026-05-19 10:18:42,092 INFO HTTP Request: GET https://t.me/s/hematologys?before=136 "HTTP/1.1 200 OK"
2026-05-19 10:18:42,988 INFO HTTP Request: GET https://t.me/s/hematologys?before=109 "HTTP/1.1 200 OK"
2026-05-19 10:18:43,932 INFO HTTP Request: GET https://t.me/s/hematologys?before=87 "HTTP/1.1 200 OK"
2026-05-19 10:18:44,803 INFO HTTP Request: GET https://t.me/s/hematologys?before=67 "HTTP/1.1 200 OK"
2026-05-19 10:18:45,671 INFO HTTP Request: GET https://t.me/s/hematologys?before=45 "HTTP/1.1 200 OK"
2026-05-19 10:18:46,489 INFO HTTP Request: GET https://t.me/s/hematologys?before=22 "HTTP/1.1 200 OK"
2026-05-19 10:18:47,223 INFO HTTP Request: GET https://t.me/s/hematologys?before=1 "HTTP/1.1 200 OK"
2026-05-19 10:18:47,302 INFO [70/108] @hematologys posts=1516 source=tme_full_preview
2026-05-19 10:18:47,813 INFO Trying t.me/s/mcqradiology ...
2026-05-19 10:18:48,609 INFO HTTP Request: GET https://t.me/s/mcqradiology "HTTP/1.1 302 Found"
2026-05-19 10:18:48,890 INFO HTTP Request: GET https://t.me/mcqradiology "HTTP/1.1 200 OK"
2026-05-19 10:18:48,891 INFO TGStat sample for mcqradiology (no public preview)
2026-05-19 10:18:51,036 INFO HTTP Request: GET https://tgstat.com/channel/@mcqradiology "HTTP/1.1 200 OK"
2026-05-19 10:18:51,562 INFO [71/108] @mcqradiology posts=12 source=tgstat_sample
2026-05-19 10:18:52,076 INFO Trying t.me/s/pediatric_pdfs ...
2026-05-19 10:18:52,889 INFO HTTP Request: GET https://t.me/s/pediatric_pdfs "HTTP/1.1 302 Found"
2026-05-19 10:18:53,176 INFO HTTP Request: GET https://t.me/pediatric_pdfs "HTTP/1.1 200 OK"
2026-05-19 10:18:53,177 INFO TGStat sample for pediatric_pdfs (no public preview)
2026-05-19 10:18:53,834 INFO HTTP Request: GET https://tgstat.com/channel/@pediatric_pdfs "HTTP/1.1 404 Not Found"
2026-05-19 10:18:54,516 INFO HTTP Request: GET https://tgstat.com/channel/@pediatric_pdfs "HTTP/1.1 404 Not Found"
2026-05-19 10:18:55,203 INFO HTTP Request: GET https://tgstat.com/channel/@Pediatric_Pdfs "HTTP/1.1 404 Not Found"
2026-05-19 10:18:55,558 INFO [72/108] @pediatric_pdfs posts=0 source=no_public_data
2026-05-19 10:18:56,060 INFO [73/108] skip @dtunewsmedicine (cached)
2026-05-19 10:18:56,062 INFO Trying t.me/s/internalmedicinebookss ...
2026-05-19 10:18:56,864 INFO HTTP Request: GET https://t.me/s/internalmedicinebookss "HTTP/1.1 302 Found"
2026-05-19 10:18:57,145 INFO HTTP Request: GET https://t.me/internalmedicinebookss "HTTP/1.1 200 OK"
2026-05-19 10:18:57,146 INFO TGStat sample for internalmedicinebookss (no public preview)
2026-05-19 10:18:57,853 INFO HTTP Request: GET https://tgstat.com/channel/@internalmedicinebookss "HTTP/1.1 404 Not Found"
2026-05-19 10:18:58,578 INFO HTTP Request: GET https://tgstat.com/channel/@internalmedicinebookss "HTTP/1.1 404 Not Found"
2026-05-19 10:18:59,705 INFO HTTP Request: GET https://tgstat.com/channel/@Internalmedicinebookss "HTTP/1.1 404 Not Found"
2026-05-19 10:19:00,060 INFO [74/108] @internalmedicinebookss posts=0 source=no_public_data
2026-05-19 10:19:00,573 INFO Trying t.me/s/mccqe ...
2026-05-19 10:19:01,377 INFO HTTP Request: GET https://t.me/s/mccqe "HTTP/1.1 302 Found"
2026-05-19 10:19:01,658 INFO HTTP Request: GET https://t.me/mccqe "HTTP/1.1 200 OK"
2026-05-19 10:19:01,659 INFO TGStat sample for mccqe (no public preview)
2026-05-19 10:19:02,458 INFO HTTP Request: GET https://tgstat.com/channel/@mccqe "HTTP/1.1 404 Not Found"
2026-05-19 10:19:03,163 INFO HTTP Request: GET https://tgstat.com/channel/@mccqe "HTTP/1.1 404 Not Found"
2026-05-19 10:19:03,860 INFO HTTP Request: GET https://tgstat.com/channel/@Mccqe "HTTP/1.1 404 Not Found"
2026-05-19 10:19:04,213 INFO [75/108] @mccqe posts=0 source=no_public_data
2026-05-19 10:19:04,727 INFO Trying t.me/s/pedsurgery ...
2026-05-19 10:19:05,693 INFO HTTP Request: GET https://t.me/s/pedsurgery "HTTP/1.1 200 OK"
2026-05-19 10:19:06,686 INFO HTTP Request: GET https://t.me/s/pedsurgery?before=1241 "HTTP/1.1 200 OK"
2026-05-19 10:19:07,657 INFO HTTP Request: GET https://t.me/s/pedsurgery?before=1221 "HTTP/1.1 200 OK"
2026-05-19 10:19:08,619 INFO HTTP Request: GET https://t.me/s/pedsurgery?before=1201 "HTTP/1.1 200 OK"
2026-05-19 10:19:09,633 INFO HTTP Request: GET https://t.me/s/pedsurgery?before=1181 "HTTP/1.1 200 OK"
2026-05-19 10:19:10,607 INFO HTTP Request: GET https://t.me/s/pedsurgery?before=1161 "HTTP/1.1 200 OK"
2026-05-19 10:19:11,576 INFO HTTP Request: GET https://t.me/s/pedsurgery?before=1141 "HTTP/1.1 200 OK"
2026-05-19 10:19:12,549 INFO HTTP Request: GET https://t.me/s/pedsurgery?before=1121 "HTTP/1.1 200 OK"
2026-05-19 10:19:13,632 INFO HTTP Request: GET https://t.me/s/pedsurgery?before=1101 "HTTP/1.1 200 OK"
2026-05-19 10:19:14,558 INFO HTTP Request: GET https://t.me/s/pedsurgery?before=1081 "HTTP/1.1 200 OK"
2026-05-19 10:19:15,468 INFO HTTP Request: GET https://t.me/s/pedsurgery?before=1061 "HTTP/1.1 200 OK"
2026-05-19 10:19:16,539 INFO HTTP Request: GET https://t.me/s/pedsurgery?before=1040 "HTTP/1.1 200 OK"
2026-05-19 10:19:17,484 INFO HTTP Request: GET https://t.me/s/pedsurgery?before=1020 "HTTP/1.1 200 OK"
2026-05-19 10:19:18,439 INFO HTTP Request: GET https://t.me/s/pedsurgery?before=1000 "HTTP/1.1 200 OK"
2026-05-19 10:19:19,425 INFO HTTP Request: GET https://t.me/s/pedsurgery?before=980 "HTTP/1.1 200 OK"
2026-05-19 10:19:20,370 INFO HTTP Request: GET https://t.me/s/pedsurgery?before=960 "HTTP/1.1 200 OK"
2026-05-19 10:19:21,369 INFO HTTP Request: GET https://t.me/s/pedsurgery?before=939 "HTTP/1.1 200 OK"
2026-05-19 10:19:22,341 INFO HTTP Request: GET https://t.me/s/pedsurgery?before=919 "HTTP/1.1 200 OK"
2026-05-19 10:19:23,269 INFO HTTP Request: GET https://t.me/s/pedsurgery?before=899 "HTTP/1.1 200 OK"
2026-05-19 10:19:24,248 INFO HTTP Request: GET https://t.me/s/pedsurgery?before=879 "HTTP/1.1 200 OK"
2026-05-19 10:19:25,232 INFO HTTP Request: GET https://t.me/s/pedsurgery?before=859 "HTTP/1.1 200 OK"
2026-05-19 10:19:26,140 INFO HTTP Request: GET https://t.me/s/pedsurgery?before=838 "HTTP/1.1 200 OK"
2026-05-19 10:19:27,089 INFO HTTP Request: GET https://t.me/s/pedsurgery?before=816 "HTTP/1.1 200 OK"
2026-05-19 10:19:27,987 INFO HTTP Request: GET https://t.me/s/pedsurgery?before=796 "HTTP/1.1 200 OK"
2026-05-19 10:19:28,994 INFO HTTP Request: GET https://t.me/s/pedsurgery?before=776 "HTTP/1.1 200 OK"
2026-05-19 10:19:29,888 INFO HTTP Request: GET https://t.me/s/pedsurgery?before=756 "HTTP/1.1 200 OK"
2026-05-19 10:19:30,801 INFO HTTP Request: GET https://t.me/s/pedsurgery?before=736 "HTTP/1.1 200 OK"
2026-05-19 10:19:31,640 INFO HTTP Request: GET https://t.me/s/pedsurgery?before=716 "HTTP/1.1 200 OK"
2026-05-19 10:19:32,546 INFO HTTP Request: GET https://t.me/s/pedsurgery?before=695 "HTTP/1.1 200 OK"
2026-05-19 10:19:33,407 INFO HTTP Request: GET https://t.me/s/pedsurgery?before=674 "HTTP/1.1 200 OK"
2026-05-19 10:19:34,262 INFO HTTP Request: GET https://t.me/s/pedsurgery?before=654 "HTTP/1.1 200 OK"
2026-05-19 10:19:35,179 INFO HTTP Request: GET https://t.me/s/pedsurgery?before=634 "HTTP/1.1 200 OK"
2026-05-19 10:19:36,042 INFO HTTP Request: GET https://t.me/s/pedsurgery?before=614 "HTTP/1.1 200 OK"
2026-05-19 10:19:36,899 INFO HTTP Request: GET https://t.me/s/pedsurgery?before=594 "HTTP/1.1 200 OK"
2026-05-19 10:19:37,817 INFO HTTP Request: GET https://t.me/s/pedsurgery?before=574 "HTTP/1.1 200 OK"
2026-05-19 10:19:38,740 INFO HTTP Request: GET https://t.me/s/pedsurgery?before=552 "HTTP/1.1 200 OK"
2026-05-19 10:19:39,586 INFO HTTP Request: GET https://t.me/s/pedsurgery?before=532 "HTTP/1.1 200 OK"
2026-05-19 10:19:40,440 INFO HTTP Request: GET https://t.me/s/pedsurgery?before=509 "HTTP/1.1 200 OK"
2026-05-19 10:19:41,428 INFO HTTP Request: GET https://t.me/s/pedsurgery?before=489 "HTTP/1.1 200 OK"
2026-05-19 10:19:42,198 INFO HTTP Request: GET https://t.me/s/pedsurgery?before=469 "HTTP/1.1 200 OK"
2026-05-19 10:19:43,022 INFO HTTP Request: GET https://t.me/s/pedsurgery?before=449 "HTTP/1.1 200 OK"
2026-05-19 10:19:44,005 INFO HTTP Request: GET https://t.me/s/pedsurgery?before=429 "HTTP/1.1 200 OK"
2026-05-19 10:19:44,846 INFO HTTP Request: GET https://t.me/s/pedsurgery?before=409 "HTTP/1.1 200 OK"
2026-05-19 10:19:45,678 INFO HTTP Request: GET https://t.me/s/pedsurgery?before=389 "HTTP/1.1 200 OK"
2026-05-19 10:19:46,536 INFO HTTP Request: GET https://t.me/s/pedsurgery?before=369 "HTTP/1.1 200 OK"
2026-05-19 10:19:47,384 INFO HTTP Request: GET https://t.me/s/pedsurgery?before=348 "HTTP/1.1 200 OK"
2026-05-19 10:19:48,239 INFO HTTP Request: GET https://t.me/s/pedsurgery?before=318 "HTTP/1.1 200 OK"
2026-05-19 10:19:49,120 INFO HTTP Request: GET https://t.me/s/pedsurgery?before=297 "HTTP/1.1 200 OK"
2026-05-19 10:19:50,006 INFO HTTP Request: GET https://t.me/s/pedsurgery?before=274 "HTTP/1.1 200 OK"
2026-05-19 10:19:50,839 INFO HTTP Request: GET https://t.me/s/pedsurgery?before=254 "HTTP/1.1 200 OK"
2026-05-19 10:19:51,681 INFO HTTP Request: GET https://t.me/s/pedsurgery?before=234 "HTTP/1.1 200 OK"
2026-05-19 10:19:52,564 INFO HTTP Request: GET https://t.me/s/pedsurgery?before=214 "HTTP/1.1 200 OK"
2026-05-19 10:19:53,464 INFO HTTP Request: GET https://t.me/s/pedsurgery?before=192 "HTTP/1.1 200 OK"
2026-05-19 10:19:54,241 INFO HTTP Request: GET https://t.me/s/pedsurgery?before=169 "HTTP/1.1 200 OK"
2026-05-19 10:19:55,036 INFO HTTP Request: GET https://t.me/s/pedsurgery?before=149 "HTTP/1.1 200 OK"
2026-05-19 10:19:55,854 INFO HTTP Request: GET https://t.me/s/pedsurgery?before=129 "HTTP/1.1 200 OK"
2026-05-19 10:19:56,618 INFO HTTP Request: GET https://t.me/s/pedsurgery?before=109 "HTTP/1.1 200 OK"
2026-05-19 10:19:57,369 INFO HTTP Request: GET https://t.me/s/pedsurgery?before=89 "HTTP/1.1 200 OK"
2026-05-19 10:19:58,241 INFO HTTP Request: GET https://t.me/s/pedsurgery?before=69 "HTTP/1.1 200 OK"
2026-05-19 10:19:59,094 INFO HTTP Request: GET https://t.me/s/pedsurgery?before=44 "HTTP/1.1 200 OK"
2026-05-19 10:19:59,937 INFO HTTP Request: GET https://t.me/s/pedsurgery?before=22 "HTTP/1.1 200 OK"
2026-05-19 10:20:00,673 INFO HTTP Request: GET https://t.me/s/pedsurgery?before=2 "HTTP/1.1 200 OK"
2026-05-19 10:20:01,342 INFO HTTP Request: GET https://t.me/s/pedsurgery?before=1 "HTTP/1.1 200 OK"
2026-05-19 10:20:01,405 INFO [76/108] @pedsurgery posts=1178 source=tme_full_preview
2026-05-19 10:20:01,913 INFO Trying t.me/s/gastrointestinal_books ...
2026-05-19 10:20:02,719 INFO HTTP Request: GET https://t.me/s/gastrointestinal_books "HTTP/1.1 302 Found"
2026-05-19 10:20:03,001 INFO HTTP Request: GET https://t.me/gastrointestinal_books "HTTP/1.1 200 OK"
2026-05-19 10:20:03,002 INFO TGStat sample for gastrointestinal_books (no public preview)
2026-05-19 10:20:05,189 INFO HTTP Request: GET https://tgstat.com/channel/@gastrointestinal_books "HTTP/1.1 200 OK"
2026-05-19 10:20:05,985 INFO [77/108] @gastrointestinal_books posts=9 source=tgstat_sample
2026-05-19 10:20:06,496 INFO Trying t.me/s/orthopedic_book ...
2026-05-19 10:20:07,294 INFO HTTP Request: GET https://t.me/s/orthopedic_book "HTTP/1.1 302 Found"
2026-05-19 10:20:07,575 INFO HTTP Request: GET https://t.me/orthopedic_book "HTTP/1.1 200 OK"
2026-05-19 10:20:07,576 INFO TGStat sample for orthopedic_book (no public preview)
2026-05-19 10:20:09,043 INFO HTTP Request: GET https://tgstat.com/channel/@orthopedic_book "HTTP/1.1 200 OK"
2026-05-19 10:20:09,479 INFO [78/108] @orthopedic_book posts=11 source=tgstat_sample
2026-05-19 10:20:09,981 INFO Trying t.me/s/amedexltd ...
2026-05-19 10:20:11,239 INFO HTTP Request: GET https://t.me/s/amedexltd "HTTP/1.1 200 OK"
2026-05-19 10:20:12,132 INFO HTTP Request: GET https://t.me/s/amedexltd?before=152 "HTTP/1.1 200 OK"
2026-05-19 10:20:13,110 INFO HTTP Request: GET https://t.me/s/amedexltd?before=131 "HTTP/1.1 200 OK"
2026-05-19 10:20:14,051 INFO HTTP Request: GET https://t.me/s/amedexltd?before=108 "HTTP/1.1 200 OK"
2026-05-19 10:20:14,962 INFO HTTP Request: GET https://t.me/s/amedexltd?before=84 "HTTP/1.1 200 OK"
2026-05-19 10:20:15,806 INFO HTTP Request: GET https://t.me/s/amedexltd?before=63 "HTTP/1.1 200 OK"
2026-05-19 10:20:16,672 INFO HTTP Request: GET https://t.me/s/amedexltd?before=41 "HTTP/1.1 200 OK"
2026-05-19 10:20:17,539 INFO HTTP Request: GET https://t.me/s/amedexltd?before=15 "HTTP/1.1 200 OK"
2026-05-19 10:20:18,246 INFO HTTP Request: GET https://t.me/s/amedexltd?before=1 "HTTP/1.1 200 OK"
2026-05-19 10:20:18,260 INFO [79/108] @amedexltd posts=151 source=tme_full_preview
2026-05-19 10:20:18,763 INFO Trying t.me/s/neurobank_books ...
2026-05-19 10:20:19,558 INFO HTTP Request: GET https://t.me/s/neurobank_books "HTTP/1.1 302 Found"
2026-05-19 10:20:19,837 INFO HTTP Request: GET https://t.me/neurobank_books "HTTP/1.1 200 OK"
2026-05-19 10:20:19,838 INFO TGStat sample for neurobank_books (no public preview)
2026-05-19 10:20:20,548 INFO HTTP Request: GET https://tgstat.com/channel/@neurobank_books "HTTP/1.1 404 Not Found"
2026-05-19 10:20:21,243 INFO HTTP Request: GET https://tgstat.com/channel/@neurobank_books "HTTP/1.1 404 Not Found"
2026-05-19 10:20:21,979 INFO HTTP Request: GET https://tgstat.com/channel/@Neurobank_Books "HTTP/1.1 404 Not Found"
2026-05-19 10:20:22,333 INFO [80/108] @neurobank_books posts=0 source=no_public_data
2026-05-19 10:20:22,836 INFO Trying t.me/s/patho_videos ...
2026-05-19 10:20:23,644 INFO HTTP Request: GET https://t.me/s/patho_videos "HTTP/1.1 302 Found"
2026-05-19 10:20:23,928 INFO HTTP Request: GET https://t.me/patho_videos "HTTP/1.1 200 OK"
2026-05-19 10:20:23,928 INFO TGStat sample for patho_videos (no public preview)
2026-05-19 10:20:24,589 INFO HTTP Request: GET https://tgstat.com/channel/@patho_videos "HTTP/1.1 302 Found"
2026-05-19 10:20:26,210 INFO HTTP Request: GET https://tgstat.com/channel/@Patho_Videos "HTTP/1.1 200 OK"
2026-05-19 10:20:26,685 INFO [81/108] @patho_videos posts=2 source=tgstat_sample
2026-05-19 10:20:27,198 INFO Trying t.me/s/iamoptolibrary ...
2026-05-19 10:20:28,016 INFO HTTP Request: GET https://t.me/s/iamoptolibrary "HTTP/1.1 302 Found"
2026-05-19 10:20:28,298 INFO HTTP Request: GET https://t.me/iamoptolibrary "HTTP/1.1 200 OK"
2026-05-19 10:20:28,299 INFO TGStat sample for iamoptolibrary (no public preview)
2026-05-19 10:20:29,000 INFO HTTP Request: GET https://tgstat.com/channel/@iamoptolibrary "HTTP/1.1 404 Not Found"
2026-05-19 10:20:29,699 INFO HTTP Request: GET https://tgstat.com/channel/@iamoptolibrary "HTTP/1.1 404 Not Found"
2026-05-19 10:20:30,398 INFO HTTP Request: GET https://tgstat.com/channel/@Iamoptolibrary "HTTP/1.1 404 Not Found"
2026-05-19 10:20:30,750 INFO [82/108] @iamoptolibrary posts=0 source=no_public_data
2026-05-19 10:20:31,255 INFO Trying t.me/s/mrcp2024 ...
2026-05-19 10:20:32,064 INFO HTTP Request: GET https://t.me/s/mrcp2024 "HTTP/1.1 302 Found"
2026-05-19 10:20:32,342 INFO HTTP Request: GET https://t.me/mrcp2024 "HTTP/1.1 200 OK"
2026-05-19 10:20:32,343 INFO TGStat sample for mrcp2024 (no public preview)
2026-05-19 10:20:34,270 INFO HTTP Request: GET https://tgstat.com/channel/@mrcp2024 "HTTP/1.1 200 OK"
2026-05-19 10:20:34,737 INFO [83/108] @mrcp2024 posts=9 source=tgstat_sample
2026-05-19 10:20:35,252 INFO Trying t.me/s/micromls1 ...
2026-05-19 10:20:36,321 INFO HTTP Request: GET https://t.me/s/micromls1 "HTTP/1.1 200 OK"
2026-05-19 10:20:37,193 INFO HTTP Request: GET https://t.me/s/micromls1?before=6367 "HTTP/1.1 200 OK"
2026-05-19 10:20:38,056 INFO HTTP Request: GET https://t.me/s/micromls1?before=6290 "HTTP/1.1 200 OK"
2026-05-19 10:20:38,952 INFO HTTP Request: GET https://t.me/s/micromls1?before=2802 "HTTP/1.1 200 OK"
2026-05-19 10:20:39,801 INFO HTTP Request: GET https://t.me/s/micromls1?before=1228 "HTTP/1.1 200 OK"
2026-05-19 10:20:40,675 INFO HTTP Request: GET https://t.me/s/micromls1?before=1157 "HTTP/1.1 200 OK"
2026-05-19 10:20:41,579 INFO HTTP Request: GET https://t.me/s/micromls1?before=1110 "HTTP/1.1 200 OK"
2026-05-19 10:20:42,530 INFO HTTP Request: GET https://t.me/s/micromls1?before=1090 "HTTP/1.1 200 OK"
2026-05-19 10:20:43,385 INFO HTTP Request: GET https://t.me/s/micromls1?before=1070 "HTTP/1.1 200 OK"
2026-05-19 10:20:44,299 INFO HTTP Request: GET https://t.me/s/micromls1?before=943 "HTTP/1.1 200 OK"
2026-05-19 10:20:45,195 INFO HTTP Request: GET https://t.me/s/micromls1?before=920 "HTTP/1.1 200 OK"
2026-05-19 10:20:46,083 INFO HTTP Request: GET https://t.me/s/micromls1?before=853 "HTTP/1.1 200 OK"
2026-05-19 10:20:46,984 INFO HTTP Request: GET https://t.me/s/micromls1?before=831 "HTTP/1.1 200 OK"
2026-05-19 10:20:47,908 INFO HTTP Request: GET https://t.me/s/micromls1?before=811 "HTTP/1.1 200 OK"
2026-05-19 10:20:48,782 INFO HTTP Request: GET https://t.me/s/micromls1?before=791 "HTTP/1.1 200 OK"
2026-05-19 10:20:49,660 INFO HTTP Request: GET https://t.me/s/micromls1?before=771 "HTTP/1.1 200 OK"
2026-05-19 10:20:50,557 INFO HTTP Request: GET https://t.me/s/micromls1?before=745 "HTTP/1.1 200 OK"
2026-05-19 10:20:51,448 INFO HTTP Request: GET https://t.me/s/micromls1?before=725 "HTTP/1.1 200 OK"
2026-05-19 10:20:52,291 INFO HTTP Request: GET https://t.me/s/micromls1?before=704 "HTTP/1.1 200 OK"
2026-05-19 10:20:53,286 INFO HTTP Request: GET https://t.me/s/micromls1?before=656 "HTTP/1.1 200 OK"
2026-05-19 10:20:54,193 INFO HTTP Request: GET https://t.me/s/micromls1?before=629 "HTTP/1.1 200 OK"
2026-05-19 10:20:55,080 INFO HTTP Request: GET https://t.me/s/micromls1?before=582 "HTTP/1.1 200 OK"
2026-05-19 10:20:55,954 INFO HTTP Request: GET https://t.me/s/micromls1?before=472 "HTTP/1.1 200 OK"
2026-05-19 10:20:56,835 INFO HTTP Request: GET https://t.me/s/micromls1?before=439 "HTTP/1.1 200 OK"
2026-05-19 10:20:57,681 INFO HTTP Request: GET https://t.me/s/micromls1?before=404 "HTTP/1.1 200 OK"
2026-05-19 10:20:58,532 INFO HTTP Request: GET https://t.me/s/micromls1?before=364 "HTTP/1.1 200 OK"
2026-05-19 10:20:59,436 INFO HTTP Request: GET https://t.me/s/micromls1?before=311 "HTTP/1.1 200 OK"
2026-05-19 10:21:00,420 INFO HTTP Request: GET https://t.me/s/micromls1?before=277 "HTTP/1.1 200 OK"
2026-05-19 10:21:01,360 INFO HTTP Request: GET https://t.me/s/micromls1?before=247 "HTTP/1.1 200 OK"
2026-05-19 10:21:02,365 INFO HTTP Request: GET https://t.me/s/micromls1?before=204 "HTTP/1.1 200 OK"
2026-05-19 10:21:03,274 INFO HTTP Request: GET https://t.me/s/micromls1?before=178 "HTTP/1.1 200 OK"
2026-05-19 10:21:04,274 INFO HTTP Request: GET https://t.me/s/micromls1?before=148 "HTTP/1.1 200 OK"
2026-05-19 10:21:05,441 INFO HTTP Request: GET https://t.me/s/micromls1?before=122 "HTTP/1.1 200 OK"
2026-05-19 10:21:06,362 INFO HTTP Request: GET https://t.me/s/micromls1?before=100 "HTTP/1.1 200 OK"
2026-05-19 10:21:07,260 INFO HTTP Request: GET https://t.me/s/micromls1?before=80 "HTTP/1.1 200 OK"
2026-05-19 10:21:08,232 INFO HTTP Request: GET https://t.me/s/micromls1?before=59 "HTTP/1.1 200 OK"
2026-05-19 10:21:09,147 INFO HTTP Request: GET https://t.me/s/micromls1?before=38 "HTTP/1.1 200 OK"
2026-05-19 10:21:10,093 INFO HTTP Request: GET https://t.me/s/micromls1?before=18 "HTTP/1.1 200 OK"
2026-05-19 10:21:10,839 INFO HTTP Request: GET https://t.me/s/micromls1?before=1 "HTTP/1.1 200 OK"
2026-05-19 10:21:10,897 INFO [84/108] @micromls1 posts=757 source=tme_full_preview
2026-05-19 10:21:11,413 INFO Trying t.me/s/ob_gyn_books ...
2026-05-19 10:21:12,517 INFO HTTP Request: GET https://t.me/s/ob_gyn_books "HTTP/1.1 200 OK"
2026-05-19 10:21:13,524 INFO HTTP Request: GET https://t.me/s/ob_gyn_books?before=1000 "HTTP/1.1 200 OK"
2026-05-19 10:21:14,541 INFO HTTP Request: GET https://t.me/s/ob_gyn_books?before=980 "HTTP/1.1 200 OK"
2026-05-19 10:21:15,628 INFO HTTP Request: GET https://t.me/s/ob_gyn_books?before=959 "HTTP/1.1 200 OK"
2026-05-19 10:21:16,751 INFO HTTP Request: GET https://t.me/s/ob_gyn_books?before=939 "HTTP/1.1 200 OK"
2026-05-19 10:21:17,864 INFO HTTP Request: GET https://t.me/s/ob_gyn_books?before=919 "HTTP/1.1 200 OK"
2026-05-19 10:21:18,966 INFO HTTP Request: GET https://t.me/s/ob_gyn_books?before=894 "HTTP/1.1 200 OK"
2026-05-19 10:21:20,079 INFO HTTP Request: GET https://t.me/s/ob_gyn_books?before=872 "HTTP/1.1 200 OK"
2026-05-19 10:21:21,281 INFO HTTP Request: GET https://t.me/s/ob_gyn_books?before=852 "HTTP/1.1 200 OK"
2026-05-19 10:21:22,430 INFO HTTP Request: GET https://t.me/s/ob_gyn_books?before=832 "HTTP/1.1 200 OK"
2026-05-19 10:21:23,551 INFO HTTP Request: GET https://t.me/s/ob_gyn_books?before=812 "HTTP/1.1 200 OK"
2026-05-19 10:21:25,811 INFO HTTP Request: GET https://t.me/s/ob_gyn_books?before=792 "HTTP/1.1 200 OK"
2026-05-19 10:21:27,232 INFO HTTP Request: GET https://t.me/s/ob_gyn_books?before=771 "HTTP/1.1 200 OK"
2026-05-19 10:21:29,148 INFO HTTP Request: GET https://t.me/s/ob_gyn_books?before=751 "HTTP/1.1 200 OK"
2026-05-19 10:21:30,823 INFO HTTP Request: GET https://t.me/s/ob_gyn_books?before=730 "HTTP/1.1 200 OK"
2026-05-19 10:21:32,251 INFO HTTP Request: GET https://t.me/s/ob_gyn_books?before=710 "HTTP/1.1 200 OK"
2026-05-19 10:21:33,784 INFO HTTP Request: GET https://t.me/s/ob_gyn_books?before=688 "HTTP/1.1 200 OK"
2026-05-19 10:21:35,268 INFO HTTP Request: GET https://t.me/s/ob_gyn_books?before=668 "HTTP/1.1 200 OK"
2026-05-19 10:21:36,553 INFO HTTP Request: GET https://t.me/s/ob_gyn_books?before=648 "HTTP/1.1 200 OK"
2026-05-19 10:21:37,726 INFO HTTP Request: GET https://t.me/s/ob_gyn_books?before=628 "HTTP/1.1 200 OK"
2026-05-19 10:21:38,957 INFO HTTP Request: GET https://t.me/s/ob_gyn_books?before=597 "HTTP/1.1 200 OK"
2026-05-19 10:21:40,403 INFO HTTP Request: GET https://t.me/s/ob_gyn_books?before=577 "HTTP/1.1 200 OK"
2026-05-19 10:21:41,749 INFO HTTP Request: GET https://t.me/s/ob_gyn_books?before=557 "HTTP/1.1 200 OK"
2026-05-19 10:21:43,219 INFO HTTP Request: GET https://t.me/s/ob_gyn_books?before=537 "HTTP/1.1 200 OK"
2026-05-19 10:21:45,005 INFO HTTP Request: GET https://t.me/s/ob_gyn_books?before=517 "HTTP/1.1 200 OK"
2026-05-19 10:21:46,415 INFO HTTP Request: GET https://t.me/s/ob_gyn_books?before=497 "HTTP/1.1 200 OK"
2026-05-19 10:21:47,685 INFO HTTP Request: GET https://t.me/s/ob_gyn_books?before=477 "HTTP/1.1 200 OK"
2026-05-19 10:21:48,948 INFO HTTP Request: GET https://t.me/s/ob_gyn_books?before=457 "HTTP/1.1 200 OK"
2026-05-19 10:21:50,419 INFO HTTP Request: GET https://t.me/s/ob_gyn_books?before=437 "HTTP/1.1 200 OK"
2026-05-19 10:21:51,927 INFO HTTP Request: GET https://t.me/s/ob_gyn_books?before=417 "HTTP/1.1 200 OK"
2026-05-19 10:21:53,862 INFO HTTP Request: GET https://t.me/s/ob_gyn_books?before=397 "HTTP/1.1 200 OK"
2026-05-19 10:21:55,164 INFO HTTP Request: GET https://t.me/s/ob_gyn_books?before=377 "HTTP/1.1 200 OK"
2026-05-19 10:21:56,861 INFO HTTP Request: GET https://t.me/s/ob_gyn_books?before=357 "HTTP/1.1 200 OK"
2026-05-19 10:21:58,692 INFO HTTP Request: GET https://t.me/s/ob_gyn_books?before=337 "HTTP/1.1 200 OK"
2026-05-19 10:22:00,342 INFO HTTP Request: GET https://t.me/s/ob_gyn_books?before=317 "HTTP/1.1 200 OK"
2026-05-19 10:22:01,788 INFO HTTP Request: GET https://t.me/s/ob_gyn_books?before=297 "HTTP/1.1 200 OK"
2026-05-19 10:22:03,217 INFO HTTP Request: GET https://t.me/s/ob_gyn_books?before=274 "HTTP/1.1 200 OK"
2026-05-19 10:22:04,852 INFO HTTP Request: GET https://t.me/s/ob_gyn_books?before=254 "HTTP/1.1 200 OK"
2026-05-19 10:22:06,448 INFO HTTP Request: GET https://t.me/s/ob_gyn_books?before=234 "HTTP/1.1 200 OK"
2026-05-19 10:22:07,866 INFO HTTP Request: GET https://t.me/s/ob_gyn_books?before=214 "HTTP/1.1 200 OK"
2026-05-19 10:22:09,230 INFO HTTP Request: GET https://t.me/s/ob_gyn_books?before=194 "HTTP/1.1 200 OK"
2026-05-19 10:22:10,618 INFO HTTP Request: GET https://t.me/s/ob_gyn_books?before=174 "HTTP/1.1 200 OK"
2026-05-19 10:22:11,870 INFO HTTP Request: GET https://t.me/s/ob_gyn_books?before=154 "HTTP/1.1 200 OK"
2026-05-19 10:22:12,978 INFO HTTP Request: GET https://t.me/s/ob_gyn_books?before=134 "HTTP/1.1 200 OK"
2026-05-19 10:22:14,010 INFO HTTP Request: GET https://t.me/s/ob_gyn_books?before=114 "HTTP/1.1 200 OK"
2026-05-19 10:22:15,070 INFO HTTP Request: GET https://t.me/s/ob_gyn_books?before=94 "HTTP/1.1 200 OK"
2026-05-19 10:22:16,208 INFO HTTP Request: GET https://t.me/s/ob_gyn_books?before=74 "HTTP/1.1 200 OK"
2026-05-19 10:22:17,230 INFO HTTP Request: GET https://t.me/s/ob_gyn_books?before=54 "HTTP/1.1 200 OK"
2026-05-19 10:22:18,238 INFO HTTP Request: GET https://t.me/s/ob_gyn_books?before=34 "HTTP/1.1 200 OK"
2026-05-19 10:22:19,176 INFO HTTP Request: GET https://t.me/s/ob_gyn_books?before=14 "HTTP/1.1 200 OK"
2026-05-19 10:22:20,025 INFO HTTP Request: GET https://t.me/s/ob_gyn_books?before=1 "HTTP/1.1 200 OK"
2026-05-19 10:22:20,252 INFO [85/108] @ob_gyn_books posts=993 source=tme_full_preview
2026-05-19 10:22:20,765 INFO Trying t.me/s/dialibrary ...
2026-05-19 10:22:21,654 INFO HTTP Request: GET https://t.me/s/dialibrary "HTTP/1.1 302 Found"
2026-05-19 10:22:21,936 INFO HTTP Request: GET https://t.me/dialibrary "HTTP/1.1 200 OK"
2026-05-19 10:22:21,938 INFO TGStat sample for dialibrary (no public preview)
2026-05-19 10:22:22,642 INFO HTTP Request: GET https://tgstat.com/channel/@dialibrary "HTTP/1.1 302 Found"
2026-05-19 10:22:22,703 INFO HTTP Request: GET https://tgstat.ru/en/channel/@dialibrary "HTTP/1.1 403 Forbidden"
2026-05-19 10:22:23,393 INFO HTTP Request: GET https://tgstat.com/channel/@dialibrary "HTTP/1.1 302 Found"
2026-05-19 10:22:23,443 INFO HTTP Request: GET https://tgstat.ru/en/channel/@dialibrary "HTTP/1.1 403 Forbidden"
2026-05-19 10:22:24,116 INFO HTTP Request: GET https://tgstat.com/channel/@Dialibrary "HTTP/1.1 302 Found"
2026-05-19 10:22:24,169 INFO HTTP Request: GET https://tgstat.ru/en/channel/@dialibrary "HTTP/1.1 403 Forbidden"
2026-05-19 10:22:24,540 INFO [86/108] @dialibrary posts=0 source=no_public_data
2026-05-19 10:22:25,056 INFO Trying t.me/s/dsm_5 ...
2026-05-19 10:22:26,014 INFO HTTP Request: GET https://t.me/s/dsm_5 "HTTP/1.1 200 OK"
2026-05-19 10:22:27,128 INFO HTTP Request: GET https://t.me/s/dsm_5?before=3211 "HTTP/1.1 200 OK"
2026-05-19 10:22:28,411 INFO HTTP Request: GET https://t.me/s/dsm_5?before=3191 "HTTP/1.1 200 OK"
2026-05-19 10:22:29,500 INFO HTTP Request: GET https://t.me/s/dsm_5?before=3153 "HTTP/1.1 200 OK"
2026-05-19 10:22:30,556 INFO HTTP Request: GET https://t.me/s/dsm_5?before=3060 "HTTP/1.1 200 OK"
2026-05-19 10:22:31,742 INFO HTTP Request: GET https://t.me/s/dsm_5?before=3038 "HTTP/1.1 200 OK"
2026-05-19 10:22:32,859 INFO HTTP Request: GET https://t.me/s/dsm_5?before=3016 "HTTP/1.1 200 OK"
2026-05-19 10:22:33,992 INFO HTTP Request: GET https://t.me/s/dsm_5?before=2990 "HTTP/1.1 200 OK"
2026-05-19 10:22:35,121 INFO HTTP Request: GET https://t.me/s/dsm_5?before=2961 "HTTP/1.1 200 OK"
2026-05-19 10:22:36,235 INFO HTTP Request: GET https://t.me/s/dsm_5?before=2919 "HTTP/1.1 200 OK"
2026-05-19 10:22:37,474 INFO HTTP Request: GET https://t.me/s/dsm_5?before=2897 "HTTP/1.1 200 OK"
2026-05-19 10:22:38,625 INFO HTTP Request: GET https://t.me/s/dsm_5?before=2876 "HTTP/1.1 200 OK"
2026-05-19 10:22:39,796 INFO HTTP Request: GET https://t.me/s/dsm_5?before=2843 "HTTP/1.1 200 OK"
2026-05-19 10:22:41,092 INFO HTTP Request: GET https://t.me/s/dsm_5?before=2820 "HTTP/1.1 200 OK"
2026-05-19 10:22:42,251 INFO HTTP Request: GET https://t.me/s/dsm_5?before=2798 "HTTP/1.1 200 OK"
2026-05-19 10:22:43,418 INFO HTTP Request: GET https://t.me/s/dsm_5?before=2768 "HTTP/1.1 200 OK"
2026-05-19 10:22:44,537 INFO HTTP Request: GET https://t.me/s/dsm_5?before=2740 "HTTP/1.1 200 OK"
2026-05-19 10:22:45,518 INFO HTTP Request: GET https://t.me/s/dsm_5?before=2716 "HTTP/1.1 200 OK"
2026-05-19 10:22:46,654 INFO HTTP Request: GET https://t.me/s/dsm_5?before=2691 "HTTP/1.1 200 OK"
2026-05-19 10:22:47,929 INFO HTTP Request: GET https://t.me/s/dsm_5?before=2669 "HTTP/1.1 200 OK"
2026-05-19 10:22:49,246 INFO HTTP Request: GET https://t.me/s/dsm_5?before=2645 "HTTP/1.1 200 OK"
2026-05-19 10:22:50,376 INFO HTTP Request: GET https://t.me/s/dsm_5?before=2621 "HTTP/1.1 200 OK"
2026-05-19 10:22:51,373 INFO HTTP Request: GET https://t.me/s/dsm_5?before=2592 "HTTP/1.1 200 OK"
2026-05-19 10:22:52,376 INFO HTTP Request: GET https://t.me/s/dsm_5?before=2570 "HTTP/1.1 200 OK"
2026-05-19 10:22:53,364 INFO HTTP Request: GET https://t.me/s/dsm_5?before=2545 "HTTP/1.1 200 OK"
2026-05-19 10:22:54,373 INFO HTTP Request: GET https://t.me/s/dsm_5?before=2521 "HTTP/1.1 200 OK"
2026-05-19 10:22:55,350 INFO HTTP Request: GET https://t.me/s/dsm_5?before=2495 "HTTP/1.1 200 OK"
2026-05-19 10:22:56,308 INFO HTTP Request: GET https://t.me/s/dsm_5?before=2470 "HTTP/1.1 200 OK"
2026-05-19 10:22:57,275 INFO HTTP Request: GET https://t.me/s/dsm_5?before=2440 "HTTP/1.1 200 OK"
2026-05-19 10:22:58,205 INFO HTTP Request: GET https://t.me/s/dsm_5?before=2411 "HTTP/1.1 200 OK"
2026-05-19 10:22:59,200 INFO HTTP Request: GET https://t.me/s/dsm_5?before=2372 "HTTP/1.1 200 OK"
2026-05-19 10:23:00,148 INFO HTTP Request: GET https://t.me/s/dsm_5?before=2337 "HTTP/1.1 200 OK"
2026-05-19 10:23:01,124 INFO HTTP Request: GET https://t.me/s/dsm_5?before=2316 "HTTP/1.1 200 OK"
2026-05-19 10:23:02,139 INFO HTTP Request: GET https://t.me/s/dsm_5?before=2294 "HTTP/1.1 200 OK"
2026-05-19 10:23:03,067 INFO HTTP Request: GET https://t.me/s/dsm_5?before=2263 "HTTP/1.1 200 OK"
2026-05-19 10:23:03,996 INFO HTTP Request: GET https://t.me/s/dsm_5?before=2234 "HTTP/1.1 200 OK"
2026-05-19 10:23:05,028 INFO HTTP Request: GET https://t.me/s/dsm_5?before=2197 "HTTP/1.1 200 OK"
2026-05-19 10:23:05,913 INFO HTTP Request: GET https://t.me/s/dsm_5?before=2165 "HTTP/1.1 200 OK"
2026-05-19 10:23:06,818 INFO HTTP Request: GET https://t.me/s/dsm_5?before=2139 "HTTP/1.1 200 OK"
2026-05-19 10:23:07,742 INFO HTTP Request: GET https://t.me/s/dsm_5?before=2112 "HTTP/1.1 200 OK"
2026-05-19 10:23:08,730 INFO HTTP Request: GET https://t.me/s/dsm_5?before=2088 "HTTP/1.1 200 OK"
2026-05-19 10:23:09,780 INFO HTTP Request: GET https://t.me/s/dsm_5?before=2055 "HTTP/1.1 200 OK"
2026-05-19 10:23:10,771 INFO HTTP Request: GET https://t.me/s/dsm_5?before=2019 "HTTP/1.1 200 OK"
2026-05-19 10:23:11,782 INFO HTTP Request: GET https://t.me/s/dsm_5?before=1992 "HTTP/1.1 200 OK"
2026-05-19 10:23:12,687 INFO HTTP Request: GET https://t.me/s/dsm_5?before=1965 "HTTP/1.1 200 OK"
2026-05-19 10:23:13,596 INFO HTTP Request: GET https://t.me/s/dsm_5?before=1938 "HTTP/1.1 200 OK"
2026-05-19 10:23:14,559 INFO HTTP Request: GET https://t.me/s/dsm_5?before=1909 "HTTP/1.1 200 OK"
2026-05-19 10:23:15,427 INFO HTTP Request: GET https://t.me/s/dsm_5?before=1879 "HTTP/1.1 200 OK"
2026-05-19 10:23:16,324 INFO HTTP Request: GET https://t.me/s/dsm_5?before=1838 "HTTP/1.1 200 OK"
2026-05-19 10:23:17,242 INFO HTTP Request: GET https://t.me/s/dsm_5?before=1798 "HTTP/1.1 200 OK"
2026-05-19 10:23:18,151 INFO HTTP Request: GET https://t.me/s/dsm_5?before=1769 "HTTP/1.1 200 OK"
2026-05-19 10:23:19,114 INFO HTTP Request: GET https://t.me/s/dsm_5?before=1738 "HTTP/1.1 200 OK"
2026-05-19 10:23:20,230 INFO HTTP Request: GET https://t.me/s/dsm_5?before=1697 "HTTP/1.1 200 OK"
2026-05-19 10:23:21,322 INFO HTTP Request: GET https://t.me/s/dsm_5?before=1670 "HTTP/1.1 200 OK"
2026-05-19 10:23:22,291 INFO HTTP Request: GET https://t.me/s/dsm_5?before=1643 "HTTP/1.1 200 OK"
2026-05-19 10:23:23,219 INFO HTTP Request: GET https://t.me/s/dsm_5?before=1616 "HTTP/1.1 200 OK"
2026-05-19 10:23:24,173 INFO HTTP Request: GET https://t.me/s/dsm_5?before=1589 "HTTP/1.1 200 OK"
2026-05-19 10:23:25,127 INFO HTTP Request: GET https://t.me/s/dsm_5?before=1563 "HTTP/1.1 200 OK"
2026-05-19 10:23:26,054 INFO HTTP Request: GET https://t.me/s/dsm_5?before=1531 "HTTP/1.1 200 OK"
2026-05-19 10:23:27,150 INFO HTTP Request: GET https://t.me/s/dsm_5?before=1507 "HTTP/1.1 200 OK"
2026-05-19 10:23:28,099 INFO HTTP Request: GET https://t.me/s/dsm_5?before=1481 "HTTP/1.1 200 OK"
2026-05-19 10:23:29,053 INFO HTTP Request: GET https://t.me/s/dsm_5?before=1449 "HTTP/1.1 200 OK"
2026-05-19 10:23:30,064 INFO HTTP Request: GET https://t.me/s/dsm_5?before=1419 "HTTP/1.1 200 OK"
2026-05-19 10:23:31,160 INFO HTTP Request: GET https://t.me/s/dsm_5?before=1376 "HTTP/1.1 200 OK"
2026-05-19 10:23:32,090 INFO HTTP Request: GET https://t.me/s/dsm_5?before=1347 "HTTP/1.1 200 OK"
2026-05-19 10:23:32,985 INFO HTTP Request: GET https://t.me/s/dsm_5?before=1307 "HTTP/1.1 200 OK"
2026-05-19 10:23:33,952 INFO HTTP Request: GET https://t.me/s/dsm_5?before=1275 "HTTP/1.1 200 OK"
2026-05-19 10:23:34,861 INFO HTTP Request: GET https://t.me/s/dsm_5?before=1250 "HTTP/1.1 200 OK"
2026-05-19 10:23:35,787 INFO HTTP Request: GET https://t.me/s/dsm_5?before=1221 "HTTP/1.1 200 OK"
2026-05-19 10:23:36,869 INFO HTTP Request: GET https://t.me/s/dsm_5?before=1187 "HTTP/1.1 200 OK"
2026-05-19 10:23:37,778 INFO HTTP Request: GET https://t.me/s/dsm_5?before=1165 "HTTP/1.1 200 OK"
2026-05-19 10:23:38,683 INFO HTTP Request: GET https://t.me/s/dsm_5?before=1125 "HTTP/1.1 200 OK"
2026-05-19 10:23:39,668 INFO HTTP Request: GET https://t.me/s/dsm_5?before=1091 "HTTP/1.1 200 OK"
2026-05-19 10:23:40,552 INFO HTTP Request: GET https://t.me/s/dsm_5?before=1065 "HTTP/1.1 200 OK"
2026-05-19 10:23:41,437 INFO HTTP Request: GET https://t.me/s/dsm_5?before=1034 "HTTP/1.1 200 OK"
2026-05-19 10:23:42,338 INFO HTTP Request: GET https://t.me/s/dsm_5?before=996 "HTTP/1.1 200 OK"
2026-05-19 10:23:43,239 INFO HTTP Request: GET https://t.me/s/dsm_5?before=971 "HTTP/1.1 200 OK"
2026-05-19 10:23:44,432 INFO HTTP Request: GET https://t.me/s/dsm_5?before=943 "HTTP/1.1 200 OK"
2026-05-19 10:23:45,392 INFO HTTP Request: GET https://t.me/s/dsm_5?before=906 "HTTP/1.1 200 OK"
2026-05-19 10:23:46,469 INFO HTTP Request: GET https://t.me/s/dsm_5?before=859 "HTTP/1.1 200 OK"
2026-05-19 10:23:47,445 INFO HTTP Request: GET https://t.me/s/dsm_5?before=829 "HTTP/1.1 200 OK"
2026-05-19 10:23:48,322 INFO HTTP Request: GET https://t.me/s/dsm_5?before=789 "HTTP/1.1 200 OK"
2026-05-19 10:23:49,286 INFO HTTP Request: GET https://t.me/s/dsm_5?before=765 "HTTP/1.1 200 OK"
2026-05-19 10:23:50,150 INFO HTTP Request: GET https://t.me/s/dsm_5?before=719 "HTTP/1.1 200 OK"
2026-05-19 10:23:51,055 INFO HTTP Request: GET https://t.me/s/dsm_5?before=689 "HTTP/1.1 200 OK"
2026-05-19 10:23:51,946 INFO HTTP Request: GET https://t.me/s/dsm_5?before=663 "HTTP/1.1 200 OK"
2026-05-19 10:23:52,825 INFO HTTP Request: GET https://t.me/s/dsm_5?before=639 "HTTP/1.1 200 OK"
2026-05-19 10:23:53,704 INFO HTTP Request: GET https://t.me/s/dsm_5?before=612 "HTTP/1.1 200 OK"
2026-05-19 10:23:54,623 INFO HTTP Request: GET https://t.me/s/dsm_5?before=588 "HTTP/1.1 200 OK"
2026-05-19 10:23:55,489 INFO HTTP Request: GET https://t.me/s/dsm_5?before=566 "HTTP/1.1 200 OK"
2026-05-19 10:23:56,425 INFO HTTP Request: GET https://t.me/s/dsm_5?before=542 "HTTP/1.1 200 OK"
2026-05-19 10:23:57,333 INFO HTTP Request: GET https://t.me/s/dsm_5?before=519 "HTTP/1.1 200 OK"
2026-05-19 10:23:58,206 INFO HTTP Request: GET https://t.me/s/dsm_5?before=497 "HTTP/1.1 200 OK"
2026-05-19 10:23:59,231 INFO HTTP Request: GET https://t.me/s/dsm_5?before=475 "HTTP/1.1 200 OK"
2026-05-19 10:24:00,072 INFO HTTP Request: GET https://t.me/s/dsm_5?before=452 "HTTP/1.1 200 OK"
2026-05-19 10:24:00,905 INFO HTTP Request: GET https://t.me/s/dsm_5?before=429 "HTTP/1.1 200 OK"
2026-05-19 10:24:01,727 INFO HTTP Request: GET https://t.me/s/dsm_5?before=406 "HTTP/1.1 200 OK"
2026-05-19 10:24:02,614 INFO HTTP Request: GET https://t.me/s/dsm_5?before=383 "HTTP/1.1 200 OK"
2026-05-19 10:24:03,467 INFO HTTP Request: GET https://t.me/s/dsm_5?before=363 "HTTP/1.1 200 OK"
2026-05-19 10:24:04,326 INFO HTTP Request: GET https://t.me/s/dsm_5?before=340 "HTTP/1.1 200 OK"
2026-05-19 10:24:05,218 INFO HTTP Request: GET https://t.me/s/dsm_5?before=316 "HTTP/1.1 200 OK"
2026-05-19 10:24:06,119 INFO HTTP Request: GET https://t.me/s/dsm_5?before=294 "HTTP/1.1 200 OK"
2026-05-19 10:24:06,964 INFO HTTP Request: GET https://t.me/s/dsm_5?before=268 "HTTP/1.1 200 OK"
2026-05-19 10:24:07,765 INFO HTTP Request: GET https://t.me/s/dsm_5?before=247 "HTTP/1.1 200 OK"
2026-05-19 10:24:08,595 INFO HTTP Request: GET https://t.me/s/dsm_5?before=223 "HTTP/1.1 200 OK"
2026-05-19 10:24:09,449 INFO HTTP Request: GET https://t.me/s/dsm_5?before=195 "HTTP/1.1 200 OK"
2026-05-19 10:24:10,273 INFO HTTP Request: GET https://t.me/s/dsm_5?before=170 "HTTP/1.1 200 OK"
2026-05-19 10:24:11,137 INFO HTTP Request: GET https://t.me/s/dsm_5?before=146 "HTTP/1.1 200 OK"
2026-05-19 10:24:11,913 INFO HTTP Request: GET https://t.me/s/dsm_5?before=126 "HTTP/1.1 200 OK"
2026-05-19 10:24:12,688 INFO HTTP Request: GET https://t.me/s/dsm_5?before=103 "HTTP/1.1 200 OK"
2026-05-19 10:24:13,469 INFO HTTP Request: GET https://t.me/s/dsm_5?before=80 "HTTP/1.1 200 OK"
2026-05-19 10:24:14,257 INFO HTTP Request: GET https://t.me/s/dsm_5?before=56 "HTTP/1.1 200 OK"
2026-05-19 10:24:15,053 INFO HTTP Request: GET https://t.me/s/dsm_5?before=22 "HTTP/1.1 200 OK"
2026-05-19 10:24:15,763 INFO HTTP Request: GET https://t.me/s/dsm_5?before=1 "HTTP/1.1 200 OK"
2026-05-19 10:24:15,869 INFO [87/108] @dsm_5 posts=2234 source=tme_full_preview
2026-05-19 10:24:16,380 INFO Trying t.me/s/amcmcqrecalls ...
2026-05-19 10:24:17,186 INFO HTTP Request: GET https://t.me/s/amcmcqrecalls "HTTP/1.1 302 Found"
2026-05-19 10:24:17,471 INFO HTTP Request: GET https://t.me/amcmcqrecalls "HTTP/1.1 200 OK"
2026-05-19 10:24:17,472 INFO TGStat sample for amcmcqrecalls (no public preview)
2026-05-19 10:24:19,258 INFO HTTP Request: GET https://tgstat.com/channel/@amcmcqrecalls "HTTP/1.1 404 Not Found"
2026-05-19 10:24:19,961 INFO HTTP Request: GET https://tgstat.com/channel/@amcmcqrecalls "HTTP/1.1 404 Not Found"
2026-05-19 10:24:20,651 INFO HTTP Request: GET https://tgstat.com/channel/@Amcmcqrecalls "HTTP/1.1 404 Not Found"
2026-05-19 10:24:21,018 INFO [88/108] @amcmcqrecalls posts=0 source=no_public_data
2026-05-19 10:24:21,531 INFO Trying t.me/s/surgery_6 ...
2026-05-19 10:24:22,643 INFO HTTP Request: GET https://t.me/s/surgery_6 "HTTP/1.1 200 OK"
2026-05-19 10:24:23,590 INFO HTTP Request: GET https://t.me/s/surgery_6?before=191 "HTTP/1.1 200 OK"
2026-05-19 10:24:24,550 INFO HTTP Request: GET https://t.me/s/surgery_6?before=168 "HTTP/1.1 200 OK"
2026-05-19 10:24:25,502 INFO HTTP Request: GET https://t.me/s/surgery_6?before=148 "HTTP/1.1 200 OK"
2026-05-19 10:24:26,757 INFO HTTP Request: GET https://t.me/s/surgery_6?before=128 "HTTP/1.1 200 OK"
2026-05-19 10:24:27,678 INFO HTTP Request: GET https://t.me/s/surgery_6?before=108 "HTTP/1.1 200 OK"
2026-05-19 10:24:28,730 INFO HTTP Request: GET https://t.me/s/surgery_6?before=88 "HTTP/1.1 200 OK"
2026-05-19 10:24:29,666 INFO HTTP Request: GET https://t.me/s/surgery_6?before=68 "HTTP/1.1 200 OK"
2026-05-19 10:24:30,605 INFO HTTP Request: GET https://t.me/s/surgery_6?before=48 "HTTP/1.1 200 OK"
2026-05-19 10:24:31,540 INFO HTTP Request: GET https://t.me/s/surgery_6?before=28 "HTTP/1.1 200 OK"
2026-05-19 10:24:32,332 INFO HTTP Request: GET https://t.me/s/surgery_6?before=7 "HTTP/1.1 200 OK"
2026-05-19 10:24:33,037 INFO HTTP Request: GET https://t.me/s/surgery_6?before=1 "HTTP/1.1 200 OK"
2026-05-19 10:24:33,063 INFO [89/108] @surgery_6 posts=205 source=tme_full_preview
2026-05-19 10:24:33,567 INFO Trying t.me/s/surgery_pdf_books ...
2026-05-19 10:24:34,359 INFO HTTP Request: GET https://t.me/s/surgery_pdf_books "HTTP/1.1 302 Found"
2026-05-19 10:24:34,634 INFO HTTP Request: GET https://t.me/surgery_pdf_books "HTTP/1.1 200 OK"
2026-05-19 10:24:34,635 INFO TGStat sample for surgery_pdf_books (no public preview)
2026-05-19 10:24:36,192 INFO HTTP Request: GET https://tgstat.com/channel/@surgery_pdf_books "HTTP/1.1 200 OK"
2026-05-19 10:24:36,620 INFO [90/108] @surgery_pdf_books posts=10 source=tgstat_sample
2026-05-19 10:24:37,135 INFO Trying t.me/s/nephrotube ...
2026-05-19 10:24:38,222 INFO HTTP Request: GET https://t.me/s/nephrotube "HTTP/1.1 200 OK"
2026-05-19 10:24:39,085 INFO HTTP Request: GET https://t.me/s/nephrotube?before=330 "HTTP/1.1 200 OK"
2026-05-19 10:24:40,057 INFO HTTP Request: GET https://t.me/s/nephrotube?before=310 "HTTP/1.1 200 OK"
2026-05-19 10:24:41,032 INFO HTTP Request: GET https://t.me/s/nephrotube?before=289 "HTTP/1.1 200 OK"
2026-05-19 10:24:41,970 INFO HTTP Request: GET https://t.me/s/nephrotube?before=268 "HTTP/1.1 200 OK"
2026-05-19 10:24:42,849 INFO HTTP Request: GET https://t.me/s/nephrotube?before=247 "HTTP/1.1 200 OK"
2026-05-19 10:24:43,806 INFO HTTP Request: GET https://t.me/s/nephrotube?before=226 "HTTP/1.1 200 OK"
2026-05-19 10:24:44,821 INFO HTTP Request: GET https://t.me/s/nephrotube?before=200 "HTTP/1.1 200 OK"
2026-05-19 10:24:45,701 INFO HTTP Request: GET https://t.me/s/nephrotube?before=180 "HTTP/1.1 200 OK"
2026-05-19 10:24:46,548 INFO HTTP Request: GET https://t.me/s/nephrotube?before=159 "HTTP/1.1 200 OK"
2026-05-19 10:24:47,442 INFO HTTP Request: GET https://t.me/s/nephrotube?before=139 "HTTP/1.1 200 OK"
2026-05-19 10:24:48,221 INFO HTTP Request: GET https://t.me/s/nephrotube?before=119 "HTTP/1.1 200 OK"
2026-05-19 10:24:48,913 INFO HTTP Request: GET https://t.me/s/nephrotube?before=1 "HTTP/1.1 200 OK"
2026-05-19 10:24:48,933 INFO [91/108] @nephrotube posts=212 source=tme_full_preview
2026-05-19 10:24:49,436 INFO [92/108] skip @amcclinical (cached)
2026-05-19 10:24:49,437 INFO Trying t.me/s/medmaterialx ...
2026-05-19 10:24:50,248 INFO HTTP Request: GET https://t.me/s/medmaterialx "HTTP/1.1 302 Found"
2026-05-19 10:24:50,529 INFO HTTP Request: GET https://t.me/medmaterialx "HTTP/1.1 200 OK"
2026-05-19 10:24:50,530 INFO TGStat sample for medmaterialx (no public preview)
2026-05-19 10:24:51,994 INFO HTTP Request: GET https://tgstat.com/channel/@medmaterialx "HTTP/1.1 200 OK"
2026-05-19 10:24:52,433 INFO [93/108] @medmaterialx posts=13 source=tgstat_sample
2026-05-19 10:24:52,939 INFO Trying t.me/s/cardiobooks ...
2026-05-19 10:24:53,890 INFO HTTP Request: GET https://t.me/s/cardiobooks "HTTP/1.1 200 OK"
2026-05-19 10:24:54,761 INFO HTTP Request: GET https://t.me/s/cardiobooks?before=385 "HTTP/1.1 200 OK"
2026-05-19 10:24:55,597 INFO HTTP Request: GET https://t.me/s/cardiobooks?before=357 "HTTP/1.1 200 OK"
2026-05-19 10:24:56,431 INFO HTTP Request: GET https://t.me/s/cardiobooks?before=333 "HTTP/1.1 200 OK"
2026-05-19 10:24:57,269 INFO HTTP Request: GET https://t.me/s/cardiobooks?before=313 "HTTP/1.1 200 OK"
2026-05-19 10:24:58,138 INFO HTTP Request: GET https://t.me/s/cardiobooks?before=288 "HTTP/1.1 200 OK"
2026-05-19 10:24:58,991 INFO HTTP Request: GET https://t.me/s/cardiobooks?before=268 "HTTP/1.1 200 OK"
2026-05-19 10:24:59,858 INFO HTTP Request: GET https://t.me/s/cardiobooks?before=247 "HTTP/1.1 200 OK"
2026-05-19 10:25:00,710 INFO HTTP Request: GET https://t.me/s/cardiobooks?before=226 "HTTP/1.1 200 OK"
2026-05-19 10:25:01,644 INFO HTTP Request: GET https://t.me/s/cardiobooks?before=203 "HTTP/1.1 200 OK"
2026-05-19 10:25:02,581 INFO HTTP Request: GET https://t.me/s/cardiobooks?before=183 "HTTP/1.1 200 OK"
2026-05-19 10:25:03,436 INFO HTTP Request: GET https://t.me/s/cardiobooks?before=147 "HTTP/1.1 200 OK"
2026-05-19 10:25:04,320 INFO HTTP Request: GET https://t.me/s/cardiobooks?before=97 "HTTP/1.1 200 OK"
2026-05-19 10:25:05,056 INFO HTTP Request: GET https://t.me/s/cardiobooks?before=1 "HTTP/1.1 200 OK"
2026-05-19 10:25:05,079 INFO [94/108] @cardiobooks posts=260 source=tme_full_preview
2026-05-19 10:25:05,594 INFO Refreshing cache for @mccqe_1 (posts=4 ebooks=4)
2026-05-19 10:25:05,595 INFO Trying t.me/s/mccqe_1 ...
2026-05-19 10:25:06,409 INFO HTTP Request: GET https://t.me/s/mccqe_1 "HTTP/1.1 302 Found"
2026-05-19 10:25:06,686 INFO HTTP Request: GET https://t.me/mccqe_1 "HTTP/1.1 200 OK"
2026-05-19 10:25:06,687 INFO TGStat sample for mccqe_1 (no public preview)
2026-05-19 10:25:07,325 INFO HTTP Request: GET https://tgstat.com/channel/@mccqe_1 "HTTP/1.1 302 Found"
2026-05-19 10:25:08,784 INFO HTTP Request: GET https://tgstat.com/channel/@MCCQE_1 "HTTP/1.1 200 OK"
2026-05-19 10:25:09,229 INFO [95/108] @mccqe_1 posts=4 source=tgstat_sample
2026-05-19 10:25:09,731 INFO [96/108] skip @usmlebooks (cached)
2026-05-19 10:25:09,733 INFO Trying t.me/s/anesthesia_books_pdf ...
2026-05-19 10:25:10,837 INFO HTTP Request: GET https://t.me/s/anesthesia_books_pdf "HTTP/1.1 200 OK"
2026-05-19 10:25:11,751 INFO HTTP Request: GET https://t.me/s/anesthesia_books_pdf?before=429 "HTTP/1.1 200 OK"
2026-05-19 10:25:12,940 INFO HTTP Request: GET https://t.me/s/anesthesia_books_pdf?before=409 "HTTP/1.1 200 OK"
2026-05-19 10:25:13,935 INFO HTTP Request: GET https://t.me/s/anesthesia_books_pdf?before=388 "HTTP/1.1 200 OK"
2026-05-19 10:25:14,923 INFO HTTP Request: GET https://t.me/s/anesthesia_books_pdf?before=368 "HTTP/1.1 200 OK"
2026-05-19 10:25:16,132 INFO HTTP Request: GET https://t.me/s/anesthesia_books_pdf?before=324 "HTTP/1.1 200 OK"
2026-05-19 10:25:17,117 INFO HTTP Request: GET https://t.me/s/anesthesia_books_pdf?before=303 "HTTP/1.1 200 OK"
2026-05-19 10:25:18,118 INFO HTTP Request: GET https://t.me/s/anesthesia_books_pdf?before=283 "HTTP/1.1 200 OK"
2026-05-19 10:25:19,298 INFO HTTP Request: GET https://t.me/s/anesthesia_books_pdf?before=263 "HTTP/1.1 200 OK"
2026-05-19 10:25:20,423 INFO HTTP Request: GET https://t.me/s/anesthesia_books_pdf?before=243 "HTTP/1.1 200 OK"
2026-05-19 10:25:21,349 INFO HTTP Request: GET https://t.me/s/anesthesia_books_pdf?before=187 "HTTP/1.1 200 OK"
2026-05-19 10:25:22,543 INFO HTTP Request: GET https://t.me/s/anesthesia_books_pdf?before=167 "HTTP/1.1 200 OK"
2026-05-19 10:25:23,573 INFO HTTP Request: GET https://t.me/s/anesthesia_books_pdf?before=147 "HTTP/1.1 200 OK"
2026-05-19 10:25:24,510 INFO HTTP Request: GET https://t.me/s/anesthesia_books_pdf?before=125 "HTTP/1.1 200 OK"
2026-05-19 10:25:25,398 INFO HTTP Request: GET https://t.me/s/anesthesia_books_pdf?before=105 "HTTP/1.1 200 OK"
2026-05-19 10:25:26,381 INFO HTTP Request: GET https://t.me/s/anesthesia_books_pdf?before=85 "HTTP/1.1 200 OK"
2026-05-19 10:25:27,314 INFO HTTP Request: GET https://t.me/s/anesthesia_books_pdf?before=65 "HTTP/1.1 200 OK"
2026-05-19 10:25:28,254 INFO HTTP Request: GET https://t.me/s/anesthesia_books_pdf?before=45 "HTTP/1.1 200 OK"
2026-05-19 10:25:29,233 INFO HTTP Request: GET https://t.me/s/anesthesia_books_pdf?before=23 "HTTP/1.1 200 OK"
2026-05-19 10:25:30,011 INFO HTTP Request: GET https://t.me/s/anesthesia_books_pdf?before=2 "HTTP/1.1 200 OK"
2026-05-19 10:25:30,687 INFO HTTP Request: GET https://t.me/s/anesthesia_books_pdf?before=1 "HTTP/1.1 200 OK"
2026-05-19 10:25:30,757 INFO [97/108] @anesthesia_books_pdf posts=381 source=tme_full_preview
2026-05-19 10:25:31,265 INFO Trying t.me/s/pediatrics_books ...
2026-05-19 10:25:32,052 INFO HTTP Request: GET https://t.me/s/pediatrics_books "HTTP/1.1 302 Found"
2026-05-19 10:25:32,329 INFO HTTP Request: GET https://t.me/pediatrics_books "HTTP/1.1 200 OK"
2026-05-19 10:25:32,330 INFO TGStat sample for pediatrics_books (no public preview)
2026-05-19 10:25:34,465 INFO HTTP Request: GET https://tgstat.com/channel/@pediatrics_books "HTTP/1.1 200 OK"
2026-05-19 10:25:34,999 INFO [98/108] @pediatrics_books posts=11 source=tgstat_sample
2026-05-19 10:25:35,503 INFO Trying t.me/s/surgerycollection ...
2026-05-19 10:25:36,644 INFO HTTP Request: GET https://t.me/s/surgerycollection "HTTP/1.1 200 OK"
2026-05-19 10:25:37,561 INFO HTTP Request: GET https://t.me/s/surgerycollection?before=1366 "HTTP/1.1 200 OK"
2026-05-19 10:25:38,447 INFO HTTP Request: GET https://t.me/s/surgerycollection?before=1323 "HTTP/1.1 200 OK"
2026-05-19 10:25:39,370 INFO HTTP Request: GET https://t.me/s/surgerycollection?before=1302 "HTTP/1.1 200 OK"
2026-05-19 10:25:40,243 INFO HTTP Request: GET https://t.me/s/surgerycollection?before=1268 "HTTP/1.1 200 OK"
2026-05-19 10:25:41,152 INFO HTTP Request: GET https://t.me/s/surgerycollection?before=1198 "HTTP/1.1 200 OK"
2026-05-19 10:25:41,912 INFO HTTP Request: GET https://t.me/s/surgerycollection?before=1178 "HTTP/1.1 200 OK"
2026-05-19 10:25:42,651 INFO HTTP Request: GET https://t.me/s/surgerycollection?before=1158 "HTTP/1.1 200 OK"
2026-05-19 10:25:43,369 INFO HTTP Request: GET https://t.me/s/surgerycollection?before=1138 "HTTP/1.1 200 OK"
2026-05-19 10:25:44,146 INFO HTTP Request: GET https://t.me/s/surgerycollection?before=1118 "HTTP/1.1 200 OK"
2026-05-19 10:25:44,907 INFO HTTP Request: GET https://t.me/s/surgerycollection?before=1095 "HTTP/1.1 200 OK"
2026-05-19 10:25:45,682 INFO HTTP Request: GET https://t.me/s/surgerycollection?before=1066 "HTTP/1.1 200 OK"
2026-05-19 10:25:46,462 INFO HTTP Request: GET https://t.me/s/surgerycollection?before=1046 "HTTP/1.1 200 OK"
2026-05-19 10:25:47,304 INFO HTTP Request: GET https://t.me/s/surgerycollection?before=1024 "HTTP/1.1 200 OK"
2026-05-19 10:25:48,358 INFO HTTP Request: GET https://t.me/s/surgerycollection?before=976 "HTTP/1.1 200 OK"
2026-05-19 10:25:49,224 INFO HTTP Request: GET https://t.me/s/surgerycollection?before=865 "HTTP/1.1 200 OK"
2026-05-19 10:25:49,938 INFO HTTP Request: GET https://t.me/s/surgerycollection?before=840 "HTTP/1.1 200 OK"
2026-05-19 10:25:50,698 INFO HTTP Request: GET https://t.me/s/surgerycollection?before=814 "HTTP/1.1 200 OK"
2026-05-19 10:25:51,570 INFO HTTP Request: GET https://t.me/s/surgerycollection?before=794 "HTTP/1.1 200 OK"
2026-05-19 10:25:52,410 INFO HTTP Request: GET https://t.me/s/surgerycollection?before=774 "HTTP/1.1 200 OK"
2026-05-19 10:25:53,155 INFO HTTP Request: GET https://t.me/s/surgerycollection?before=754 "HTTP/1.1 200 OK"
2026-05-19 10:25:53,888 INFO HTTP Request: GET https://t.me/s/surgerycollection?before=725 "HTTP/1.1 200 OK"
2026-05-19 10:25:54,643 INFO HTTP Request: GET https://t.me/s/surgerycollection?before=705 "HTTP/1.1 200 OK"
2026-05-19 10:25:55,417 INFO HTTP Request: GET https://t.me/s/surgerycollection?before=685 "HTTP/1.1 200 OK"
2026-05-19 10:25:56,259 INFO HTTP Request: GET https://t.me/s/surgerycollection?before=665 "HTTP/1.1 200 OK"
2026-05-19 10:25:57,096 INFO HTTP Request: GET https://t.me/s/surgerycollection?before=638 "HTTP/1.1 200 OK"
2026-05-19 10:25:57,909 INFO HTTP Request: GET https://t.me/s/surgerycollection?before=502 "HTTP/1.1 200 OK"
2026-05-19 10:25:58,766 INFO HTTP Request: GET https://t.me/s/surgerycollection?before=477 "HTTP/1.1 200 OK"
2026-05-19 10:25:59,636 INFO HTTP Request: GET https://t.me/s/surgerycollection?before=400 "HTTP/1.1 200 OK"
2026-05-19 10:26:00,555 INFO HTTP Request: GET https://t.me/s/surgerycollection?before=367 "HTTP/1.1 200 OK"
2026-05-19 10:26:01,428 INFO HTTP Request: GET https://t.me/s/surgerycollection?before=346 "HTTP/1.1 200 OK"
2026-05-19 10:26:02,346 INFO HTTP Request: GET https://t.me/s/surgerycollection?before=319 "HTTP/1.1 200 OK"
2026-05-19 10:26:03,139 INFO HTTP Request: GET https://t.me/s/surgerycollection?before=297 "HTTP/1.1 200 OK"
2026-05-19 10:26:04,139 INFO HTTP Request: GET https://t.me/s/surgerycollection?before=277 "HTTP/1.1 200 OK"
2026-05-19 10:26:05,028 INFO HTTP Request: GET https://t.me/s/surgerycollection?before=257 "HTTP/1.1 200 OK"
2026-05-19 10:26:05,969 INFO HTTP Request: GET https://t.me/s/surgerycollection?before=237 "HTTP/1.1 200 OK"
2026-05-19 10:26:07,006 INFO HTTP Request: GET https://t.me/s/surgerycollection?before=217 "HTTP/1.1 200 OK"
2026-05-19 10:26:07,740 INFO HTTP Request: GET https://t.me/s/surgerycollection?before=197 "HTTP/1.1 200 OK"
2026-05-19 10:26:08,502 INFO HTTP Request: GET https://t.me/s/surgerycollection?before=177 "HTTP/1.1 200 OK"
2026-05-19 10:26:09,296 INFO HTTP Request: GET https://t.me/s/surgerycollection?before=157 "HTTP/1.1 200 OK"
2026-05-19 10:26:10,088 INFO HTTP Request: GET https://t.me/s/surgerycollection?before=136 "HTTP/1.1 200 OK"
2026-05-19 10:26:10,858 INFO HTTP Request: GET https://t.me/s/surgerycollection?before=116 "HTTP/1.1 200 OK"
2026-05-19 10:26:11,595 INFO HTTP Request: GET https://t.me/s/surgerycollection?before=93 "HTTP/1.1 200 OK"
2026-05-19 10:26:12,346 INFO HTTP Request: GET https://t.me/s/surgerycollection?before=73 "HTTP/1.1 200 OK"
2026-05-19 10:26:13,129 INFO HTTP Request: GET https://t.me/s/surgerycollection?before=52 "HTTP/1.1 200 OK"
2026-05-19 10:26:13,978 INFO HTTP Request: GET https://t.me/s/surgerycollection?before=32 "HTTP/1.1 200 OK"
2026-05-19 10:26:14,746 INFO HTTP Request: GET https://t.me/s/surgerycollection?before=11 "HTTP/1.1 200 OK"
2026-05-19 10:26:15,431 INFO HTTP Request: GET https://t.me/s/surgerycollection?before=1 "HTTP/1.1 200 OK"
2026-05-19 10:26:15,479 INFO [99/108] @surgerycollection posts=643 source=tme_full_preview
2026-05-19 10:26:15,981 INFO Refreshing cache for @medical_books_storess (posts=2 ebooks=0)
2026-05-19 10:26:15,982 INFO Trying t.me/s/medical_books_storess ...
2026-05-19 10:26:17,348 INFO HTTP Request: GET https://t.me/s/medical_books_storess "HTTP/1.1 200 OK"
2026-05-19 10:26:18,035 INFO HTTP Request: GET https://t.me/s/medical_books_storess?before=1 "HTTP/1.1 200 OK"
2026-05-19 10:26:18,045 INFO [100/108] @medical_books_storess posts=2 source=tme_partial_preview
2026-05-19 10:26:18,549 INFO Trying t.me/s/medbookspdf ...
2026-05-19 10:26:19,374 INFO HTTP Request: GET https://t.me/s/medbookspdf "HTTP/1.1 302 Found"
2026-05-19 10:26:19,652 INFO HTTP Request: GET https://t.me/medbookspdf "HTTP/1.1 200 OK"
2026-05-19 10:26:19,653 INFO TGStat sample for medbookspdf (no public preview)
2026-05-19 10:26:20,984 INFO HTTP Request: GET https://tgstat.com/channel/@medbookspdf "HTTP/1.1 404 Not Found"
2026-05-19 10:26:21,667 INFO HTTP Request: GET https://tgstat.com/channel/@medbookspdf "HTTP/1.1 404 Not Found"
2026-05-19 10:26:22,315 INFO HTTP Request: GET https://tgstat.com/channel/@Medbookspdf "HTTP/1.1 404 Not Found"
2026-05-19 10:26:22,667 INFO [101/108] @medbookspdf posts=0 source=no_public_data
2026-05-19 10:26:23,181 INFO Trying t.me/s/amcclinicalexamprep ...
2026-05-19 10:26:23,991 INFO HTTP Request: GET https://t.me/s/amcclinicalexamprep "HTTP/1.1 302 Found"
2026-05-19 10:26:24,272 INFO HTTP Request: GET https://t.me/amcclinicalexamprep "HTTP/1.1 200 OK"
2026-05-19 10:26:24,274 INFO TGStat sample for amcclinicalexamprep (no public preview)
2026-05-19 10:26:24,954 INFO HTTP Request: GET https://tgstat.com/channel/@amcclinicalexamprep "HTTP/1.1 404 Not Found"
2026-05-19 10:26:25,640 INFO HTTP Request: GET https://tgstat.com/channel/@amcclinicalexamprep "HTTP/1.1 404 Not Found"
2026-05-19 10:26:26,332 INFO HTTP Request: GET https://tgstat.com/channel/@Amcclinicalexamprep "HTTP/1.1 404 Not Found"
2026-05-19 10:26:26,698 INFO [102/108] @amcclinicalexamprep posts=0 source=no_public_data
2026-05-19 10:26:27,200 INFO Trying t.me/s/pulmonaryc ...
2026-05-19 10:26:28,036 INFO HTTP Request: GET https://t.me/s/pulmonaryc "HTTP/1.1 302 Found"
2026-05-19 10:26:28,316 INFO HTTP Request: GET https://t.me/pulmonaryc "HTTP/1.1 200 OK"
2026-05-19 10:26:28,316 INFO TGStat sample for pulmonaryc (no public preview)
2026-05-19 10:26:29,877 INFO HTTP Request: GET https://tgstat.com/channel/@pulmonaryc "HTTP/1.1 200 OK"
2026-05-19 10:26:30,327 INFO [103/108] @pulmonaryc posts=16 source=tgstat_sample
2026-05-19 10:26:30,835 INFO Trying t.me/s/critical_care_books ...
2026-05-19 10:26:31,953 INFO HTTP Request: GET https://t.me/s/critical_care_books "HTTP/1.1 200 OK"
2026-05-19 10:26:32,867 INFO HTTP Request: GET https://t.me/s/critical_care_books?before=458 "HTTP/1.1 200 OK"
2026-05-19 10:26:33,936 INFO HTTP Request: GET https://t.me/s/critical_care_books?before=431 "HTTP/1.1 200 OK"
2026-05-19 10:26:34,898 INFO HTTP Request: GET https://t.me/s/critical_care_books?before=411 "HTTP/1.1 200 OK"
2026-05-19 10:26:35,908 INFO HTTP Request: GET https://t.me/s/critical_care_books?before=390 "HTTP/1.1 200 OK"
2026-05-19 10:26:37,061 INFO HTTP Request: GET https://t.me/s/critical_care_books?before=370 "HTTP/1.1 200 OK"
2026-05-19 10:26:38,145 INFO HTTP Request: GET https://t.me/s/critical_care_books?before=350 "HTTP/1.1 200 OK"
2026-05-19 10:26:39,315 INFO HTTP Request: GET https://t.me/s/critical_care_books?before=329 "HTTP/1.1 200 OK"
2026-05-19 10:26:40,344 INFO HTTP Request: GET https://t.me/s/critical_care_books?before=308 "HTTP/1.1 200 OK"
2026-05-19 10:26:41,422 INFO HTTP Request: GET https://t.me/s/critical_care_books?before=288 "HTTP/1.1 200 OK"
2026-05-19 10:26:42,619 INFO HTTP Request: GET https://t.me/s/critical_care_books?before=268 "HTTP/1.1 200 OK"
2026-05-19 10:26:43,852 INFO HTTP Request: GET https://t.me/s/critical_care_books?before=248 "HTTP/1.1 200 OK"
2026-05-19 10:26:44,871 INFO HTTP Request: GET https://t.me/s/critical_care_books?before=227 "HTTP/1.1 200 OK"
2026-05-19 10:26:45,920 INFO HTTP Request: GET https://t.me/s/critical_care_books?before=205 "HTTP/1.1 200 OK"
2026-05-19 10:26:46,880 INFO HTTP Request: GET https://t.me/s/critical_care_books?before=185 "HTTP/1.1 200 OK"
2026-05-19 10:26:47,908 INFO HTTP Request: GET https://t.me/s/critical_care_books?before=165 "HTTP/1.1 200 OK"
2026-05-19 10:26:48,829 INFO HTTP Request: GET https://t.me/s/critical_care_books?before=145 "HTTP/1.1 200 OK"
2026-05-19 10:26:49,744 INFO HTTP Request: GET https://t.me/s/critical_care_books?before=125 "HTTP/1.1 200 OK"
2026-05-19 10:26:50,645 INFO HTTP Request: GET https://t.me/s/critical_care_books?before=105 "HTTP/1.1 200 OK"
2026-05-19 10:26:51,467 INFO HTTP Request: GET https://t.me/s/critical_care_books?before=85 "HTTP/1.1 200 OK"
2026-05-19 10:26:52,286 INFO HTTP Request: GET https://t.me/s/critical_care_books?before=65 "HTTP/1.1 200 OK"
2026-05-19 10:26:53,163 INFO HTTP Request: GET https://t.me/s/critical_care_books?before=45 "HTTP/1.1 200 OK"
2026-05-19 10:26:54,151 INFO HTTP Request: GET https://t.me/s/critical_care_books?before=25 "HTTP/1.1 200 OK"
2026-05-19 10:26:54,942 INFO HTTP Request: GET https://t.me/s/critical_care_books?before=5 "HTTP/1.1 200 OK"
2026-05-19 10:26:55,640 INFO HTTP Request: GET https://t.me/s/critical_care_books?before=1 "HTTP/1.1 200 OK"
2026-05-19 10:26:55,694 INFO [104/108] @critical_care_books posts=464 source=tme_full_preview
2026-05-19 10:26:56,207 INFO [105/108] skip @nbme_q (cached)
2026-05-19 10:26:56,207 INFO Trying t.me/s/mmedicalbookss ...
2026-05-19 10:26:57,009 INFO HTTP Request: GET https://t.me/s/mmedicalbookss "HTTP/1.1 302 Found"
2026-05-19 10:26:57,286 INFO HTTP Request: GET https://t.me/mmedicalbookss "HTTP/1.1 200 OK"
2026-05-19 10:26:57,287 INFO TGStat sample for mmedicalbookss (no public preview)
2026-05-19 10:26:59,449 INFO HTTP Request: GET https://tgstat.com/channel/@mmedicalbookss "HTTP/1.1 200 OK"
2026-05-19 10:26:59,965 INFO [106/108] @mmedicalbookss posts=17 source=tgstat_sample
2026-05-19 10:27:00,472 INFO Trying t.me/s/gastroenterology_courses ...
2026-05-19 10:27:01,577 INFO HTTP Request: GET https://t.me/s/gastroenterology_courses "HTTP/1.1 200 OK"
2026-05-19 10:27:02,565 INFO HTTP Request: GET https://t.me/s/gastroenterology_courses?before=563 "HTTP/1.1 200 OK"
2026-05-19 10:27:03,558 INFO HTTP Request: GET https://t.me/s/gastroenterology_courses?before=543 "HTTP/1.1 200 OK"
2026-05-19 10:27:04,646 INFO HTTP Request: GET https://t.me/s/gastroenterology_courses?before=510 "HTTP/1.1 200 OK"
2026-05-19 10:27:05,732 INFO HTTP Request: GET https://t.me/s/gastroenterology_courses?before=475 "HTTP/1.1 200 OK"
2026-05-19 10:27:07,032 INFO HTTP Request: GET https://t.me/s/gastroenterology_courses?before=454 "HTTP/1.1 200 OK"
2026-05-19 10:27:08,130 INFO HTTP Request: GET https://t.me/s/gastroenterology_courses?before=434 "HTTP/1.1 200 OK"
2026-05-19 10:27:09,299 INFO HTTP Request: GET https://t.me/s/gastroenterology_courses?before=348 "HTTP/1.1 200 OK"
2026-05-19 10:27:10,213 INFO HTTP Request: GET https://t.me/s/gastroenterology_courses?before=314 "HTTP/1.1 200 OK"
2026-05-19 10:27:11,084 INFO HTTP Request: GET https://t.me/s/gastroenterology_courses?before=276 "HTTP/1.1 200 OK"
2026-05-19 10:27:12,077 INFO HTTP Request: GET https://t.me/s/gastroenterology_courses?before=255 "HTTP/1.1 200 OK"
2026-05-19 10:27:12,994 INFO HTTP Request: GET https://t.me/s/gastroenterology_courses?before=235 "HTTP/1.1 200 OK"
2026-05-19 10:27:13,949 INFO HTTP Request: GET https://t.me/s/gastroenterology_courses?before=155 "HTTP/1.1 200 OK"
2026-05-19 10:27:14,987 INFO HTTP Request: GET https://t.me/s/gastroenterology_courses?before=130 "HTTP/1.1 200 OK"
2026-05-19 10:27:15,975 INFO HTTP Request: GET https://t.me/s/gastroenterology_courses?before=99 "HTTP/1.1 200 OK"
2026-05-19 10:27:17,295 INFO HTTP Request: GET https://t.me/s/gastroenterology_courses?before=71 "HTTP/1.1 200 OK"
2026-05-19 10:27:18,314 INFO HTTP Request: GET https://t.me/s/gastroenterology_courses?before=50 "HTTP/1.1 200 OK"
2026-05-19 10:27:19,419 INFO HTTP Request: GET https://t.me/s/gastroenterology_courses?before=26 "HTTP/1.1 200 OK"
2026-05-19 10:27:20,289 INFO HTTP Request: GET https://t.me/s/gastroenterology_courses?before=6 "HTTP/1.1 200 OK"
2026-05-19 10:27:20,979 INFO HTTP Request: GET https://t.me/s/gastroenterology_courses?before=1 "HTTP/1.1 200 OK"
2026-05-19 10:27:21,006 INFO [107/108] @gastroenterology_courses posts=360 source=tme_full_preview
2026-05-19 10:27:21,511 INFO Trying t.me/s/pezeshkibooks ...
2026-05-19 10:27:22,312 INFO HTTP Request: GET https://t.me/s/pezeshkibooks "HTTP/1.1 302 Found"
2026-05-19 10:27:22,592 INFO HTTP Request: GET https://t.me/pezeshkibooks "HTTP/1.1 200 OK"
2026-05-19 10:27:22,593 INFO TGStat sample for pezeshkibooks (no public preview)
2026-05-19 10:27:24,293 INFO HTTP Request: GET https://tgstat.com/channel/@pezeshkibooks "HTTP/1.1 404 Not Found"
2026-05-19 10:27:24,998 INFO HTTP Request: GET https://tgstat.com/channel/@pezeshkibooks "HTTP/1.1 404 Not Found"
2026-05-19 10:27:25,697 INFO HTTP Request: GET https://tgstat.com/channel/@Pezeshkibooks "HTTP/1.1 404 Not Found"
2026-05-19 10:27:26,049 INFO [108/108] @pezeshkibooks posts=0 source=no_public_data
2026-05-19 10:27:26,564 INFO Batch scrape complete
2026-05-19 11:15:13,429 INFO Scraping 167 qualified channels (max_pages=120)
2026-05-19 11:15:13,430 INFO [1/167] skip @ebooks (cached)
2026-05-19 11:15:13,431 INFO [2/167] skip @speedybook (cached)
2026-05-19 11:15:13,432 INFO Refreshing cache for @jpbookpdf (posts=11 direct_ebooks=11)
2026-05-19 11:15:13,434 INFO Trying t.me/s/jpbookpdf ...
2026-05-19 11:15:14,632 INFO HTTP Request: GET https://t.me/s/jpbookpdf "HTTP/1.1 302 Found"
2026-05-19 11:15:14,915 INFO HTTP Request: GET https://t.me/jpbookpdf "HTTP/1.1 200 OK"
2026-05-19 11:15:14,915 INFO TGStat sample for jpbookpdf (no public preview)
2026-05-19 11:15:17,113 INFO HTTP Request: GET https://tgstat.com/channel/@jpbookpdf "HTTP/1.1 200 OK"
2026-05-19 11:15:17,590 INFO [3/167] @jpbookpdf posts=11 source=tgstat_sample
2026-05-19 11:15:18,093 INFO [4/167] skip @medicine_way2 (cached)
2026-05-19 11:15:18,095 INFO [5/167] skip @medicinevideoss (cached)
2026-05-19 11:15:18,097 INFO [6/167] skip @pdfbo0ok (cached)
2026-05-19 11:15:18,098 INFO Trying t.me/s/mmedicalbookss ...
2026-05-19 11:15:18,914 INFO HTTP Request: GET https://t.me/s/mmedicalbookss "HTTP/1.1 302 Found"
2026-05-19 11:15:19,195 INFO HTTP Request: GET https://t.me/mmedicalbookss "HTTP/1.1 200 OK"
2026-05-19 11:15:19,196 INFO TGStat sample for mmedicalbookss (no public preview)
2026-05-19 11:15:20,698 INFO HTTP Request: GET https://tgstat.com/channel/@mmedicalbookss "HTTP/1.1 200 OK"
2026-05-19 11:15:21,209 INFO [7/167] @mmedicalbookss posts=17 source=tgstat_sample
2026-05-19 11:15:21,722 INFO [8/167] skip @sketchymedical (cached)
2026-05-19 11:15:21,722 INFO Trying t.me/s/anatomyvideoss ...
2026-05-19 11:15:22,650 INFO HTTP Request: GET https://t.me/s/anatomyvideoss "HTTP/1.1 200 OK"
2026-05-19 11:15:23,513 INFO HTTP Request: GET https://t.me/s/anatomyvideoss?before=2315 "HTTP/1.1 200 OK"
2026-05-19 11:15:24,429 INFO HTTP Request: GET https://t.me/s/anatomyvideoss?before=2274 "HTTP/1.1 200 OK"
2026-05-19 11:15:25,332 INFO HTTP Request: GET https://t.me/s/anatomyvideoss?before=2249 "HTTP/1.1 200 OK"
2026-05-19 11:15:26,208 INFO HTTP Request: GET https://t.me/s/anatomyvideoss?before=2222 "HTTP/1.1 200 OK"
2026-05-19 11:15:27,138 INFO HTTP Request: GET https://t.me/s/anatomyvideoss?before=2202 "HTTP/1.1 200 OK"
2026-05-19 11:15:28,016 INFO HTTP Request: GET https://t.me/s/anatomyvideoss?before=2177 "HTTP/1.1 200 OK"
2026-05-19 11:15:28,960 INFO HTTP Request: GET https://t.me/s/anatomyvideoss?before=2157 "HTTP/1.1 200 OK"
2026-05-19 11:15:29,951 INFO HTTP Request: GET https://t.me/s/anatomyvideoss?before=2137 "HTTP/1.1 200 OK"
2026-05-19 11:15:30,867 INFO HTTP Request: GET https://t.me/s/anatomyvideoss?before=2117 "HTTP/1.1 200 OK"
2026-05-19 11:15:31,727 INFO HTTP Request: GET https://t.me/s/anatomyvideoss?before=2096 "HTTP/1.1 200 OK"
2026-05-19 11:15:32,665 INFO HTTP Request: GET https://t.me/s/anatomyvideoss?before=2076 "HTTP/1.1 200 OK"
2026-05-19 11:15:33,595 INFO HTTP Request: GET https://t.me/s/anatomyvideoss?before=2056 "HTTP/1.1 200 OK"
2026-05-19 11:15:34,518 INFO HTTP Request: GET https://t.me/s/anatomyvideoss?before=2036 "HTTP/1.1 200 OK"
2026-05-19 11:15:35,472 INFO HTTP Request: GET https://t.me/s/anatomyvideoss?before=2016 "HTTP/1.1 200 OK"
2026-05-19 11:15:36,349 INFO HTTP Request: GET https://t.me/s/anatomyvideoss?before=1996 "HTTP/1.1 200 OK"
2026-05-19 11:15:37,242 INFO HTTP Request: GET https://t.me/s/anatomyvideoss?before=1976 "HTTP/1.1 200 OK"
2026-05-19 11:15:38,202 INFO HTTP Request: GET https://t.me/s/anatomyvideoss?before=1956 "HTTP/1.1 200 OK"
2026-05-19 11:15:39,088 INFO HTTP Request: GET https://t.me/s/anatomyvideoss?before=1936 "HTTP/1.1 200 OK"
2026-05-19 11:15:39,980 INFO HTTP Request: GET https://t.me/s/anatomyvideoss?before=1916 "HTTP/1.1 200 OK"
2026-05-19 11:15:40,875 INFO HTTP Request: GET https://t.me/s/anatomyvideoss?before=1895 "HTTP/1.1 200 OK"
2026-05-19 11:15:41,803 INFO HTTP Request: GET https://t.me/s/anatomyvideoss?before=1870 "HTTP/1.1 200 OK"
2026-05-19 11:15:42,952 INFO HTTP Request: GET https://t.me/s/anatomyvideoss?before=1848 "HTTP/1.1 200 OK"
2026-05-19 11:15:43,862 INFO HTTP Request: GET https://t.me/s/anatomyvideoss?before=1826 "HTTP/1.1 200 OK"
2026-05-19 11:15:44,775 INFO HTTP Request: GET https://t.me/s/anatomyvideoss?before=1801 "HTTP/1.1 200 OK"
2026-05-19 11:15:45,749 INFO HTTP Request: GET https://t.me/s/anatomyvideoss?before=1778 "HTTP/1.1 200 OK"
2026-05-19 11:15:46,837 INFO HTTP Request: GET https://t.me/s/anatomyvideoss?before=1754 "HTTP/1.1 200 OK"
2026-05-19 11:15:47,851 INFO HTTP Request: GET https://t.me/s/anatomyvideoss?before=1722 "HTTP/1.1 200 OK"
2026-05-19 11:15:48,736 INFO HTTP Request: GET https://t.me/s/anatomyvideoss?before=1701 "HTTP/1.1 200 OK"
2026-05-19 11:15:49,698 INFO HTTP Request: GET https://t.me/s/anatomyvideoss?before=1676 "HTTP/1.1 200 OK"
2026-05-19 11:15:50,696 INFO HTTP Request: GET https://t.me/s/anatomyvideoss?before=1654 "HTTP/1.1 200 OK"
2026-05-19 11:15:51,664 INFO HTTP Request: GET https://t.me/s/anatomyvideoss?before=1631 "HTTP/1.1 200 OK"
2026-05-19 11:15:52,552 INFO HTTP Request: GET https://t.me/s/anatomyvideoss?before=1603 "HTTP/1.1 200 OK"
2026-05-19 11:15:53,576 INFO HTTP Request: GET https://t.me/s/anatomyvideoss?before=1568 "HTTP/1.1 200 OK"
2026-05-19 11:15:54,491 INFO HTTP Request: GET https://t.me/s/anatomyvideoss?before=1538 "HTTP/1.1 200 OK"
2026-05-19 11:15:55,370 INFO HTTP Request: GET https://t.me/s/anatomyvideoss?before=1502 "HTTP/1.1 200 OK"
2026-05-19 11:15:56,249 INFO HTTP Request: GET https://t.me/s/anatomyvideoss?before=1469 "HTTP/1.1 200 OK"
2026-05-19 11:15:57,133 INFO HTTP Request: GET https://t.me/s/anatomyvideoss?before=1395 "HTTP/1.1 200 OK"
2026-05-19 11:15:58,007 INFO HTTP Request: GET https://t.me/s/anatomyvideoss?before=1118 "HTTP/1.1 200 OK"
2026-05-19 11:15:58,899 INFO HTTP Request: GET https://t.me/s/anatomyvideoss?before=1081 "HTTP/1.1 200 OK"
2026-05-19 11:15:59,833 INFO HTTP Request: GET https://t.me/s/anatomyvideoss?before=1006 "HTTP/1.1 200 OK"
2026-05-19 11:16:00,565 INFO HTTP Request: GET https://t.me/s/anatomyvideoss?before=1 "HTTP/1.1 200 OK"
2026-05-19 11:16:00,607 INFO [9/167] @anatomyvideoss posts=818 source=tme_full_preview
2026-05-19 11:16:01,116 INFO [10/167] skip @surgeryvideos (cached)
2026-05-19 11:16:01,116 INFO Trying t.me/s/anesthesia_books ...
2026-05-19 11:16:01,905 INFO HTTP Request: GET https://t.me/s/anesthesia_books "HTTP/1.1 302 Found"
2026-05-19 11:16:02,179 INFO HTTP Request: GET https://t.me/anesthesia_books "HTTP/1.1 200 OK"
2026-05-19 11:16:02,179 INFO TGStat sample for anesthesia_books (no public preview)
2026-05-19 11:16:03,504 INFO HTTP Request: GET https://tgstat.com/channel/@anesthesia_books "HTTP/1.1 302 Found"
2026-05-19 11:16:05,304 INFO HTTP Request: GET https://tgstat.com/channel/@Anesthesia_Books "HTTP/1.1 200 OK"
2026-05-19 11:16:05,739 INFO [11/167] @anesthesia_books posts=10 source=tgstat_sample
2026-05-19 11:16:06,250 INFO [12/167] skip @medipoints (cached)
2026-05-19 11:16:06,251 INFO [13/167] skip @medicalprep (cached)
2026-05-19 11:16:06,251 INFO Trying t.me/s/plab_mrcp ...
2026-05-19 11:16:07,045 INFO HTTP Request: GET https://t.me/s/plab_mrcp "HTTP/1.1 302 Found"
2026-05-19 11:16:07,326 INFO HTTP Request: GET https://t.me/plab_mrcp "HTTP/1.1 200 OK"
2026-05-19 11:16:07,327 INFO TGStat sample for plab_mrcp (no public preview)
2026-05-19 11:16:07,994 INFO HTTP Request: GET https://tgstat.com/channel/@plab_mrcp "HTTP/1.1 302 Found"
2026-05-19 11:16:09,583 INFO HTTP Request: GET https://tgstat.com/channel/@Plab_MRcp "HTTP/1.1 200 OK"
2026-05-19 11:16:10,106 INFO [14/167] @plab_mrcp posts=27 source=tgstat_sample
2026-05-19 11:16:10,620 INFO Trying t.me/s/booksdana ...
2026-05-19 11:16:11,423 INFO HTTP Request: GET https://t.me/s/booksdana "HTTP/1.1 302 Found"
2026-05-19 11:16:11,702 INFO HTTP Request: GET https://t.me/booksdana "HTTP/1.1 200 OK"
2026-05-19 11:16:11,702 INFO TGStat sample for booksdana (no public preview)
2026-05-19 11:16:12,350 INFO HTTP Request: GET https://tgstat.com/channel/@booksdana "HTTP/1.1 302 Found"
2026-05-19 11:16:14,897 INFO HTTP Request: GET https://in.tgstat.com/channel/@booksdana "HTTP/1.1 200 OK"
2026-05-19 11:16:15,491 INFO [15/167] @booksdana posts=25 source=tgstat_sample
2026-05-19 11:16:16,008 INFO Trying t.me/s/biochemistry_videos ...
2026-05-19 11:16:17,049 INFO HTTP Request: GET https://t.me/s/biochemistry_videos "HTTP/1.1 200 OK"
2026-05-19 11:16:18,313 INFO HTTP Request: GET https://t.me/s/biochemistry_videos?before=1522 "HTTP/1.1 200 OK"
2026-05-19 11:16:19,353 INFO HTTP Request: GET https://t.me/s/biochemistry_videos?before=1484 "HTTP/1.1 200 OK"
2026-05-19 11:16:20,491 INFO HTTP Request: GET https://t.me/s/biochemistry_videos?before=1461 "HTTP/1.1 200 OK"
2026-05-19 11:16:21,690 INFO HTTP Request: GET https://t.me/s/biochemistry_videos?before=1435 "HTTP/1.1 200 OK"
2026-05-19 11:16:22,778 INFO HTTP Request: GET https://t.me/s/biochemistry_videos?before=1415 "HTTP/1.1 200 OK"
2026-05-19 11:16:23,881 INFO HTTP Request: GET https://t.me/s/biochemistry_videos?before=1395 "HTTP/1.1 200 OK"
2026-05-19 11:16:25,118 INFO HTTP Request: GET https://t.me/s/biochemistry_videos?before=1375 "HTTP/1.1 200 OK"
2026-05-19 11:16:26,265 INFO HTTP Request: GET https://t.me/s/biochemistry_videos?before=1355 "HTTP/1.1 200 OK"
2026-05-19 11:16:27,631 INFO HTTP Request: GET https://t.me/s/biochemistry_videos?before=1335 "HTTP/1.1 200 OK"
2026-05-19 11:16:28,792 INFO HTTP Request: GET https://t.me/s/biochemistry_videos?before=1315 "HTTP/1.1 200 OK"
2026-05-19 11:16:29,848 INFO HTTP Request: GET https://t.me/s/biochemistry_videos?before=1295 "HTTP/1.1 200 OK"
2026-05-19 11:16:30,944 INFO HTTP Request: GET https://t.me/s/biochemistry_videos?before=1275 "HTTP/1.1 200 OK"
2026-05-19 11:16:32,141 INFO HTTP Request: GET https://t.me/s/biochemistry_videos?before=1255 "HTTP/1.1 200 OK"
2026-05-19 11:16:33,263 INFO HTTP Request: GET https://t.me/s/biochemistry_videos?before=1235 "HTTP/1.1 200 OK"
2026-05-19 11:16:34,347 INFO HTTP Request: GET https://t.me/s/biochemistry_videos?before=1215 "HTTP/1.1 200 OK"
2026-05-19 11:16:35,606 INFO HTTP Request: GET https://t.me/s/biochemistry_videos?before=1195 "HTTP/1.1 200 OK"
2026-05-19 11:16:36,690 INFO HTTP Request: GET https://t.me/s/biochemistry_videos?before=1175 "HTTP/1.1 200 OK"
2026-05-19 11:16:37,914 INFO HTTP Request: GET https://t.me/s/biochemistry_videos?before=1153 "HTTP/1.1 200 OK"
2026-05-19 11:16:39,298 INFO HTTP Request: GET https://t.me/s/biochemistry_videos?before=1121 "HTTP/1.1 200 OK"
2026-05-19 11:16:40,478 INFO HTTP Request: GET https://t.me/s/biochemistry_videos?before=1095 "HTTP/1.1 200 OK"
2026-05-19 11:16:41,853 INFO HTTP Request: GET https://t.me/s/biochemistry_videos?before=1067 "HTTP/1.1 200 OK"
2026-05-19 11:16:42,984 INFO HTTP Request: GET https://t.me/s/biochemistry_videos?before=1041 "HTTP/1.1 200 OK"
2026-05-19 11:16:44,131 INFO HTTP Request: GET https://t.me/s/biochemistry_videos?before=1016 "HTTP/1.1 200 OK"
2026-05-19 11:16:45,285 INFO HTTP Request: GET https://t.me/s/biochemistry_videos?before=991 "HTTP/1.1 200 OK"
2026-05-19 11:16:46,414 INFO HTTP Request: GET https://t.me/s/biochemistry_videos?before=970 "HTTP/1.1 200 OK"
2026-05-19 11:16:47,566 INFO HTTP Request: GET https://t.me/s/biochemistry_videos?before=947 "HTTP/1.1 200 OK"
2026-05-19 11:16:48,852 INFO HTTP Request: GET https://t.me/s/biochemistry_videos?before=924 "HTTP/1.1 200 OK"
2026-05-19 11:16:49,907 INFO HTTP Request: GET https://t.me/s/biochemistry_videos?before=903 "HTTP/1.1 200 OK"
2026-05-19 11:16:51,037 INFO HTTP Request: GET https://t.me/s/biochemistry_videos?before=879 "HTTP/1.1 200 OK"
2026-05-19 11:16:52,174 INFO HTTP Request: GET https://t.me/s/biochemistry_videos?before=847 "HTTP/1.1 200 OK"
2026-05-19 11:16:53,216 INFO HTTP Request: GET https://t.me/s/biochemistry_videos?before=816 "HTTP/1.1 200 OK"
2026-05-19 11:16:54,313 INFO HTTP Request: GET https://t.me/s/biochemistry_videos?before=785 "HTTP/1.1 200 OK"
2026-05-19 11:16:55,436 INFO HTTP Request: GET https://t.me/s/biochemistry_videos?before=752 "HTTP/1.1 200 OK"
2026-05-19 11:16:56,470 INFO HTTP Request: GET https://t.me/s/biochemistry_videos?before=707 "HTTP/1.1 200 OK"
2026-05-19 11:16:57,585 INFO HTTP Request: GET https://t.me/s/biochemistry_videos?before=615 "HTTP/1.1 200 OK"
2026-05-19 11:16:58,594 INFO HTTP Request: GET https://t.me/s/biochemistry_videos?before=433 "HTTP/1.1 200 OK"
2026-05-19 11:16:59,636 INFO HTTP Request: GET https://t.me/s/biochemistry_videos?before=402 "HTTP/1.1 200 OK"
2026-05-19 11:17:00,891 INFO HTTP Request: GET https://t.me/s/biochemistry_videos?before=339 "HTTP/1.1 200 OK"
2026-05-19 11:17:02,167 INFO HTTP Request: GET https://t.me/s/biochemistry_videos?before=233 "HTTP/1.1 200 OK"
2026-05-19 11:17:03,349 INFO HTTP Request: GET https://t.me/s/biochemistry_videos?before=190 "HTTP/1.1 200 OK"
2026-05-19 11:17:04,505 INFO HTTP Request: GET https://t.me/s/biochemistry_videos?before=170 "HTTP/1.1 200 OK"
2026-05-19 11:17:05,965 INFO HTTP Request: GET https://t.me/s/biochemistry_videos?before=150 "HTTP/1.1 200 OK"
2026-05-19 11:17:07,154 INFO HTTP Request: GET https://t.me/s/biochemistry_videos?before=106 "HTTP/1.1 200 OK"
2026-05-19 11:17:08,420 INFO HTTP Request: GET https://t.me/s/biochemistry_videos?before=86 "HTTP/1.1 200 OK"
2026-05-19 11:17:09,572 INFO HTTP Request: GET https://t.me/s/biochemistry_videos?before=66 "HTTP/1.1 200 OK"
2026-05-19 11:17:10,755 INFO HTTP Request: GET https://t.me/s/biochemistry_videos?before=46 "HTTP/1.1 200 OK"
2026-05-19 11:17:11,902 INFO HTTP Request: GET https://t.me/s/biochemistry_videos?before=26 "HTTP/1.1 200 OK"
2026-05-19 11:17:12,944 INFO HTTP Request: GET https://t.me/s/biochemistry_videos?before=6 "HTTP/1.1 200 OK"
2026-05-19 11:17:13,687 INFO HTTP Request: GET https://t.me/s/biochemistry_videos?before=1 "HTTP/1.1 200 OK"
2026-05-19 11:17:13,803 INFO [16/167] @biochemistry_videos posts=965 source=tme_full_preview
2026-05-19 11:17:14,418 INFO Trying t.me/s/ophthalmology_books_2016 ...
2026-05-19 11:17:15,246 INFO HTTP Request: GET https://t.me/s/ophthalmology_books_2016 "HTTP/1.1 302 Found"
2026-05-19 11:17:15,524 INFO HTTP Request: GET https://t.me/ophthalmology_books_2016 "HTTP/1.1 200 OK"
2026-05-19 11:17:15,525 INFO TGStat sample for ophthalmology_books_2016 (no public preview)
2026-05-19 11:17:16,909 INFO HTTP Request: GET https://tgstat.com/channel/@ophthalmology_books_2016 "HTTP/1.1 302 Found"
2026-05-19 11:17:18,408 INFO HTTP Request: GET https://tgstat.com/channel/@Ophthalmology_Books_2016 "HTTP/1.1 200 OK"
2026-05-19 11:17:19,803 INFO HTTP Request: GET https://tgstat.com/channel/@ophthalmology_books_2016 "HTTP/1.1 302 Found"
2026-05-19 11:17:21,123 INFO HTTP Request: GET https://tgstat.com/channel/@Ophthalmology_Books_2016 "HTTP/1.1 200 OK"
2026-05-19 11:17:23,190 INFO HTTP Request: GET https://tgstat.com/channel/@Ophthalmology_Books_2016 "HTTP/1.1 200 OK"
2026-05-19 11:17:24,030 INFO [17/167] @ophthalmology_books_2016 posts=0 source=no_public_data
2026-05-19 11:17:24,534 INFO Trying t.me/s/medical_books_storess ...
2026-05-19 11:17:25,380 INFO HTTP Request: GET https://t.me/s/medical_books_storess "HTTP/1.1 200 OK"
2026-05-19 11:17:26,065 INFO HTTP Request: GET https://t.me/s/medical_books_storess?before=1 "HTTP/1.1 200 OK"
2026-05-19 11:17:26,075 INFO [18/167] @medical_books_storess posts=2 source=tme_partial_preview
2026-05-19 11:17:26,575 INFO Trying t.me/s/medical_book772 ...
2026-05-19 11:17:27,393 INFO HTTP Request: GET https://t.me/s/medical_book772 "HTTP/1.1 302 Found"
2026-05-19 11:17:27,671 INFO HTTP Request: GET https://t.me/medical_book772 "HTTP/1.1 200 OK"
2026-05-19 11:17:27,673 INFO TGStat sample for medical_book772 (no public preview)
2026-05-19 11:17:29,503 INFO HTTP Request: GET https://tgstat.com/channel/@medical_book772 "HTTP/1.1 200 OK"
2026-05-19 11:17:30,446 INFO [19/167] @medical_book772 posts=9 source=tgstat_sample
2026-05-19 11:17:30,952 INFO Trying t.me/s/libraryedent ...
2026-05-19 11:17:31,774 INFO HTTP Request: GET https://t.me/s/libraryedent "HTTP/1.1 302 Found"
2026-05-19 11:17:32,056 INFO HTTP Request: GET https://t.me/libraryedent "HTTP/1.1 200 OK"
2026-05-19 11:17:32,057 INFO TGStat sample for libraryedent (no public preview)
2026-05-19 11:17:32,727 INFO HTTP Request: GET https://tgstat.com/channel/@libraryedent "HTTP/1.1 302 Found"
2026-05-19 11:17:35,237 INFO HTTP Request: GET https://ir.tgstat.com/channel/@LibraryEDent "HTTP/1.1 200 OK"
2026-05-19 11:17:35,690 INFO [20/167] @libraryedent posts=12 source=tgstat_sample
2026-05-19 11:17:36,192 INFO Trying t.me/s/thedentists ...
2026-05-19 11:17:36,993 INFO HTTP Request: GET https://t.me/s/thedentists "HTTP/1.1 302 Found"
2026-05-19 11:17:37,274 INFO HTTP Request: GET https://t.me/thedentists "HTTP/1.1 200 OK"
2026-05-19 11:17:37,276 INFO TGStat sample for thedentists (no public preview)
2026-05-19 11:17:38,966 INFO HTTP Request: GET https://tgstat.com/channel/@thedentists "HTTP/1.1 200 OK"
2026-05-19 11:17:39,426 INFO [21/167] @thedentists posts=10 source=tgstat_sample
2026-05-19 11:17:39,927 INFO [22/167] skip @medicalrefrencess (cached)
2026-05-19 11:17:39,927 INFO Trying t.me/s/paedsvideos ...
2026-05-19 11:17:40,866 INFO HTTP Request: GET https://t.me/s/paedsvideos "HTTP/1.1 200 OK"
2026-05-19 11:17:41,752 INFO HTTP Request: GET https://t.me/s/paedsvideos?before=1736 "HTTP/1.1 200 OK"
2026-05-19 11:17:42,636 INFO HTTP Request: GET https://t.me/s/paedsvideos?before=1698 "HTTP/1.1 200 OK"
2026-05-19 11:17:43,607 INFO HTTP Request: GET https://t.me/s/paedsvideos?before=1670 "HTTP/1.1 200 OK"
2026-05-19 11:17:44,486 INFO HTTP Request: GET https://t.me/s/paedsvideos?before=1650 "HTTP/1.1 200 OK"
2026-05-19 11:17:45,363 INFO HTTP Request: GET https://t.me/s/paedsvideos?before=1630 "HTTP/1.1 200 OK"
2026-05-19 11:17:46,314 INFO HTTP Request: GET https://t.me/s/paedsvideos?before=1610 "HTTP/1.1 200 OK"
2026-05-19 11:17:47,242 INFO HTTP Request: GET https://t.me/s/paedsvideos?before=1590 "HTTP/1.1 200 OK"
2026-05-19 11:17:48,164 INFO HTTP Request: GET https://t.me/s/paedsvideos?before=1570 "HTTP/1.1 200 OK"
2026-05-19 11:17:49,082 INFO HTTP Request: GET https://t.me/s/paedsvideos?before=1550 "HTTP/1.1 200 OK"
2026-05-19 11:17:49,990 INFO HTTP Request: GET https://t.me/s/paedsvideos?before=1530 "HTTP/1.1 200 OK"
2026-05-19 11:17:50,875 INFO HTTP Request: GET https://t.me/s/paedsvideos?before=1510 "HTTP/1.1 200 OK"
2026-05-19 11:17:51,756 INFO HTTP Request: GET https://t.me/s/paedsvideos?before=1490 "HTTP/1.1 200 OK"
2026-05-19 11:17:52,696 INFO HTTP Request: GET https://t.me/s/paedsvideos?before=1470 "HTTP/1.1 200 OK"
2026-05-19 11:17:53,618 INFO HTTP Request: GET https://t.me/s/paedsvideos?before=1450 "HTTP/1.1 200 OK"
2026-05-19 11:17:54,565 INFO HTTP Request: GET https://t.me/s/paedsvideos?before=1428 "HTTP/1.1 200 OK"
2026-05-19 11:17:55,459 INFO HTTP Request: GET https://t.me/s/paedsvideos?before=1401 "HTTP/1.1 200 OK"
2026-05-19 11:17:56,413 INFO HTTP Request: GET https://t.me/s/paedsvideos?before=1375 "HTTP/1.1 200 OK"
2026-05-19 11:17:57,283 INFO HTTP Request: GET https://t.me/s/paedsvideos?before=1354 "HTTP/1.1 200 OK"
2026-05-19 11:17:58,166 INFO HTTP Request: GET https://t.me/s/paedsvideos?before=1330 "HTTP/1.1 200 OK"
2026-05-19 11:17:59,059 INFO HTTP Request: GET https://t.me/s/paedsvideos?before=1307 "HTTP/1.1 200 OK"
2026-05-19 11:17:59,992 INFO HTTP Request: GET https://t.me/s/paedsvideos?before=1281 "HTTP/1.1 200 OK"
2026-05-19 11:18:00,894 INFO HTTP Request: GET https://t.me/s/paedsvideos?before=1259 "HTTP/1.1 200 OK"
2026-05-19 11:18:01,862 INFO HTTP Request: GET https://t.me/s/paedsvideos?before=1236 "HTTP/1.1 200 OK"
2026-05-19 11:18:02,755 INFO HTTP Request: GET https://t.me/s/paedsvideos?before=1212 "HTTP/1.1 200 OK"
2026-05-19 11:18:03,655 INFO HTTP Request: GET https://t.me/s/paedsvideos?before=1190 "HTTP/1.1 200 OK"
2026-05-19 11:18:04,523 INFO HTTP Request: GET https://t.me/s/paedsvideos?before=1167 "HTTP/1.1 200 OK"
2026-05-19 11:18:05,612 INFO HTTP Request: GET https://t.me/s/paedsvideos?before=1133 "HTTP/1.1 200 OK"
2026-05-19 11:18:06,453 INFO HTTP Request: GET https://t.me/s/paedsvideos?before=1094 "HTTP/1.1 200 OK"
2026-05-19 11:18:07,384 INFO HTTP Request: GET https://t.me/s/paedsvideos?before=1058 "HTTP/1.1 200 OK"
2026-05-19 11:18:08,312 INFO HTTP Request: GET https://t.me/s/paedsvideos?before=1007 "HTTP/1.1 200 OK"
2026-05-19 11:18:09,174 INFO HTTP Request: GET https://t.me/s/paedsvideos?before=736 "HTTP/1.1 200 OK"
2026-05-19 11:18:10,032 INFO HTTP Request: GET https://t.me/s/paedsvideos?before=700 "HTTP/1.1 200 OK"
2026-05-19 11:18:10,855 INFO HTTP Request: GET https://t.me/s/paedsvideos?before=621 "HTTP/1.1 200 OK"
2026-05-19 11:18:11,597 INFO HTTP Request: GET https://t.me/s/paedsvideos?before=1 "HTTP/1.1 200 OK"
2026-05-19 11:18:11,647 INFO [23/167] @paedsvideos posts=670 source=tme_full_preview
2026-05-19 11:18:12,151 INFO Trying t.me/s/bscnursing ...
2026-05-19 11:18:12,941 INFO HTTP Request: GET https://t.me/s/bscnursing "HTTP/1.1 302 Found"
2026-05-19 11:18:13,218 INFO HTTP Request: GET https://t.me/bscnursing "HTTP/1.1 200 OK"
2026-05-19 11:18:13,220 INFO TGStat sample for bscnursing (no public preview)
2026-05-19 11:18:14,145 INFO HTTP Request: GET https://tgstat.com/channel/@bscnursing "HTTP/1.1 404 Not Found"
2026-05-19 11:18:14,872 INFO HTTP Request: GET https://tgstat.com/channel/@bscnursing "HTTP/1.1 404 Not Found"
2026-05-19 11:18:15,621 INFO HTTP Request: GET https://tgstat.com/channel/@Bscnursing "HTTP/1.1 404 Not Found"
2026-05-19 11:18:15,985 INFO [24/167] @bscnursing posts=0 source=no_public_data
2026-05-19 11:18:16,487 INFO Trying t.me/s/imd_app ...
2026-05-19 11:18:17,610 INFO HTTP Request: GET https://t.me/s/imd_app "HTTP/1.1 200 OK"
2026-05-19 11:18:18,654 INFO HTTP Request: GET https://t.me/s/imd_app?before=400 "HTTP/1.1 200 OK"
2026-05-19 11:18:19,592 INFO HTTP Request: GET https://t.me/s/imd_app?before=379 "HTTP/1.1 200 OK"
2026-05-19 11:18:20,563 INFO HTTP Request: GET https://t.me/s/imd_app?before=347 "HTTP/1.1 200 OK"
2026-05-19 11:18:21,655 INFO HTTP Request: GET https://t.me/s/imd_app?before=326 "HTTP/1.1 200 OK"
2026-05-19 11:18:22,467 INFO HTTP Request: GET https://t.me/s/imd_app?before=1 "HTTP/1.1 200 OK"
2026-05-19 11:18:22,496 INFO [25/167] @imd_app posts=97 source=tme_full_preview
2026-05-19 11:18:23,005 INFO Trying t.me/s/pharmabookscollection ...
2026-05-19 11:18:23,836 INFO HTTP Request: GET https://t.me/s/pharmabookscollection "HTTP/1.1 302 Found"
2026-05-19 11:18:24,118 INFO HTTP Request: GET https://t.me/pharmabookscollection "HTTP/1.1 200 OK"
2026-05-19 11:18:24,119 INFO TGStat sample for pharmabookscollection (no public preview)
2026-05-19 11:18:26,099 INFO HTTP Request: GET https://tgstat.com/channel/@pharmabookscollection "HTTP/1.1 200 OK"
2026-05-19 11:18:26,539 INFO [26/167] @pharmabookscollection posts=3 source=tgstat_sample
2026-05-19 11:18:27,040 INFO Trying t.me/s/fisioterapiaykinesiologia ...
2026-05-19 11:18:27,825 INFO HTTP Request: GET https://t.me/s/fisioterapiaykinesiologia "HTTP/1.1 302 Found"
2026-05-19 11:18:28,107 INFO HTTP Request: GET https://t.me/fisioterapiaykinesiologia "HTTP/1.1 200 OK"
2026-05-19 11:18:28,109 INFO TGStat sample for fisioterapiaykinesiologia (no public preview)
2026-05-19 11:18:28,826 INFO HTTP Request: GET https://tgstat.com/channel/@fisioterapiaykinesiologia "HTTP/1.1 404 Not Found"
2026-05-19 11:18:29,549 INFO HTTP Request: GET https://tgstat.com/channel/@fisioterapiaykinesiologia "HTTP/1.1 404 Not Found"
2026-05-19 11:18:30,248 INFO HTTP Request: GET https://tgstat.com/channel/@Fisioterapiaykinesiologia "HTTP/1.1 404 Not Found"
2026-05-19 11:18:30,606 INFO [27/167] @fisioterapiaykinesiologia posts=0 source=no_public_data
2026-05-19 11:18:31,110 INFO [28/167] skip @medical_patna (cached)
2026-05-19 11:18:31,111 INFO Trying t.me/s/pathologybooks ...
2026-05-19 11:18:31,933 INFO HTTP Request: GET https://t.me/s/pathologybooks "HTTP/1.1 302 Found"
2026-05-19 11:18:32,213 INFO HTTP Request: GET https://t.me/pathologybooks "HTTP/1.1 200 OK"
2026-05-19 11:18:32,213 INFO TGStat sample for pathologybooks (no public preview)
2026-05-19 11:18:33,323 INFO HTTP Request: GET https://tgstat.com/channel/@pathologybooks "HTTP/1.1 404 Not Found"
2026-05-19 11:18:34,054 INFO HTTP Request: GET https://tgstat.com/channel/@pathologybooks "HTTP/1.1 404 Not Found"
2026-05-19 11:18:34,816 INFO HTTP Request: GET https://tgstat.com/channel/@Pathologybooks "HTTP/1.1 404 Not Found"
2026-05-19 11:18:35,174 INFO [29/167] @pathologybooks posts=0 source=no_public_data
2026-05-19 11:18:35,674 INFO Trying t.me/s/vetbooksir ...
2026-05-19 11:18:36,725 INFO HTTP Request: GET https://t.me/s/vetbooksir "HTTP/1.1 200 OK"
2026-05-19 11:18:37,568 INFO HTTP Request: GET https://t.me/s/vetbooksir?before=3144 "HTTP/1.1 200 OK"
2026-05-19 11:18:38,440 INFO HTTP Request: GET https://t.me/s/vetbooksir?before=3122 "HTTP/1.1 200 OK"
2026-05-19 11:18:39,286 INFO HTTP Request: GET https://t.me/s/vetbooksir?before=3102 "HTTP/1.1 200 OK"
2026-05-19 11:18:40,136 INFO HTTP Request: GET https://t.me/s/vetbooksir?before=3082 "HTTP/1.1 200 OK"
2026-05-19 11:18:40,952 INFO HTTP Request: GET https://t.me/s/vetbooksir?before=3062 "HTTP/1.1 200 OK"
2026-05-19 11:18:41,738 INFO HTTP Request: GET https://t.me/s/vetbooksir?before=3041 "HTTP/1.1 200 OK"
2026-05-19 11:18:42,651 INFO HTTP Request: GET https://t.me/s/vetbooksir?before=3019 "HTTP/1.1 200 OK"
2026-05-19 11:18:43,504 INFO HTTP Request: GET https://t.me/s/vetbooksir?before=2998 "HTTP/1.1 200 OK"
2026-05-19 11:18:44,391 INFO HTTP Request: GET https://t.me/s/vetbooksir?before=2978 "HTTP/1.1 200 OK"
2026-05-19 11:18:45,369 INFO HTTP Request: GET https://t.me/s/vetbooksir?before=2957 "HTTP/1.1 200 OK"
2026-05-19 11:18:46,291 INFO HTTP Request: GET https://t.me/s/vetbooksir?before=2936 "HTTP/1.1 200 OK"
2026-05-19 11:18:47,221 INFO HTTP Request: GET https://t.me/s/vetbooksir?before=2916 "HTTP/1.1 200 OK"
2026-05-19 11:18:48,191 INFO HTTP Request: GET https://t.me/s/vetbooksir?before=2896 "HTTP/1.1 200 OK"
2026-05-19 11:18:49,124 INFO HTTP Request: GET https://t.me/s/vetbooksir?before=2874 "HTTP/1.1 200 OK"
2026-05-19 11:18:49,972 INFO HTTP Request: GET https://t.me/s/vetbooksir?before=2854 "HTTP/1.1 200 OK"
2026-05-19 11:18:50,907 INFO HTTP Request: GET https://t.me/s/vetbooksir?before=2834 "HTTP/1.1 200 OK"
2026-05-19 11:18:51,784 INFO HTTP Request: GET https://t.me/s/vetbooksir?before=2814 "HTTP/1.1 200 OK"
2026-05-19 11:18:52,636 INFO HTTP Request: GET https://t.me/s/vetbooksir?before=2794 "HTTP/1.1 200 OK"
2026-05-19 11:18:53,439 INFO HTTP Request: GET https://t.me/s/vetbooksir?before=2774 "HTTP/1.1 200 OK"
2026-05-19 11:18:54,256 INFO HTTP Request: GET https://t.me/s/vetbooksir?before=2754 "HTTP/1.1 200 OK"
2026-05-19 11:18:55,107 INFO HTTP Request: GET https://t.me/s/vetbooksir?before=2734 "HTTP/1.1 200 OK"
2026-05-19 11:18:56,027 INFO HTTP Request: GET https://t.me/s/vetbooksir?before=2713 "HTTP/1.1 200 OK"
2026-05-19 11:18:56,941 INFO HTTP Request: GET https://t.me/s/vetbooksir?before=2693 "HTTP/1.1 200 OK"
2026-05-19 11:18:57,842 INFO HTTP Request: GET https://t.me/s/vetbooksir?before=2672 "HTTP/1.1 200 OK"
2026-05-19 11:18:58,836 INFO HTTP Request: GET https://t.me/s/vetbooksir?before=2652 "HTTP/1.1 200 OK"
2026-05-19 11:18:59,732 INFO HTTP Request: GET https://t.me/s/vetbooksir?before=2630 "HTTP/1.1 200 OK"
2026-05-19 11:19:00,641 INFO HTTP Request: GET https://t.me/s/vetbooksir?before=2610 "HTTP/1.1 200 OK"
2026-05-19 11:19:01,509 INFO HTTP Request: GET https://t.me/s/vetbooksir?before=2590 "HTTP/1.1 200 OK"
2026-05-19 11:19:02,314 INFO HTTP Request: GET https://t.me/s/vetbooksir?before=2570 "HTTP/1.1 200 OK"
2026-05-19 11:19:03,200 INFO HTTP Request: GET https://t.me/s/vetbooksir?before=2550 "HTTP/1.1 200 OK"
2026-05-19 11:19:04,090 INFO HTTP Request: GET https://t.me/s/vetbooksir?before=2529 "HTTP/1.1 200 OK"
2026-05-19 11:19:04,945 INFO HTTP Request: GET https://t.me/s/vetbooksir?before=2509 "HTTP/1.1 200 OK"
2026-05-19 11:19:05,824 INFO HTTP Request: GET https://t.me/s/vetbooksir?before=2488 "HTTP/1.1 200 OK"
2026-05-19 11:19:06,698 INFO HTTP Request: GET https://t.me/s/vetbooksir?before=2468 "HTTP/1.1 200 OK"
2026-05-19 11:19:07,568 INFO HTTP Request: GET https://t.me/s/vetbooksir?before=2448 "HTTP/1.1 200 OK"
2026-05-19 11:19:08,493 INFO HTTP Request: GET https://t.me/s/vetbooksir?before=2428 "HTTP/1.1 200 OK"
2026-05-19 11:19:09,412 INFO HTTP Request: GET https://t.me/s/vetbooksir?before=2408 "HTTP/1.1 200 OK"
2026-05-19 11:19:10,276 INFO HTTP Request: GET https://t.me/s/vetbooksir?before=2388 "HTTP/1.1 200 OK"
2026-05-19 11:19:11,180 INFO HTTP Request: GET https://t.me/s/vetbooksir?before=2368 "HTTP/1.1 200 OK"
2026-05-19 11:19:12,059 INFO HTTP Request: GET https://t.me/s/vetbooksir?before=2348 "HTTP/1.1 200 OK"
2026-05-19 11:19:13,077 INFO HTTP Request: GET https://t.me/s/vetbooksir?before=2328 "HTTP/1.1 200 OK"
2026-05-19 11:19:13,968 INFO HTTP Request: GET https://t.me/s/vetbooksir?before=2306 "HTTP/1.1 200 OK"
2026-05-19 11:19:14,837 INFO HTTP Request: GET https://t.me/s/vetbooksir?before=2286 "HTTP/1.1 200 OK"
2026-05-19 11:19:15,807 INFO HTTP Request: GET https://t.me/s/vetbooksir?before=2266 "HTTP/1.1 200 OK"
2026-05-19 11:19:16,695 INFO HTTP Request: GET https://t.me/s/vetbooksir?before=2246 "HTTP/1.1 200 OK"
2026-05-19 11:19:17,588 INFO HTTP Request: GET https://t.me/s/vetbooksir?before=2226 "HTTP/1.1 200 OK"
2026-05-19 11:19:18,460 INFO HTTP Request: GET https://t.me/s/vetbooksir?before=2204 "HTTP/1.1 200 OK"
2026-05-19 11:19:19,370 INFO HTTP Request: GET https://t.me/s/vetbooksir?before=2184 "HTTP/1.1 200 OK"
2026-05-19 11:19:20,253 INFO HTTP Request: GET https://t.me/s/vetbooksir?before=2162 "HTTP/1.1 200 OK"
2026-05-19 11:19:21,117 INFO HTTP Request: GET https://t.me/s/vetbooksir?before=2142 "HTTP/1.1 200 OK"
2026-05-19 11:19:22,030 INFO HTTP Request: GET https://t.me/s/vetbooksir?before=2121 "HTTP/1.1 200 OK"
2026-05-19 11:19:22,883 INFO HTTP Request: GET https://t.me/s/vetbooksir?before=2101 "HTTP/1.1 200 OK"
2026-05-19 11:19:23,763 INFO HTTP Request: GET https://t.me/s/vetbooksir?before=2079 "HTTP/1.1 200 OK"
2026-05-19 11:19:24,633 INFO HTTP Request: GET https://t.me/s/vetbooksir?before=2053 "HTTP/1.1 200 OK"
2026-05-19 11:19:25,538 INFO HTTP Request: GET https://t.me/s/vetbooksir?before=2033 "HTTP/1.1 200 OK"
2026-05-19 11:19:26,332 INFO HTTP Request: GET https://t.me/s/vetbooksir?before=2013 "HTTP/1.1 200 OK"
2026-05-19 11:19:27,195 INFO HTTP Request: GET https://t.me/s/vetbooksir?before=1986 "HTTP/1.1 200 OK"
2026-05-19 11:19:28,069 INFO HTTP Request: GET https://t.me/s/vetbooksir?before=1958 "HTTP/1.1 200 OK"
2026-05-19 11:19:28,960 INFO HTTP Request: GET https://t.me/s/vetbooksir?before=1934 "HTTP/1.1 200 OK"
2026-05-19 11:19:29,801 INFO HTTP Request: GET https://t.me/s/vetbooksir?before=1913 "HTTP/1.1 200 OK"
2026-05-19 11:19:30,636 INFO HTTP Request: GET https://t.me/s/vetbooksir?before=1878 "HTTP/1.1 200 OK"
2026-05-19 11:19:31,436 INFO HTTP Request: GET https://t.me/s/vetbooksir?before=1822 "HTTP/1.1 200 OK"
2026-05-19 11:19:32,271 INFO HTTP Request: GET https://t.me/s/vetbooksir?before=1708 "HTTP/1.1 200 OK"
2026-05-19 11:19:33,073 INFO HTTP Request: GET https://t.me/s/vetbooksir?before=1671 "HTTP/1.1 200 OK"
2026-05-19 11:19:33,865 INFO HTTP Request: GET https://t.me/s/vetbooksir?before=1651 "HTTP/1.1 200 OK"
2026-05-19 11:19:34,678 INFO HTTP Request: GET https://t.me/s/vetbooksir?before=1631 "HTTP/1.1 200 OK"
2026-05-19 11:19:35,570 INFO HTTP Request: GET https://t.me/s/vetbooksir?before=1608 "HTTP/1.1 200 OK"
2026-05-19 11:19:36,381 INFO HTTP Request: GET https://t.me/s/vetbooksir?before=1588 "HTTP/1.1 200 OK"
2026-05-19 11:19:37,253 INFO HTTP Request: GET https://t.me/s/vetbooksir?before=1562 "HTTP/1.1 200 OK"
2026-05-19 11:19:38,173 INFO HTTP Request: GET https://t.me/s/vetbooksir?before=1529 "HTTP/1.1 200 OK"
2026-05-19 11:19:39,070 INFO HTTP Request: GET https://t.me/s/vetbooksir?before=1508 "HTTP/1.1 200 OK"
2026-05-19 11:19:39,985 INFO HTTP Request: GET https://t.me/s/vetbooksir?before=1482 "HTTP/1.1 200 OK"
2026-05-19 11:19:40,993 INFO HTTP Request: GET https://t.me/s/vetbooksir?before=1455 "HTTP/1.1 200 OK"
2026-05-19 11:19:41,841 INFO HTTP Request: GET https://t.me/s/vetbooksir?before=1433 "HTTP/1.1 200 OK"
2026-05-19 11:19:42,672 INFO HTTP Request: GET https://t.me/s/vetbooksir?before=1412 "HTTP/1.1 200 OK"
2026-05-19 11:19:43,559 INFO HTTP Request: GET https://t.me/s/vetbooksir?before=1379 "HTTP/1.1 200 OK"
2026-05-19 11:19:44,499 INFO HTTP Request: GET https://t.me/s/vetbooksir?before=1354 "HTTP/1.1 200 OK"
2026-05-19 11:19:45,406 INFO HTTP Request: GET https://t.me/s/vetbooksir?before=1329 "HTTP/1.1 200 OK"
2026-05-19 11:19:46,297 INFO HTTP Request: GET https://t.me/s/vetbooksir?before=1283 "HTTP/1.1 200 OK"
2026-05-19 11:19:47,736 INFO HTTP Request: GET https://t.me/s/vetbooksir?before=1257 "HTTP/1.1 200 OK"
2026-05-19 11:19:48,638 INFO HTTP Request: GET https://t.me/s/vetbooksir?before=1232 "HTTP/1.1 200 OK"
2026-05-19 11:19:49,535 INFO HTTP Request: GET https://t.me/s/vetbooksir?before=1208 "HTTP/1.1 200 OK"
2026-05-19 11:19:50,441 INFO HTTP Request: GET https://t.me/s/vetbooksir?before=1187 "HTTP/1.1 200 OK"
2026-05-19 11:19:51,338 INFO HTTP Request: GET https://t.me/s/vetbooksir?before=1165 "HTTP/1.1 200 OK"
2026-05-19 11:19:52,198 INFO HTTP Request: GET https://t.me/s/vetbooksir?before=1142 "HTTP/1.1 200 OK"
2026-05-19 11:19:53,095 INFO HTTP Request: GET https://t.me/s/vetbooksir?before=1122 "HTTP/1.1 200 OK"
2026-05-19 11:19:53,969 INFO HTTP Request: GET https://t.me/s/vetbooksir?before=1094 "HTTP/1.1 200 OK"
2026-05-19 11:19:54,829 INFO HTTP Request: GET https://t.me/s/vetbooksir?before=1071 "HTTP/1.1 200 OK"
2026-05-19 11:19:55,766 INFO HTTP Request: GET https://t.me/s/vetbooksir?before=1051 "HTTP/1.1 200 OK"
2026-05-19 11:19:56,632 INFO HTTP Request: GET https://t.me/s/vetbooksir?before=1031 "HTTP/1.1 200 OK"
2026-05-19 11:19:57,524 INFO HTTP Request: GET https://t.me/s/vetbooksir?before=1011 "HTTP/1.1 200 OK"
2026-05-19 11:19:58,439 INFO HTTP Request: GET https://t.me/s/vetbooksir?before=991 "HTTP/1.1 200 OK"
2026-05-19 11:19:59,415 INFO HTTP Request: GET https://t.me/s/vetbooksir?before=971 "HTTP/1.1 200 OK"
2026-05-19 11:20:00,342 INFO HTTP Request: GET https://t.me/s/vetbooksir?before=951 "HTTP/1.1 200 OK"
2026-05-19 11:20:01,241 INFO HTTP Request: GET https://t.me/s/vetbooksir?before=931 "HTTP/1.1 200 OK"
2026-05-19 11:20:02,122 INFO HTTP Request: GET https://t.me/s/vetbooksir?before=911 "HTTP/1.1 200 OK"
2026-05-19 11:20:03,238 INFO HTTP Request: GET https://t.me/s/vetbooksir?before=890 "HTTP/1.1 200 OK"
2026-05-19 11:20:04,130 INFO HTTP Request: GET https://t.me/s/vetbooksir?before=870 "HTTP/1.1 200 OK"
2026-05-19 11:20:05,016 INFO HTTP Request: GET https://t.me/s/vetbooksir?before=847 "HTTP/1.1 200 OK"
2026-05-19 11:20:05,898 INFO HTTP Request: GET https://t.me/s/vetbooksir?before=820 "HTTP/1.1 200 OK"
2026-05-19 11:20:06,857 INFO HTTP Request: GET https://t.me/s/vetbooksir?before=799 "HTTP/1.1 200 OK"
2026-05-19 11:20:07,801 INFO HTTP Request: GET https://t.me/s/vetbooksir?before=772 "HTTP/1.1 200 OK"
2026-05-19 11:20:09,004 INFO HTTP Request: GET https://t.me/s/vetbooksir?before=751 "HTTP/1.1 200 OK"
2026-05-19 11:20:09,986 INFO HTTP Request: GET https://t.me/s/vetbooksir?before=728 "HTTP/1.1 200 OK"
2026-05-19 11:20:10,993 INFO HTTP Request: GET https://t.me/s/vetbooksir?before=707 "HTTP/1.1 200 OK"
2026-05-19 11:20:11,875 INFO HTTP Request: GET https://t.me/s/vetbooksir?before=684 "HTTP/1.1 200 OK"
2026-05-19 11:20:12,760 INFO HTTP Request: GET https://t.me/s/vetbooksir?before=661 "HTTP/1.1 200 OK"
2026-05-19 11:20:13,707 INFO HTTP Request: GET https://t.me/s/vetbooksir?before=638 "HTTP/1.1 200 OK"
2026-05-19 11:20:14,624 INFO HTTP Request: GET https://t.me/s/vetbooksir?before=617 "HTTP/1.1 200 OK"
2026-05-19 11:20:15,517 INFO HTTP Request: GET https://t.me/s/vetbooksir?before=597 "HTTP/1.1 200 OK"
2026-05-19 11:20:16,477 INFO HTTP Request: GET https://t.me/s/vetbooksir?before=575 "HTTP/1.1 200 OK"
2026-05-19 11:20:17,399 INFO HTTP Request: GET https://t.me/s/vetbooksir?before=555 "HTTP/1.1 200 OK"
2026-05-19 11:20:18,305 INFO HTTP Request: GET https://t.me/s/vetbooksir?before=534 "HTTP/1.1 200 OK"
2026-05-19 11:20:19,212 INFO HTTP Request: GET https://t.me/s/vetbooksir?before=512 "HTTP/1.1 200 OK"
2026-05-19 11:20:20,209 INFO HTTP Request: GET https://t.me/s/vetbooksir?before=492 "HTTP/1.1 200 OK"
2026-05-19 11:20:21,116 INFO HTTP Request: GET https://t.me/s/vetbooksir?before=466 "HTTP/1.1 200 OK"
2026-05-19 11:20:21,975 INFO HTTP Request: GET https://t.me/s/vetbooksir?before=433 "HTTP/1.1 200 OK"
2026-05-19 11:20:22,870 INFO HTTP Request: GET https://t.me/s/vetbooksir?before=402 "HTTP/1.1 200 OK"
2026-05-19 11:20:23,776 INFO HTTP Request: GET https://t.me/s/vetbooksir?before=380 "HTTP/1.1 200 OK"
2026-05-19 11:20:24,419 INFO [30/167] @vetbooksir posts=2398 source=tme_full_preview
2026-05-19 11:20:24,933 INFO Trying t.me/s/medicalbooksstorea ...
2026-05-19 11:20:25,743 INFO HTTP Request: GET https://t.me/s/medicalbooksstorea "HTTP/1.1 302 Found"
2026-05-19 11:20:26,022 INFO HTTP Request: GET https://t.me/medicalbooksstorea "HTTP/1.1 200 OK"
2026-05-19 11:20:26,023 INFO TGStat sample for medicalbooksstorea (no public preview)
2026-05-19 11:20:27,333 INFO HTTP Request: GET https://tgstat.com/channel/@medicalbooksstorea "HTTP/1.1 302 Found"
2026-05-19 11:20:30,899 INFO HTTP Request: GET https://et.tgstat.com/channel/@MedicalBooksStoreA "HTTP/1.1 200 OK"
2026-05-19 11:20:31,429 INFO [31/167] @medicalbooksstorea posts=10 source=tgstat_sample
2026-05-19 11:20:31,940 INFO [32/167] skip @entvideos (cached)
2026-05-19 11:20:31,943 INFO Trying t.me/s/freesurgerybooks28 ...
2026-05-19 11:20:32,774 INFO HTTP Request: GET https://t.me/s/freesurgerybooks28 "HTTP/1.1 302 Found"
2026-05-19 11:20:33,050 INFO HTTP Request: GET https://t.me/freesurgerybooks28 "HTTP/1.1 200 OK"
2026-05-19 11:20:33,051 INFO TGStat sample for freesurgerybooks28 (no public preview)
2026-05-19 11:20:34,686 INFO HTTP Request: GET https://tgstat.com/channel/@freesurgerybooks28 "HTTP/1.1 200 OK"
2026-05-19 11:20:35,128 INFO [33/167] @freesurgerybooks28 posts=10 source=tgstat_sample
2026-05-19 11:20:35,640 INFO [34/167] skip @sdgtbookstore (cached)
2026-05-19 11:20:35,641 INFO Trying t.me/s/emergencymedicinechannel ...
2026-05-19 11:20:36,440 INFO HTTP Request: GET https://t.me/s/emergencymedicinechannel "HTTP/1.1 302 Found"
2026-05-19 11:20:36,716 INFO HTTP Request: GET https://t.me/emergencymedicinechannel "HTTP/1.1 200 OK"
2026-05-19 11:20:36,716 INFO TGStat sample for emergencymedicinechannel (no public preview)
2026-05-19 11:20:38,255 INFO HTTP Request: GET https://tgstat.com/channel/@emergencymedicinechannel "HTTP/1.1 200 OK"
2026-05-19 11:20:38,690 INFO [35/167] @emergencymedicinechannel posts=21 source=tgstat_sample
2026-05-19 11:20:39,191 INFO Trying t.me/s/pdf4yo ...
2026-05-19 11:20:40,008 INFO HTTP Request: GET https://t.me/s/pdf4yo "HTTP/1.1 302 Found"
2026-05-19 11:20:40,285 INFO HTTP Request: GET https://t.me/pdf4yo "HTTP/1.1 200 OK"
2026-05-19 11:20:40,285 INFO TGStat sample for pdf4yo (no public preview)
2026-05-19 11:20:41,114 INFO HTTP Request: GET https://tgstat.com/channel/@pdf4yo "HTTP/1.1 200 OK"
2026-05-19 11:20:42,337 INFO HTTP Request: GET https://tgstat.com/channel/@pdf4yo "HTTP/1.1 200 OK"
2026-05-19 11:20:43,425 INFO HTTP Request: GET https://tgstat.com/channel/@Pdf4Yo "HTTP/1.1 302 Found"
2026-05-19 11:20:44,146 INFO HTTP Request: GET https://tgstat.com/channel/@pdf4yo "HTTP/1.1 200 OK"
2026-05-19 11:20:44,942 INFO [36/167] @pdf4yo posts=0 source=no_public_data
2026-05-19 11:20:45,445 INFO [37/167] skip @wafaobgyn (cached)
2026-05-19 11:20:45,445 INFO Trying t.me/s/physiotherapy_books_wpo ...
2026-05-19 11:20:46,244 INFO HTTP Request: GET https://t.me/s/physiotherapy_books_wpo "HTTP/1.1 302 Found"
2026-05-19 11:20:46,524 INFO HTTP Request: GET https://t.me/physiotherapy_books_wpo "HTTP/1.1 200 OK"
2026-05-19 11:20:46,525 INFO TGStat sample for physiotherapy_books_wpo (no public preview)
2026-05-19 11:20:47,880 INFO HTTP Request: GET https://tgstat.com/channel/@physiotherapy_books_wpo "HTTP/1.1 200 OK"
2026-05-19 11:20:48,330 INFO [38/167] @physiotherapy_books_wpo posts=15 source=tgstat_sample
2026-05-19 11:20:48,842 INFO Trying t.me/s/ilmnafsi ...
2026-05-19 11:20:49,657 INFO HTTP Request: GET https://t.me/s/ilmnafsi "HTTP/1.1 302 Found"
2026-05-19 11:20:49,941 INFO HTTP Request: GET https://t.me/ilmnafsi "HTTP/1.1 200 OK"
2026-05-19 11:20:49,944 INFO TGStat sample for ilmnafsi (no public preview)
2026-05-19 11:20:51,392 INFO HTTP Request: GET https://tgstat.com/channel/@ilmnafsi "HTTP/1.1 200 OK"
2026-05-19 11:20:51,845 INFO [39/167] @ilmnafsi posts=13 source=tgstat_sample
2026-05-19 11:20:52,373 INFO Trying t.me/s/dentist_book ...
2026-05-19 11:20:53,204 INFO HTTP Request: GET https://t.me/s/dentist_book "HTTP/1.1 302 Found"
2026-05-19 11:20:53,490 INFO HTTP Request: GET https://t.me/dentist_book "HTTP/1.1 200 OK"
2026-05-19 11:20:53,491 INFO TGStat sample for dentist_book (no public preview)
2026-05-19 11:20:54,158 INFO HTTP Request: GET https://tgstat.com/channel/@dentist_book "HTTP/1.1 302 Found"
2026-05-19 11:20:54,214 INFO HTTP Request: GET https://tgstat.ru/chat/@dentist_book "HTTP/1.1 403 Forbidden"
2026-05-19 11:20:54,849 INFO HTTP Request: GET https://tgstat.com/channel/@dentist_book "HTTP/1.1 302 Found"
2026-05-19 11:20:54,897 INFO HTTP Request: GET https://tgstat.ru/chat/@dentist_book "HTTP/1.1 403 Forbidden"
2026-05-19 11:20:55,553 INFO HTTP Request: GET https://tgstat.com/channel/@Dentist_Book "HTTP/1.1 302 Found"
2026-05-19 11:20:55,594 INFO HTTP Request: GET https://tgstat.ru/chat/@dentist_book "HTTP/1.1 403 Forbidden"
2026-05-19 11:20:55,947 INFO [40/167] @dentist_book posts=0 source=no_public_data
2026-05-19 11:20:56,459 INFO Trying t.me/s/bdsmdsdentalbooks ...
2026-05-19 11:20:57,304 INFO HTTP Request: GET https://t.me/s/bdsmdsdentalbooks "HTTP/1.1 302 Found"
2026-05-19 11:20:57,594 INFO HTTP Request: GET https://t.me/bdsmdsdentalbooks "HTTP/1.1 200 OK"
2026-05-19 11:20:57,596 INFO TGStat sample for bdsmdsdentalbooks (no public preview)
2026-05-19 11:20:58,232 INFO HTTP Request: GET https://tgstat.com/channel/@bdsmdsdentalbooks "HTTP/1.1 302 Found"
2026-05-19 11:21:00,391 INFO HTTP Request: GET https://in.tgstat.com/channel/@bdsmdsdentalbooks "HTTP/1.1 200 OK"
2026-05-19 11:21:01,015 INFO [41/167] @bdsmdsdentalbooks posts=8 source=tgstat_sample
2026-05-19 11:21:01,516 INFO Trying t.me/s/usmlestep1233 ...
2026-05-19 11:21:02,319 INFO HTTP Request: GET https://t.me/s/usmlestep1233 "HTTP/1.1 302 Found"
2026-05-19 11:21:02,596 INFO HTTP Request: GET https://t.me/usmlestep1233 "HTTP/1.1 200 OK"
2026-05-19 11:21:02,598 INFO TGStat sample for usmlestep1233 (no public preview)
2026-05-19 11:21:04,213 INFO HTTP Request: GET https://tgstat.com/channel/@usmlestep1233 "HTTP/1.1 200 OK"
2026-05-19 11:21:04,998 INFO [42/167] @usmlestep1233 posts=6 source=tgstat_sample
2026-05-19 11:21:05,501 INFO Trying t.me/s/orthobooks ...
2026-05-19 11:21:06,307 INFO HTTP Request: GET https://t.me/s/orthobooks "HTTP/1.1 302 Found"
2026-05-19 11:21:06,591 INFO HTTP Request: GET https://t.me/orthobooks "HTTP/1.1 200 OK"
2026-05-19 11:21:06,592 INFO TGStat sample for orthobooks (no public preview)
2026-05-19 11:21:08,087 INFO HTTP Request: GET https://tgstat.com/channel/@orthobooks "HTTP/1.1 200 OK"
2026-05-19 11:21:08,519 INFO [43/167] @orthobooks posts=10 source=tgstat_sample
2026-05-19 11:21:09,032 INFO [44/167] skip @store_atm (cached)
2026-05-19 11:21:09,033 INFO Trying t.me/s/fisioterapiapdf ...
2026-05-19 11:21:09,864 INFO HTTP Request: GET https://t.me/s/fisioterapiapdf "HTTP/1.1 302 Found"
2026-05-19 11:21:10,144 INFO HTTP Request: GET https://t.me/fisioterapiapdf "HTTP/1.1 200 OK"
2026-05-19 11:21:10,144 INFO TGStat sample for fisioterapiapdf (no public preview)
2026-05-19 11:21:11,581 INFO HTTP Request: GET https://tgstat.com/channel/@fisioterapiapdf "HTTP/1.1 200 OK"
2026-05-19 11:21:12,021 INFO [45/167] @fisioterapiapdf posts=6 source=tgstat_sample
2026-05-19 11:21:12,534 INFO [46/167] skip @usmlestep_1_2 (cached)
2026-05-19 11:21:12,536 INFO Trying t.me/s/pediatrics1s ...
2026-05-19 11:21:13,651 INFO HTTP Request: GET https://t.me/s/pediatrics1s "HTTP/1.1 200 OK"
2026-05-19 11:21:14,561 INFO HTTP Request: GET https://t.me/s/pediatrics1s?before=2562 "HTTP/1.1 200 OK"
2026-05-19 11:21:15,464 INFO HTTP Request: GET https://t.me/s/pediatrics1s?before=2536 "HTTP/1.1 200 OK"
2026-05-19 11:21:16,407 INFO HTTP Request: GET https://t.me/s/pediatrics1s?before=2516 "HTTP/1.1 200 OK"
2026-05-19 11:21:17,262 INFO HTTP Request: GET https://t.me/s/pediatrics1s?before=2495 "HTTP/1.1 200 OK"
2026-05-19 11:21:18,123 INFO HTTP Request: GET https://t.me/s/pediatrics1s?before=2471 "HTTP/1.1 200 OK"
2026-05-19 11:21:19,098 INFO HTTP Request: GET https://t.me/s/pediatrics1s?before=2444 "HTTP/1.1 200 OK"
2026-05-19 11:21:20,179 INFO HTTP Request: GET https://t.me/s/pediatrics1s?before=2411 "HTTP/1.1 200 OK"
2026-05-19 11:21:21,047 INFO HTTP Request: GET https://t.me/s/pediatrics1s?before=2390 "HTTP/1.1 200 OK"
2026-05-19 11:21:21,952 INFO HTTP Request: GET https://t.me/s/pediatrics1s?before=2370 "HTTP/1.1 200 OK"
2026-05-19 11:21:22,806 INFO HTTP Request: GET https://t.me/s/pediatrics1s?before=2350 "HTTP/1.1 200 OK"
2026-05-19 11:21:23,628 INFO HTTP Request: GET https://t.me/s/pediatrics1s?before=2330 "HTTP/1.1 200 OK"
2026-05-19 11:21:24,546 INFO HTTP Request: GET https://t.me/s/pediatrics1s?before=2310 "HTTP/1.1 200 OK"
2026-05-19 11:21:25,500 INFO HTTP Request: GET https://t.me/s/pediatrics1s?before=2242 "HTTP/1.1 200 OK"
2026-05-19 11:21:26,901 INFO HTTP Request: GET https://t.me/s/pediatrics1s?before=2192 "HTTP/1.1 200 OK"
2026-05-19 11:21:27,828 INFO HTTP Request: GET https://t.me/s/pediatrics1s?before=2116 "HTTP/1.1 200 OK"
2026-05-19 11:21:28,730 INFO HTTP Request: GET https://t.me/s/pediatrics1s?before=2096 "HTTP/1.1 200 OK"
2026-05-19 11:21:29,772 INFO HTTP Request: GET https://t.me/s/pediatrics1s?before=2066 "HTTP/1.1 200 OK"
2026-05-19 11:21:30,663 INFO HTTP Request: GET https://t.me/s/pediatrics1s?before=2046 "HTTP/1.1 200 OK"
2026-05-19 11:21:31,543 INFO HTTP Request: GET https://t.me/s/pediatrics1s?before=2026 "HTTP/1.1 200 OK"
2026-05-19 11:21:32,453 INFO HTTP Request: GET https://t.me/s/pediatrics1s?before=2006 "HTTP/1.1 200 OK"
2026-05-19 11:21:34,649 INFO HTTP Request: GET https://t.me/s/pediatrics1s?before=1964 "HTTP/1.1 200 OK"
2026-05-19 11:21:36,138 INFO HTTP Request: GET https://t.me/s/pediatrics1s?before=1944 "HTTP/1.1 200 OK"
2026-05-19 11:21:37,075 INFO HTTP Request: GET https://t.me/s/pediatrics1s?before=1924 "HTTP/1.1 200 OK"
2026-05-19 11:21:37,991 INFO HTTP Request: GET https://t.me/s/pediatrics1s?before=1904 "HTTP/1.1 200 OK"
2026-05-19 11:21:38,785 INFO HTTP Request: GET https://t.me/s/pediatrics1s?before=1884 "HTTP/1.1 200 OK"
2026-05-19 11:21:39,568 INFO HTTP Request: GET https://t.me/s/pediatrics1s?before=1864 "HTTP/1.1 200 OK"
2026-05-19 11:21:40,449 INFO HTTP Request: GET https://t.me/s/pediatrics1s?before=1844 "HTTP/1.1 200 OK"
2026-05-19 11:21:41,245 INFO HTTP Request: GET https://t.me/s/pediatrics1s?before=1790 "HTTP/1.1 200 OK"
2026-05-19 11:21:42,210 INFO HTTP Request: GET https://t.me/s/pediatrics1s?before=1612 "HTTP/1.1 200 OK"
2026-05-19 11:21:43,218 INFO HTTP Request: GET https://t.me/s/pediatrics1s?before=1587 "HTTP/1.1 200 OK"
2026-05-19 11:21:44,320 INFO HTTP Request: GET https://t.me/s/pediatrics1s?before=1235 "HTTP/1.1 200 OK"
2026-05-19 11:21:45,357 INFO HTTP Request: GET https://t.me/s/pediatrics1s?before=1215 "HTTP/1.1 200 OK"
2026-05-19 11:21:46,477 INFO HTTP Request: GET https://t.me/s/pediatrics1s?before=1195 "HTTP/1.1 200 OK"
2026-05-19 11:21:47,503 INFO HTTP Request: GET https://t.me/s/pediatrics1s?before=1175 "HTTP/1.1 200 OK"
2026-05-19 11:21:48,502 INFO HTTP Request: GET https://t.me/s/pediatrics1s?before=1155 "HTTP/1.1 200 OK"
2026-05-19 11:21:49,502 INFO HTTP Request: GET https://t.me/s/pediatrics1s?before=1135 "HTTP/1.1 200 OK"
2026-05-19 11:21:50,326 INFO HTTP Request: GET https://t.me/s/pediatrics1s?before=821 "HTTP/1.1 200 OK"
2026-05-19 11:21:51,086 INFO HTTP Request: GET https://t.me/s/pediatrics1s?before=296 "HTTP/1.1 200 OK"
2026-05-19 11:21:51,895 INFO HTTP Request: GET https://t.me/s/pediatrics1s?before=276 "HTTP/1.1 200 OK"
2026-05-19 11:21:52,943 INFO HTTP Request: GET https://t.me/s/pediatrics1s?before=115 "HTTP/1.1 200 OK"
2026-05-19 11:21:53,975 INFO HTTP Request: GET https://t.me/s/pediatrics1s?before=80 "HTTP/1.1 200 OK"
2026-05-19 11:21:54,845 INFO HTTP Request: GET https://t.me/s/pediatrics1s?before=56 "HTTP/1.1 200 OK"
2026-05-19 11:21:55,611 INFO HTTP Request: GET https://t.me/s/pediatrics1s?before=33 "HTTP/1.1 200 OK"
2026-05-19 11:21:56,346 INFO HTTP Request: GET https://t.me/s/pediatrics1s?before=6 "HTTP/1.1 200 OK"
2026-05-19 11:21:57,030 INFO HTTP Request: GET https://t.me/s/pediatrics1s?before=1 "HTTP/1.1 200 OK"
2026-05-19 11:21:57,101 INFO [47/167] @pediatrics1s posts=885 source=tme_full_preview
2026-05-19 11:21:57,621 INFO Trying t.me/s/drbooks ...
2026-05-19 11:21:58,434 INFO HTTP Request: GET https://t.me/s/drbooks "HTTP/1.1 302 Found"
2026-05-19 11:21:58,712 INFO HTTP Request: GET https://t.me/drbooks "HTTP/1.1 200 OK"
2026-05-19 11:21:58,714 INFO TGStat sample for drbooks (no public preview)
2026-05-19 11:22:00,058 INFO HTTP Request: GET https://tgstat.com/channel/@drbooks "HTTP/1.1 302 Found"
2026-05-19 11:22:02,648 INFO HTTP Request: GET https://ir.tgstat.com/channel/@Drbooks "HTTP/1.1 200 OK"
2026-05-19 11:22:06,029 INFO [48/167] @drbooks posts=14 source=tgstat_sample
2026-05-19 11:22:06,594 INFO [49/167] skip @psychiatry_vid (cached)
2026-05-19 11:22:06,595 INFO Trying t.me/s/medpdf ...
2026-05-19 11:22:07,395 INFO HTTP Request: GET https://t.me/s/medpdf "HTTP/1.1 302 Found"
2026-05-19 11:22:07,677 INFO HTTP Request: GET https://t.me/medpdf "HTTP/1.1 200 OK"
2026-05-19 11:22:07,678 INFO TGStat sample for medpdf (no public preview)
2026-05-19 11:22:09,429 INFO HTTP Request: GET https://tgstat.com/channel/@medpdf "HTTP/1.1 200 OK"
2026-05-19 11:22:11,552 INFO HTTP Request: GET https://tgstat.com/channel/@medpdf "HTTP/1.1 200 OK"
2026-05-19 11:22:12,898 INFO HTTP Request: GET https://tgstat.com/channel/@Medpdf "HTTP/1.1 302 Found"
2026-05-19 11:22:14,307 INFO HTTP Request: GET https://tgstat.com/channel/@medpdf "HTTP/1.1 200 OK"
2026-05-19 11:22:15,153 INFO [50/167] @medpdf posts=0 source=no_public_data
2026-05-19 11:22:15,666 INFO [51/167] skip @usmlestore (cached)
2026-05-19 11:22:15,667 INFO Trying t.me/s/radiologiaenpdf ...
2026-05-19 11:22:16,483 INFO HTTP Request: GET https://t.me/s/radiologiaenpdf "HTTP/1.1 302 Found"
2026-05-19 11:22:16,766 INFO HTTP Request: GET https://t.me/radiologiaenpdf "HTTP/1.1 200 OK"
2026-05-19 11:22:16,767 INFO TGStat sample for radiologiaenpdf (no public preview)
2026-05-19 11:22:18,715 INFO HTTP Request: GET https://tgstat.com/channel/@radiologiaenpdf "HTTP/1.1 200 OK"
2026-05-19 11:22:19,240 INFO [52/167] @radiologiaenpdf posts=16 source=tgstat_sample
2026-05-19 11:22:19,751 INFO Trying t.me/s/usmle_pharma ...
2026-05-19 11:22:20,870 INFO HTTP Request: GET https://t.me/s/usmle_pharma "HTTP/1.1 200 OK"
2026-05-19 11:22:21,975 INFO HTTP Request: GET https://t.me/s/usmle_pharma?before=3097 "HTTP/1.1 200 OK"
2026-05-19 11:22:22,884 INFO HTTP Request: GET https://t.me/s/usmle_pharma?before=3073 "HTTP/1.1 200 OK"
2026-05-19 11:22:23,783 INFO HTTP Request: GET https://t.me/s/usmle_pharma?before=3051 "HTTP/1.1 200 OK"
2026-05-19 11:22:24,629 INFO HTTP Request: GET https://t.me/s/usmle_pharma?before=3028 "HTTP/1.1 200 OK"
2026-05-19 11:22:25,461 INFO HTTP Request: GET https://t.me/s/usmle_pharma?before=3008 "HTTP/1.1 200 OK"
2026-05-19 11:22:26,355 INFO HTTP Request: GET https://t.me/s/usmle_pharma?before=2976 "HTTP/1.1 200 OK"
2026-05-19 11:22:27,238 INFO HTTP Request: GET https://t.me/s/usmle_pharma?before=2952 "HTTP/1.1 200 OK"
2026-05-19 11:22:28,139 INFO HTTP Request: GET https://t.me/s/usmle_pharma?before=2932 "HTTP/1.1 200 OK"
2026-05-19 11:22:29,135 INFO HTTP Request: GET https://t.me/s/usmle_pharma?before=2912 "HTTP/1.1 200 OK"
2026-05-19 11:22:30,070 INFO HTTP Request: GET https://t.me/s/usmle_pharma?before=2879 "HTTP/1.1 200 OK"
2026-05-19 11:22:30,918 INFO HTTP Request: GET https://t.me/s/usmle_pharma?before=2859 "HTTP/1.1 200 OK"
2026-05-19 11:22:31,783 INFO HTTP Request: GET https://t.me/s/usmle_pharma?before=2839 "HTTP/1.1 200 OK"
2026-05-19 11:22:32,727 INFO HTTP Request: GET https://t.me/s/usmle_pharma?before=2819 "HTTP/1.1 200 OK"
2026-05-19 11:22:33,619 INFO HTTP Request: GET https://t.me/s/usmle_pharma?before=2799 "HTTP/1.1 200 OK"
2026-05-19 11:22:34,575 INFO HTTP Request: GET https://t.me/s/usmle_pharma?before=2779 "HTTP/1.1 200 OK"
2026-05-19 11:22:35,733 INFO HTTP Request: GET https://t.me/s/usmle_pharma?before=2708 "HTTP/1.1 200 OK"
2026-05-19 11:22:36,706 INFO HTTP Request: GET https://t.me/s/usmle_pharma?before=2679 "HTTP/1.1 200 OK"
2026-05-19 11:22:37,602 INFO HTTP Request: GET https://t.me/s/usmle_pharma?before=2634 "HTTP/1.1 200 OK"
2026-05-19 11:22:38,442 INFO HTTP Request: GET https://t.me/s/usmle_pharma?before=2603 "HTTP/1.1 200 OK"
2026-05-19 11:22:39,350 INFO HTTP Request: GET https://t.me/s/usmle_pharma?before=2573 "HTTP/1.1 200 OK"
2026-05-19 11:22:40,273 INFO HTTP Request: GET https://t.me/s/usmle_pharma?before=2553 "HTTP/1.1 200 OK"
2026-05-19 11:22:41,163 INFO HTTP Request: GET https://t.me/s/usmle_pharma?before=2533 "HTTP/1.1 200 OK"
2026-05-19 11:22:42,081 INFO HTTP Request: GET https://t.me/s/usmle_pharma?before=2506 "HTTP/1.1 200 OK"
2026-05-19 11:22:42,979 INFO HTTP Request: GET https://t.me/s/usmle_pharma?before=2482 "HTTP/1.1 200 OK"
2026-05-19 11:22:43,824 INFO HTTP Request: GET https://t.me/s/usmle_pharma?before=2459 "HTTP/1.1 200 OK"
2026-05-19 11:22:44,698 INFO HTTP Request: GET https://t.me/s/usmle_pharma?before=2438 "HTTP/1.1 200 OK"
2026-05-19 11:22:45,565 INFO HTTP Request: GET https://t.me/s/usmle_pharma?before=2413 "HTTP/1.1 200 OK"
2026-05-19 11:22:46,483 INFO HTTP Request: GET https://t.me/s/usmle_pharma?before=2117 "HTTP/1.1 200 OK"
2026-05-19 11:22:47,370 INFO HTTP Request: GET https://t.me/s/usmle_pharma?before=2068 "HTTP/1.1 200 OK"
2026-05-19 11:22:48,199 INFO HTTP Request: GET https://t.me/s/usmle_pharma?before=2016 "HTTP/1.1 200 OK"
2026-05-19 11:22:48,994 INFO HTTP Request: GET https://t.me/s/usmle_pharma?before=1765 "HTTP/1.1 200 OK"
2026-05-19 11:22:49,734 INFO HTTP Request: GET https://t.me/s/usmle_pharma?before=1726 "HTTP/1.1 200 OK"
2026-05-19 11:22:50,466 INFO HTTP Request: GET https://t.me/s/usmle_pharma?before=1706 "HTTP/1.1 200 OK"
2026-05-19 11:22:51,227 INFO HTTP Request: GET https://t.me/s/usmle_pharma?before=1686 "HTTP/1.1 200 OK"
2026-05-19 11:22:51,980 INFO HTTP Request: GET https://t.me/s/usmle_pharma?before=1666 "HTTP/1.1 200 OK"
2026-05-19 11:22:52,786 INFO HTTP Request: GET https://t.me/s/usmle_pharma?before=1646 "HTTP/1.1 200 OK"
2026-05-19 11:22:53,501 INFO HTTP Request: GET https://t.me/s/usmle_pharma?before=1626 "HTTP/1.1 200 OK"
2026-05-19 11:22:54,259 INFO HTTP Request: GET https://t.me/s/usmle_pharma?before=1606 "HTTP/1.1 200 OK"
2026-05-19 11:22:55,034 INFO HTTP Request: GET https://t.me/s/usmle_pharma?before=1570 "HTTP/1.1 200 OK"
2026-05-19 11:22:55,820 INFO HTTP Request: GET https://t.me/s/usmle_pharma?before=1550 "HTTP/1.1 200 OK"
2026-05-19 11:22:56,524 INFO HTTP Request: GET https://t.me/s/usmle_pharma?before=1 "HTTP/1.1 200 OK"
2026-05-19 11:22:56,578 INFO [53/167] @usmle_pharma posts=809 source=tme_full_preview
2026-05-19 11:22:57,080 INFO Trying t.me/s/uroresources ...
2026-05-19 11:22:57,901 INFO HTTP Request: GET https://t.me/s/uroresources "HTTP/1.1 302 Found"
2026-05-19 11:22:58,182 INFO HTTP Request: GET https://t.me/uroresources "HTTP/1.1 200 OK"
2026-05-19 11:22:58,183 INFO TGStat sample for uroresources (no public preview)
2026-05-19 11:22:59,543 INFO HTTP Request: GET https://tgstat.com/channel/@uroresources "HTTP/1.1 302 Found"
2026-05-19 11:23:01,029 INFO HTTP Request: GET https://tgstat.com/channel/@UroResources "HTTP/1.1 200 OK"
2026-05-19 11:23:01,470 INFO [54/167] @uroresources posts=13 source=tgstat_sample
2026-05-19 11:23:01,979 INFO Trying t.me/s/orthobooksandlectures ...
2026-05-19 11:23:02,797 INFO HTTP Request: GET https://t.me/s/orthobooksandlectures "HTTP/1.1 302 Found"
2026-05-19 11:23:03,080 INFO HTTP Request: GET https://t.me/orthobooksandlectures "HTTP/1.1 200 OK"
2026-05-19 11:23:03,081 INFO TGStat sample for orthobooksandlectures (no public preview)
2026-05-19 11:23:03,750 INFO HTTP Request: GET https://tgstat.com/channel/@orthobooksandlectures "HTTP/1.1 404 Not Found"
2026-05-19 11:23:04,417 INFO HTTP Request: GET https://tgstat.com/channel/@orthobooksandlectures "HTTP/1.1 404 Not Found"
2026-05-19 11:23:05,101 INFO HTTP Request: GET https://tgstat.com/channel/@Orthobooksandlectures "HTTP/1.1 404 Not Found"
2026-05-19 11:23:05,463 INFO [55/167] @orthobooksandlectures posts=0 source=no_public_data
2026-05-19 11:23:05,968 INFO [56/167] skip @dental_den (cached)
2026-05-19 11:23:05,969 INFO Trying t.me/s/psychiatrylibrarybooks ...
2026-05-19 11:23:06,763 INFO HTTP Request: GET https://t.me/s/psychiatrylibrarybooks "HTTP/1.1 302 Found"
2026-05-19 11:23:07,042 INFO HTTP Request: GET https://t.me/psychiatrylibrarybooks "HTTP/1.1 200 OK"
2026-05-19 11:23:07,044 INFO TGStat sample for psychiatrylibrarybooks (no public preview)
2026-05-19 11:23:08,731 INFO HTTP Request: GET https://tgstat.com/channel/@psychiatrylibrarybooks "HTTP/1.1 200 OK"
2026-05-19 11:23:10,666 INFO HTTP Request: GET https://tgstat.com/channel/@psychiatrylibrarybooks "HTTP/1.1 200 OK"
2026-05-19 11:23:11,811 INFO HTTP Request: GET https://tgstat.com/channel/@Psychiatrylibrarybooks "HTTP/1.1 302 Found"
2026-05-19 11:23:13,155 INFO HTTP Request: GET https://tgstat.com/channel/@psychiatrylibrarybooks "HTTP/1.1 200 OK"
2026-05-19 11:23:13,998 INFO [57/167] @psychiatrylibrarybooks posts=0 source=no_public_data
2026-05-19 11:23:14,512 INFO Trying t.me/s/usmle_micro ...
2026-05-19 11:23:15,618 INFO HTTP Request: GET https://t.me/s/usmle_micro "HTTP/1.1 200 OK"
2026-05-19 11:23:16,454 INFO HTTP Request: GET https://t.me/s/usmle_micro?before=3535 "HTTP/1.1 200 OK"
2026-05-19 11:23:17,366 INFO HTTP Request: GET https://t.me/s/usmle_micro?before=3505 "HTTP/1.1 200 OK"
2026-05-19 11:23:18,253 INFO HTTP Request: GET https://t.me/s/usmle_micro?before=3485 "HTTP/1.1 200 OK"
2026-05-19 11:23:19,125 INFO HTTP Request: GET https://t.me/s/usmle_micro?before=3463 "HTTP/1.1 200 OK"
2026-05-19 11:23:20,098 INFO HTTP Request: GET https://t.me/s/usmle_micro?before=3427 "HTTP/1.1 200 OK"
2026-05-19 11:23:20,913 INFO HTTP Request: GET https://t.me/s/usmle_micro?before=3393 "HTTP/1.1 200 OK"
2026-05-19 11:23:21,745 INFO HTTP Request: GET https://t.me/s/usmle_micro?before=3352 "HTTP/1.1 200 OK"
2026-05-19 11:23:22,584 INFO HTTP Request: GET https://t.me/s/usmle_micro?before=3325 "HTTP/1.1 200 OK"
2026-05-19 11:23:23,445 INFO HTTP Request: GET https://t.me/s/usmle_micro?before=3301 "HTTP/1.1 200 OK"
2026-05-19 11:23:24,324 INFO HTTP Request: GET https://t.me/s/usmle_micro?before=3281 "HTTP/1.1 200 OK"
2026-05-19 11:23:25,218 INFO HTTP Request: GET https://t.me/s/usmle_micro?before=3249 "HTTP/1.1 200 OK"
2026-05-19 11:23:26,045 INFO HTTP Request: GET https://t.me/s/usmle_micro?before=3219 "HTTP/1.1 200 OK"
2026-05-19 11:23:26,933 INFO HTTP Request: GET https://t.me/s/usmle_micro?before=3197 "HTTP/1.1 200 OK"
2026-05-19 11:23:27,747 INFO HTTP Request: GET https://t.me/s/usmle_micro?before=3175 "HTTP/1.1 200 OK"
2026-05-19 11:23:28,578 INFO HTTP Request: GET https://t.me/s/usmle_micro?before=3153 "HTTP/1.1 200 OK"
2026-05-19 11:23:29,364 INFO HTTP Request: GET https://t.me/s/usmle_micro?before=3124 "HTTP/1.1 200 OK"
2026-05-19 11:23:30,136 INFO HTTP Request: GET https://t.me/s/usmle_micro?before=3104 "HTTP/1.1 200 OK"
2026-05-19 11:23:30,883 INFO HTTP Request: GET https://t.me/s/usmle_micro?before=3084 "HTTP/1.1 200 OK"
2026-05-19 11:23:31,622 INFO HTTP Request: GET https://t.me/s/usmle_micro?before=3064 "HTTP/1.1 200 OK"
2026-05-19 11:23:32,421 INFO HTTP Request: GET https://t.me/s/usmle_micro?before=3044 "HTTP/1.1 200 OK"
2026-05-19 11:23:33,289 INFO HTTP Request: GET https://t.me/s/usmle_micro?before=2994 "HTTP/1.1 200 OK"
2026-05-19 11:23:34,211 INFO HTTP Request: GET https://t.me/s/usmle_micro?before=2830 "HTTP/1.1 200 OK"
2026-05-19 11:23:35,089 INFO HTTP Request: GET https://t.me/s/usmle_micro?before=2784 "HTTP/1.1 200 OK"
2026-05-19 11:23:35,811 INFO HTTP Request: GET https://t.me/s/usmle_micro?before=2487 "HTTP/1.1 200 OK"
2026-05-19 11:23:36,533 INFO HTTP Request: GET https://t.me/s/usmle_micro?before=2467 "HTTP/1.1 200 OK"
2026-05-19 11:23:37,334 INFO HTTP Request: GET https://t.me/s/usmle_micro?before=2447 "HTTP/1.1 200 OK"
2026-05-19 11:23:38,094 INFO HTTP Request: GET https://t.me/s/usmle_micro?before=2427 "HTTP/1.1 200 OK"
2026-05-19 11:23:38,838 INFO HTTP Request: GET https://t.me/s/usmle_micro?before=2304 "HTTP/1.1 200 OK"
2026-05-19 11:23:39,572 INFO HTTP Request: GET https://t.me/s/usmle_micro?before=2284 "HTTP/1.1 200 OK"
2026-05-19 11:23:40,302 INFO HTTP Request: GET https://t.me/s/usmle_micro?before=2264 "HTTP/1.1 200 OK"
2026-05-19 11:23:41,025 INFO HTTP Request: GET https://t.me/s/usmle_micro?before=2244 "HTTP/1.1 200 OK"
2026-05-19 11:23:41,764 INFO HTTP Request: GET https://t.me/s/usmle_micro?before=2224 "HTTP/1.1 200 OK"
2026-05-19 11:23:42,482 INFO HTTP Request: GET https://t.me/s/usmle_micro?before=2204 "HTTP/1.1 200 OK"
2026-05-19 11:23:43,198 INFO HTTP Request: GET https://t.me/s/usmle_micro?before=2184 "HTTP/1.1 200 OK"
2026-05-19 11:23:43,934 INFO HTTP Request: GET https://t.me/s/usmle_micro?before=2164 "HTTP/1.1 200 OK"
2026-05-19 11:23:44,748 INFO HTTP Request: GET https://t.me/s/usmle_micro?before=2144 "HTTP/1.1 200 OK"
2026-05-19 11:23:45,555 INFO HTTP Request: GET https://t.me/s/usmle_micro?before=2124 "HTTP/1.1 200 OK"
2026-05-19 11:23:46,397 INFO HTTP Request: GET https://t.me/s/usmle_micro?before=1939 "HTTP/1.1 200 OK"
2026-05-19 11:23:47,215 INFO HTTP Request: GET https://t.me/s/usmle_micro?before=1919 "HTTP/1.1 200 OK"
2026-05-19 11:23:47,982 INFO HTTP Request: GET https://t.me/s/usmle_micro?before=1899 "HTTP/1.1 200 OK"
2026-05-19 11:23:48,738 INFO HTTP Request: GET https://t.me/s/usmle_micro?before=1879 "HTTP/1.1 200 OK"
2026-05-19 11:23:49,471 INFO HTTP Request: GET https://t.me/s/usmle_micro?before=1859 "HTTP/1.1 200 OK"
2026-05-19 11:23:50,181 INFO HTTP Request: GET https://t.me/s/usmle_micro?before=1839 "HTTP/1.1 200 OK"
2026-05-19 11:23:50,939 INFO HTTP Request: GET https://t.me/s/usmle_micro?before=1819 "HTTP/1.1 200 OK"
2026-05-19 11:23:51,747 INFO HTTP Request: GET https://t.me/s/usmle_micro?before=1799 "HTTP/1.1 200 OK"
2026-05-19 11:23:52,491 INFO HTTP Request: GET https://t.me/s/usmle_micro?before=1779 "HTTP/1.1 200 OK"
2026-05-19 11:23:53,218 INFO HTTP Request: GET https://t.me/s/usmle_micro?before=1759 "HTTP/1.1 200 OK"
2026-05-19 11:23:53,943 INFO HTTP Request: GET https://t.me/s/usmle_micro?before=1739 "HTTP/1.1 200 OK"
2026-05-19 11:23:54,667 INFO HTTP Request: GET https://t.me/s/usmle_micro?before=1719 "HTTP/1.1 200 OK"
2026-05-19 11:23:55,393 INFO HTTP Request: GET https://t.me/s/usmle_micro?before=1699 "HTTP/1.1 200 OK"
2026-05-19 11:23:56,142 INFO HTTP Request: GET https://t.me/s/usmle_micro?before=1679 "HTTP/1.1 200 OK"
2026-05-19 11:23:56,876 INFO HTTP Request: GET https://t.me/s/usmle_micro?before=1659 "HTTP/1.1 200 OK"
2026-05-19 11:23:57,636 INFO HTTP Request: GET https://t.me/s/usmle_micro?before=1639 "HTTP/1.1 200 OK"
2026-05-19 11:23:58,372 INFO HTTP Request: GET https://t.me/s/usmle_micro?before=1618 "HTTP/1.1 200 OK"
2026-05-19 11:23:59,098 INFO HTTP Request: GET https://t.me/s/usmle_micro?before=1598 "HTTP/1.1 200 OK"
2026-05-19 11:23:59,816 INFO HTTP Request: GET https://t.me/s/usmle_micro?before=1578 "HTTP/1.1 200 OK"
2026-05-19 11:24:00,540 INFO HTTP Request: GET https://t.me/s/usmle_micro?before=1558 "HTTP/1.1 200 OK"
2026-05-19 11:24:01,297 INFO HTTP Request: GET https://t.me/s/usmle_micro?before=1538 "HTTP/1.1 200 OK"
2026-05-19 11:24:02,044 INFO HTTP Request: GET https://t.me/s/usmle_micro?before=1509 "HTTP/1.1 200 OK"
2026-05-19 11:24:02,821 INFO HTTP Request: GET https://t.me/s/usmle_micro?before=1489 "HTTP/1.1 200 OK"
2026-05-19 11:24:03,604 INFO HTTP Request: GET https://t.me/s/usmle_micro?before=1105 "HTTP/1.1 200 OK"
2026-05-19 11:24:04,348 INFO HTTP Request: GET https://t.me/s/usmle_micro?before=140 "HTTP/1.1 200 OK"
2026-05-19 11:24:05,086 INFO HTTP Request: GET https://t.me/s/usmle_micro?before=120 "HTTP/1.1 200 OK"
2026-05-19 11:24:05,879 INFO HTTP Request: GET https://t.me/s/usmle_micro?before=100 "HTTP/1.1 200 OK"
2026-05-19 11:24:06,637 INFO HTTP Request: GET https://t.me/s/usmle_micro?before=80 "HTTP/1.1 200 OK"
2026-05-19 11:24:07,474 INFO HTTP Request: GET https://t.me/s/usmle_micro?before=60 "HTTP/1.1 200 OK"
2026-05-19 11:24:08,224 INFO HTTP Request: GET https://t.me/s/usmle_micro?before=40 "HTTP/1.1 200 OK"
2026-05-19 11:24:08,959 INFO HTTP Request: GET https://t.me/s/usmle_micro?before=20 "HTTP/1.1 200 OK"
2026-05-19 11:24:09,676 INFO HTTP Request: GET https://t.me/s/usmle_micro?before=1 "HTTP/1.1 200 OK"
2026-05-19 11:24:09,739 INFO [58/167] @usmle_micro posts=1372 source=tme_full_preview
2026-05-19 11:24:10,251 INFO Trying t.me/s/medipdfofficial ...
2026-05-19 11:24:11,664 INFO HTTP Request: GET https://t.me/s/medipdfofficial "HTTP/1.1 200 OK"
2026-05-19 11:24:12,625 INFO HTTP Request: GET https://t.me/s/medipdfofficial?before=1264 "HTTP/1.1 200 OK"
2026-05-19 11:24:13,521 INFO HTTP Request: GET https://t.me/s/medipdfofficial?before=1240 "HTTP/1.1 200 OK"
2026-05-19 11:24:14,450 INFO HTTP Request: GET https://t.me/s/medipdfofficial?before=1215 "HTTP/1.1 200 OK"
2026-05-19 11:24:15,382 INFO HTTP Request: GET https://t.me/s/medipdfofficial?before=1195 "HTTP/1.1 200 OK"
2026-05-19 11:24:16,409 INFO HTTP Request: GET https://t.me/s/medipdfofficial?before=1175 "HTTP/1.1 200 OK"
2026-05-19 11:24:17,316 INFO HTTP Request: GET https://t.me/s/medipdfofficial?before=1155 "HTTP/1.1 200 OK"
2026-05-19 11:24:18,272 INFO HTTP Request: GET https://t.me/s/medipdfofficial?before=1134 "HTTP/1.1 200 OK"
2026-05-19 11:24:19,213 INFO HTTP Request: GET https://t.me/s/medipdfofficial?before=1114 "HTTP/1.1 200 OK"
2026-05-19 11:24:20,126 INFO HTTP Request: GET https://t.me/s/medipdfofficial?before=1093 "HTTP/1.1 200 OK"
2026-05-19 11:24:21,069 INFO HTTP Request: GET https://t.me/s/medipdfofficial?before=1067 "HTTP/1.1 200 OK"
2026-05-19 11:24:22,002 INFO HTTP Request: GET https://t.me/s/medipdfofficial?before=1045 "HTTP/1.1 200 OK"
2026-05-19 11:24:22,927 INFO HTTP Request: GET https://t.me/s/medipdfofficial?before=1021 "HTTP/1.1 200 OK"
2026-05-19 11:24:23,895 INFO HTTP Request: GET https://t.me/s/medipdfofficial?before=979 "HTTP/1.1 200 OK"
2026-05-19 11:24:24,883 INFO HTTP Request: GET https://t.me/s/medipdfofficial?before=957 "HTTP/1.1 200 OK"
2026-05-19 11:24:25,842 INFO HTTP Request: GET https://t.me/s/medipdfofficial?before=923 "HTTP/1.1 200 OK"
2026-05-19 11:24:26,845 INFO HTTP Request: GET https://t.me/s/medipdfofficial?before=889 "HTTP/1.1 200 OK"
2026-05-19 11:24:27,873 INFO HTTP Request: GET https://t.me/s/medipdfofficial?before=816 "HTTP/1.1 200 OK"
2026-05-19 11:24:28,852 INFO HTTP Request: GET https://t.me/s/medipdfofficial?before=770 "HTTP/1.1 200 OK"
2026-05-19 11:24:30,028 INFO HTTP Request: GET https://t.me/s/medipdfofficial?before=744 "HTTP/1.1 200 OK"
2026-05-19 11:24:31,061 INFO HTTP Request: GET https://t.me/s/medipdfofficial?before=700 "HTTP/1.1 200 OK"
2026-05-19 11:24:31,913 INFO HTTP Request: GET https://t.me/s/medipdfofficial?before=657 "HTTP/1.1 200 OK"
2026-05-19 11:24:32,834 INFO HTTP Request: GET https://t.me/s/medipdfofficial?before=612 "HTTP/1.1 200 OK"
2026-05-19 11:24:33,745 INFO HTTP Request: GET https://t.me/s/medipdfofficial?before=583 "HTTP/1.1 200 OK"
2026-05-19 11:24:34,614 INFO HTTP Request: GET https://t.me/s/medipdfofficial?before=511 "HTTP/1.1 200 OK"
2026-05-19 11:24:35,453 INFO HTTP Request: GET https://t.me/s/medipdfofficial?before=476 "HTTP/1.1 200 OK"
2026-05-19 11:24:36,339 INFO HTTP Request: GET https://t.me/s/medipdfofficial?before=450 "HTTP/1.1 200 OK"
2026-05-19 11:24:37,223 INFO HTTP Request: GET https://t.me/s/medipdfofficial?before=405 "HTTP/1.1 200 OK"
2026-05-19 11:24:38,109 INFO HTTP Request: GET https://t.me/s/medipdfofficial?before=385 "HTTP/1.1 200 OK"
2026-05-19 11:24:38,942 INFO HTTP Request: GET https://t.me/s/medipdfofficial?before=323 "HTTP/1.1 200 OK"
2026-05-19 11:24:39,713 INFO HTTP Request: GET https://t.me/s/medipdfofficial?before=1 "HTTP/1.1 200 OK"
2026-05-19 11:24:39,750 INFO [59/167] @medipdfofficial posts=595 source=tme_full_preview
2026-05-19 11:24:40,257 INFO [60/167] skip @medbooksvn2 (cached)
2026-05-19 11:24:40,259 INFO Trying t.me/s/booksmedicospdf ...
2026-05-19 11:24:41,068 INFO HTTP Request: GET https://t.me/s/booksmedicospdf "HTTP/1.1 302 Found"
2026-05-19 11:24:41,344 INFO HTTP Request: GET https://t.me/booksmedicospdf "HTTP/1.1 200 OK"
2026-05-19 11:24:41,346 INFO TGStat sample for booksmedicospdf (no public preview)
2026-05-19 11:24:43,089 INFO HTTP Request: GET https://tgstat.com/channel/@booksmedicospdf "HTTP/1.1 404 Not Found"
2026-05-19 11:24:43,750 INFO HTTP Request: GET https://tgstat.com/channel/@booksmedicospdf "HTTP/1.1 404 Not Found"
2026-05-19 11:24:44,442 INFO HTTP Request: GET https://tgstat.com/channel/@Booksmedicospdf "HTTP/1.1 404 Not Found"
2026-05-19 11:24:44,793 INFO [61/167] @booksmedicospdf posts=0 source=no_public_data
2026-05-19 11:24:45,307 INFO [62/167] skip @lraq_ed (cached)
2026-05-19 11:24:45,308 INFO Trying t.me/s/pharmacy_sources ...
2026-05-19 11:24:46,125 INFO HTTP Request: GET https://t.me/s/pharmacy_sources "HTTP/1.1 302 Found"
2026-05-19 11:24:46,401 INFO HTTP Request: GET https://t.me/pharmacy_sources "HTTP/1.1 200 OK"
2026-05-19 11:24:46,402 INFO TGStat sample for pharmacy_sources (no public preview)
2026-05-19 11:24:47,077 INFO HTTP Request: GET https://tgstat.com/channel/@pharmacy_sources "HTTP/1.1 302 Found"
2026-05-19 11:24:49,828 INFO HTTP Request: GET https://ir.tgstat.com/channel/@Pharmacy_sources "HTTP/1.1 200 OK"
2026-05-19 11:24:50,278 INFO [63/167] @pharmacy_sources posts=20 source=tgstat_sample
2026-05-19 11:24:50,792 INFO Trying t.me/s/ophthalmology_books ...
2026-05-19 11:24:51,590 INFO HTTP Request: GET https://t.me/s/ophthalmology_books "HTTP/1.1 302 Found"
2026-05-19 11:24:51,869 INFO HTTP Request: GET https://t.me/ophthalmology_books "HTTP/1.1 200 OK"
2026-05-19 11:24:51,870 INFO TGStat sample for ophthalmology_books (no public preview)
2026-05-19 11:24:52,590 INFO HTTP Request: GET https://tgstat.com/channel/@ophthalmology_books "HTTP/1.1 404 Not Found"
2026-05-19 11:24:53,276 INFO HTTP Request: GET https://tgstat.com/channel/@ophthalmology_books "HTTP/1.1 404 Not Found"
2026-05-19 11:24:53,966 INFO HTTP Request: GET https://tgstat.com/channel/@Ophthalmology_Books "HTTP/1.1 404 Not Found"
2026-05-19 11:24:54,327 INFO [64/167] @ophthalmology_books posts=0 source=no_public_data
2026-05-19 11:24:54,829 INFO [65/167] skip @medicalegypt (cached)
2026-05-19 11:24:54,830 INFO Trying t.me/s/medicalbooksstore55 ...
2026-05-19 11:24:55,632 INFO HTTP Request: GET https://t.me/s/medicalbooksstore55 "HTTP/1.1 302 Found"
2026-05-19 11:24:55,917 INFO HTTP Request: GET https://t.me/medicalbooksstore55 "HTTP/1.1 200 OK"
2026-05-19 11:24:55,918 INFO TGStat sample for medicalbooksstore55 (no public preview)
2026-05-19 11:24:56,550 INFO HTTP Request: GET https://tgstat.com/channel/@medicalbooksstore55 "HTTP/1.1 302 Found"
2026-05-19 11:24:58,206 INFO HTTP Request: GET https://tgstat.com/channel/@MedicalBooksStore55 "HTTP/1.1 200 OK"
2026-05-19 11:24:58,652 INFO [66/167] @medicalbooksstore55 posts=9 source=tgstat_sample
2026-05-19 11:24:59,162 INFO Trying t.me/s/kaplan_atm ...
2026-05-19 11:24:59,954 INFO HTTP Request: GET https://t.me/s/kaplan_atm "HTTP/1.1 302 Found"
2026-05-19 11:25:00,244 INFO HTTP Request: GET https://t.me/kaplan_atm "HTTP/1.1 200 OK"
2026-05-19 11:25:00,246 INFO TGStat sample for kaplan_atm (no public preview)
2026-05-19 11:25:00,905 INFO HTTP Request: GET https://tgstat.com/channel/@kaplan_atm "HTTP/1.1 302 Found"
2026-05-19 11:25:02,356 INFO HTTP Request: GET https://tgstat.com/channel/@Kaplan_ATM "HTTP/1.1 200 OK"
2026-05-19 11:25:03,537 INFO HTTP Request: GET https://tgstat.com/channel/@kaplan_atm "HTTP/1.1 302 Found"
2026-05-19 11:25:05,038 INFO HTTP Request: GET https://tgstat.com/channel/@Kaplan_ATM "HTTP/1.1 200 OK"
2026-05-19 11:25:06,166 INFO HTTP Request: GET https://tgstat.com/channel/@Kaplan_Atm "HTTP/1.1 302 Found"
2026-05-19 11:25:07,631 INFO HTTP Request: GET https://tgstat.com/channel/@Kaplan_ATM "HTTP/1.1 200 OK"
2026-05-19 11:25:08,464 INFO [67/167] @kaplan_atm posts=0 source=no_public_data
2026-05-19 11:25:08,966 INFO Trying t.me/s/neuro_ophthalmology_books ...
2026-05-19 11:25:09,770 INFO HTTP Request: GET https://t.me/s/neuro_ophthalmology_books "HTTP/1.1 302 Found"
2026-05-19 11:25:10,056 INFO HTTP Request: GET https://t.me/neuro_ophthalmology_books "HTTP/1.1 200 OK"
2026-05-19 11:25:10,057 INFO TGStat sample for neuro_ophthalmology_books (no public preview)
2026-05-19 11:25:10,742 INFO HTTP Request: GET https://tgstat.com/channel/@neuro_ophthalmology_books "HTTP/1.1 302 Found"
2026-05-19 11:25:13,477 INFO HTTP Request: GET https://in.tgstat.com/channel/@Neuro_Ophthalmology_BOOKS "HTTP/1.1 200 OK"
2026-05-19 11:25:14,033 INFO [68/167] @neuro_ophthalmology_books posts=10 source=tgstat_sample
2026-05-19 11:25:14,548 INFO Trying t.me/s/veterinaryebook ...
2026-05-19 11:25:15,493 INFO HTTP Request: GET https://t.me/s/veterinaryebook "HTTP/1.1 200 OK"
2026-05-19 11:25:16,408 INFO HTTP Request: GET https://t.me/s/veterinaryebook?before=2649 "HTTP/1.1 200 OK"
2026-05-19 11:25:17,344 INFO HTTP Request: GET https://t.me/s/veterinaryebook?before=2629 "HTTP/1.1 200 OK"
2026-05-19 11:25:18,258 INFO HTTP Request: GET https://t.me/s/veterinaryebook?before=2609 "HTTP/1.1 200 OK"
2026-05-19 11:25:19,194 INFO HTTP Request: GET https://t.me/s/veterinaryebook?before=2589 "HTTP/1.1 200 OK"
2026-05-19 11:25:20,139 INFO HTTP Request: GET https://t.me/s/veterinaryebook?before=2569 "HTTP/1.1 200 OK"
2026-05-19 11:25:21,094 INFO HTTP Request: GET https://t.me/s/veterinaryebook?before=2549 "HTTP/1.1 200 OK"
2026-05-19 11:25:22,033 INFO HTTP Request: GET https://t.me/s/veterinaryebook?before=2529 "HTTP/1.1 200 OK"
2026-05-19 11:25:22,980 INFO HTTP Request: GET https://t.me/s/veterinaryebook?before=2509 "HTTP/1.1 200 OK"
2026-05-19 11:25:23,938 INFO HTTP Request: GET https://t.me/s/veterinaryebook?before=2489 "HTTP/1.1 200 OK"
2026-05-19 11:25:24,881 INFO HTTP Request: GET https://t.me/s/veterinaryebook?before=2469 "HTTP/1.1 200 OK"
2026-05-19 11:25:25,795 INFO HTTP Request: GET https://t.me/s/veterinaryebook?before=2449 "HTTP/1.1 200 OK"
2026-05-19 11:25:26,726 INFO HTTP Request: GET https://t.me/s/veterinaryebook?before=2429 "HTTP/1.1 200 OK"
2026-05-19 11:25:27,635 INFO HTTP Request: GET https://t.me/s/veterinaryebook?before=2409 "HTTP/1.1 200 OK"
2026-05-19 11:25:28,533 INFO HTTP Request: GET https://t.me/s/veterinaryebook?before=2389 "HTTP/1.1 200 OK"
2026-05-19 11:25:29,478 INFO HTTP Request: GET https://t.me/s/veterinaryebook?before=2369 "HTTP/1.1 200 OK"
2026-05-19 11:25:30,501 INFO HTTP Request: GET https://t.me/s/veterinaryebook?before=2349 "HTTP/1.1 200 OK"
2026-05-19 11:25:31,455 INFO HTTP Request: GET https://t.me/s/veterinaryebook?before=2329 "HTTP/1.1 200 OK"
2026-05-19 11:25:32,417 INFO HTTP Request: GET https://t.me/s/veterinaryebook?before=2309 "HTTP/1.1 200 OK"
2026-05-19 11:25:33,368 INFO HTTP Request: GET https://t.me/s/veterinaryebook?before=2289 "HTTP/1.1 200 OK"
2026-05-19 11:25:34,347 INFO HTTP Request: GET https://t.me/s/veterinaryebook?before=2269 "HTTP/1.1 200 OK"
2026-05-19 11:25:35,322 INFO HTTP Request: GET https://t.me/s/veterinaryebook?before=2249 "HTTP/1.1 200 OK"
2026-05-19 11:25:36,230 INFO HTTP Request: GET https://t.me/s/veterinaryebook?before=2229 "HTTP/1.1 200 OK"
2026-05-19 11:25:37,218 INFO HTTP Request: GET https://t.me/s/veterinaryebook?before=2209 "HTTP/1.1 200 OK"
2026-05-19 11:25:38,199 INFO HTTP Request: GET https://t.me/s/veterinaryebook?before=2189 "HTTP/1.1 200 OK"
2026-05-19 11:25:39,149 INFO HTTP Request: GET https://t.me/s/veterinaryebook?before=2169 "HTTP/1.1 200 OK"
2026-05-19 11:25:40,164 INFO HTTP Request: GET https://t.me/s/veterinaryebook?before=2149 "HTTP/1.1 200 OK"
2026-05-19 11:25:41,233 INFO HTTP Request: GET https://t.me/s/veterinaryebook?before=2129 "HTTP/1.1 200 OK"
2026-05-19 11:25:42,244 INFO HTTP Request: GET https://t.me/s/veterinaryebook?before=2109 "HTTP/1.1 200 OK"
2026-05-19 11:25:43,181 INFO HTTP Request: GET https://t.me/s/veterinaryebook?before=2089 "HTTP/1.1 200 OK"
2026-05-19 11:25:44,130 INFO HTTP Request: GET https://t.me/s/veterinaryebook?before=2069 "HTTP/1.1 200 OK"
2026-05-19 11:25:45,144 INFO HTTP Request: GET https://t.me/s/veterinaryebook?before=2049 "HTTP/1.1 200 OK"
2026-05-19 11:25:46,149 INFO HTTP Request: GET https://t.me/s/veterinaryebook?before=2029 "HTTP/1.1 200 OK"
2026-05-19 11:25:47,084 INFO HTTP Request: GET https://t.me/s/veterinaryebook?before=2009 "HTTP/1.1 200 OK"
2026-05-19 11:25:48,042 INFO HTTP Request: GET https://t.me/s/veterinaryebook?before=1989 "HTTP/1.1 200 OK"
2026-05-19 11:25:49,040 INFO HTTP Request: GET https://t.me/s/veterinaryebook?before=1969 "HTTP/1.1 200 OK"
2026-05-19 11:25:49,974 INFO HTTP Request: GET https://t.me/s/veterinaryebook?before=1949 "HTTP/1.1 200 OK"
2026-05-19 11:25:50,966 INFO HTTP Request: GET https://t.me/s/veterinaryebook?before=1929 "HTTP/1.1 200 OK"
2026-05-19 11:25:51,954 INFO HTTP Request: GET https://t.me/s/veterinaryebook?before=1909 "HTTP/1.1 200 OK"
2026-05-19 11:25:52,999 INFO HTTP Request: GET https://t.me/s/veterinaryebook?before=1889 "HTTP/1.1 200 OK"
2026-05-19 11:25:54,043 INFO HTTP Request: GET https://t.me/s/veterinaryebook?before=1869 "HTTP/1.1 200 OK"
2026-05-19 11:25:54,972 INFO HTTP Request: GET https://t.me/s/veterinaryebook?before=1849 "HTTP/1.1 200 OK"
2026-05-19 11:25:55,934 INFO HTTP Request: GET https://t.me/s/veterinaryebook?before=1829 "HTTP/1.1 200 OK"
2026-05-19 11:25:56,975 INFO HTTP Request: GET https://t.me/s/veterinaryebook?before=1809 "HTTP/1.1 200 OK"
2026-05-19 11:25:57,908 INFO HTTP Request: GET https://t.me/s/veterinaryebook?before=1789 "HTTP/1.1 200 OK"
2026-05-19 11:25:58,863 INFO HTTP Request: GET https://t.me/s/veterinaryebook?before=1769 "HTTP/1.1 200 OK"
2026-05-19 11:25:59,815 INFO HTTP Request: GET https://t.me/s/veterinaryebook?before=1749 "HTTP/1.1 200 OK"
2026-05-19 11:26:00,740 INFO HTTP Request: GET https://t.me/s/veterinaryebook?before=1729 "HTTP/1.1 200 OK"
2026-05-19 11:26:01,674 INFO HTTP Request: GET https://t.me/s/veterinaryebook?before=1709 "HTTP/1.1 200 OK"
2026-05-19 11:26:02,676 INFO HTTP Request: GET https://t.me/s/veterinaryebook?before=1689 "HTTP/1.1 200 OK"
2026-05-19 11:26:03,621 INFO HTTP Request: GET https://t.me/s/veterinaryebook?before=1669 "HTTP/1.1 200 OK"
2026-05-19 11:26:04,548 INFO HTTP Request: GET https://t.me/s/veterinaryebook?before=1649 "HTTP/1.1 200 OK"
2026-05-19 11:26:05,558 INFO HTTP Request: GET https://t.me/s/veterinaryebook?before=1629 "HTTP/1.1 200 OK"
2026-05-19 11:26:06,511 INFO HTTP Request: GET https://t.me/s/veterinaryebook?before=1609 "HTTP/1.1 200 OK"
2026-05-19 11:26:07,434 INFO HTTP Request: GET https://t.me/s/veterinaryebook?before=1589 "HTTP/1.1 200 OK"
2026-05-19 11:26:08,385 INFO HTTP Request: GET https://t.me/s/veterinaryebook?before=1569 "HTTP/1.1 200 OK"
2026-05-19 11:26:09,347 INFO HTTP Request: GET https://t.me/s/veterinaryebook?before=1548 "HTTP/1.1 200 OK"
2026-05-19 11:26:10,314 INFO HTTP Request: GET https://t.me/s/veterinaryebook?before=1528 "HTTP/1.1 200 OK"
2026-05-19 11:26:11,296 INFO HTTP Request: GET https://t.me/s/veterinaryebook?before=1508 "HTTP/1.1 200 OK"
2026-05-19 11:26:12,283 INFO HTTP Request: GET https://t.me/s/veterinaryebook?before=1488 "HTTP/1.1 200 OK"
2026-05-19 11:26:13,216 INFO HTTP Request: GET https://t.me/s/veterinaryebook?before=1468 "HTTP/1.1 200 OK"
2026-05-19 11:26:14,166 INFO HTTP Request: GET https://t.me/s/veterinaryebook?before=1448 "HTTP/1.1 200 OK"
2026-05-19 11:26:15,101 INFO HTTP Request: GET https://t.me/s/veterinaryebook?before=1428 "HTTP/1.1 200 OK"
2026-05-19 11:26:16,074 INFO HTTP Request: GET https://t.me/s/veterinaryebook?before=1408 "HTTP/1.1 200 OK"
2026-05-19 11:26:16,990 INFO HTTP Request: GET https://t.me/s/veterinaryebook?before=1388 "HTTP/1.1 200 OK"
2026-05-19 11:26:18,005 INFO HTTP Request: GET https://t.me/s/veterinaryebook?before=1368 "HTTP/1.1 200 OK"
2026-05-19 11:26:18,941 INFO HTTP Request: GET https://t.me/s/veterinaryebook?before=1348 "HTTP/1.1 200 OK"
2026-05-19 11:26:19,953 INFO HTTP Request: GET https://t.me/s/veterinaryebook?before=1328 "HTTP/1.1 200 OK"
2026-05-19 11:26:20,877 INFO HTTP Request: GET https://t.me/s/veterinaryebook?before=1308 "HTTP/1.1 200 OK"
2026-05-19 11:26:21,892 INFO HTTP Request: GET https://t.me/s/veterinaryebook?before=1288 "HTTP/1.1 200 OK"
2026-05-19 11:26:22,877 INFO HTTP Request: GET https://t.me/s/veterinaryebook?before=1268 "HTTP/1.1 200 OK"
2026-05-19 11:26:23,814 INFO HTTP Request: GET https://t.me/s/veterinaryebook?before=1248 "HTTP/1.1 200 OK"
2026-05-19 11:26:24,766 INFO HTTP Request: GET https://t.me/s/veterinaryebook?before=1228 "HTTP/1.1 200 OK"
2026-05-19 11:26:25,743 INFO HTTP Request: GET https://t.me/s/veterinaryebook?before=1208 "HTTP/1.1 200 OK"
2026-05-19 11:26:26,677 INFO HTTP Request: GET https://t.me/s/veterinaryebook?before=1188 "HTTP/1.1 200 OK"
2026-05-19 11:26:27,666 INFO HTTP Request: GET https://t.me/s/veterinaryebook?before=1168 "HTTP/1.1 200 OK"
2026-05-19 11:26:28,593 INFO HTTP Request: GET https://t.me/s/veterinaryebook?before=1148 "HTTP/1.1 200 OK"
2026-05-19 11:26:29,524 INFO HTTP Request: GET https://t.me/s/veterinaryebook?before=1128 "HTTP/1.1 200 OK"
2026-05-19 11:26:30,467 INFO HTTP Request: GET https://t.me/s/veterinaryebook?before=1108 "HTTP/1.1 200 OK"
2026-05-19 11:26:31,426 INFO HTTP Request: GET https://t.me/s/veterinaryebook?before=1088 "HTTP/1.1 200 OK"
2026-05-19 11:26:32,371 INFO HTTP Request: GET https://t.me/s/veterinaryebook?before=1068 "HTTP/1.1 200 OK"
2026-05-19 11:26:33,372 INFO HTTP Request: GET https://t.me/s/veterinaryebook?before=1048 "HTTP/1.1 200 OK"
2026-05-19 11:26:34,277 INFO HTTP Request: GET https://t.me/s/veterinaryebook?before=1028 "HTTP/1.1 200 OK"
2026-05-19 11:26:35,253 INFO HTTP Request: GET https://t.me/s/veterinaryebook?before=1008 "HTTP/1.1 200 OK"
2026-05-19 11:26:36,193 INFO HTTP Request: GET https://t.me/s/veterinaryebook?before=988 "HTTP/1.1 200 OK"
2026-05-19 11:26:37,293 INFO HTTP Request: GET https://t.me/s/veterinaryebook?before=968 "HTTP/1.1 200 OK"
2026-05-19 11:26:38,354 INFO HTTP Request: GET https://t.me/s/veterinaryebook?before=948 "HTTP/1.1 200 OK"
2026-05-19 11:26:39,375 INFO HTTP Request: GET https://t.me/s/veterinaryebook?before=928 "HTTP/1.1 200 OK"
2026-05-19 11:26:40,415 INFO HTTP Request: GET https://t.me/s/veterinaryebook?before=908 "HTTP/1.1 200 OK"
2026-05-19 11:26:41,456 INFO HTTP Request: GET https://t.me/s/veterinaryebook?before=888 "HTTP/1.1 200 OK"
2026-05-19 11:26:42,570 INFO HTTP Request: GET https://t.me/s/veterinaryebook?before=868 "HTTP/1.1 200 OK"
2026-05-19 11:26:43,646 INFO HTTP Request: GET https://t.me/s/veterinaryebook?before=848 "HTTP/1.1 200 OK"
2026-05-19 11:26:44,733 INFO HTTP Request: GET https://t.me/s/veterinaryebook?before=828 "HTTP/1.1 200 OK"
2026-05-19 11:26:45,754 INFO HTTP Request: GET https://t.me/s/veterinaryebook?before=808 "HTTP/1.1 200 OK"
2026-05-19 11:26:46,840 INFO HTTP Request: GET https://t.me/s/veterinaryebook?before=788 "HTTP/1.1 200 OK"
2026-05-19 11:26:47,976 INFO HTTP Request: GET https://t.me/s/veterinaryebook?before=768 "HTTP/1.1 200 OK"
2026-05-19 11:26:49,134 INFO HTTP Request: GET https://t.me/s/veterinaryebook?before=748 "HTTP/1.1 200 OK"
2026-05-19 11:26:50,197 INFO HTTP Request: GET https://t.me/s/veterinaryebook?before=728 "HTTP/1.1 200 OK"
2026-05-19 11:26:51,229 INFO HTTP Request: GET https://t.me/s/veterinaryebook?before=708 "HTTP/1.1 200 OK"
2026-05-19 11:26:52,262 INFO HTTP Request: GET https://t.me/s/veterinaryebook?before=688 "HTTP/1.1 200 OK"
2026-05-19 11:26:53,491 INFO HTTP Request: GET https://t.me/s/veterinaryebook?before=668 "HTTP/1.1 200 OK"
2026-05-19 11:26:54,512 INFO HTTP Request: GET https://t.me/s/veterinaryebook?before=648 "HTTP/1.1 200 OK"
2026-05-19 11:26:55,553 INFO HTTP Request: GET https://t.me/s/veterinaryebook?before=628 "HTTP/1.1 200 OK"
2026-05-19 11:26:56,573 INFO HTTP Request: GET https://t.me/s/veterinaryebook?before=608 "HTTP/1.1 200 OK"
2026-05-19 11:26:57,629 INFO HTTP Request: GET https://t.me/s/veterinaryebook?before=588 "HTTP/1.1 200 OK"
2026-05-19 11:26:58,671 INFO HTTP Request: GET https://t.me/s/veterinaryebook?before=568 "HTTP/1.1 200 OK"
2026-05-19 11:26:59,801 INFO HTTP Request: GET https://t.me/s/veterinaryebook?before=548 "HTTP/1.1 200 OK"
2026-05-19 11:27:00,969 INFO HTTP Request: GET https://t.me/s/veterinaryebook?before=528 "HTTP/1.1 200 OK"
2026-05-19 11:27:02,008 INFO HTTP Request: GET https://t.me/s/veterinaryebook?before=508 "HTTP/1.1 200 OK"
2026-05-19 11:27:03,092 INFO HTTP Request: GET https://t.me/s/veterinaryebook?before=488 "HTTP/1.1 200 OK"
2026-05-19 11:27:04,188 INFO HTTP Request: GET https://t.me/s/veterinaryebook?before=468 "HTTP/1.1 200 OK"
2026-05-19 11:27:05,204 INFO HTTP Request: GET https://t.me/s/veterinaryebook?before=446 "HTTP/1.1 200 OK"
2026-05-19 11:27:06,501 INFO HTTP Request: GET https://t.me/s/veterinaryebook?before=422 "HTTP/1.1 200 OK"
2026-05-19 11:27:07,530 INFO HTTP Request: GET https://t.me/s/veterinaryebook?before=401 "HTTP/1.1 200 OK"
2026-05-19 11:27:08,566 INFO HTTP Request: GET https://t.me/s/veterinaryebook?before=380 "HTTP/1.1 200 OK"
2026-05-19 11:27:09,637 INFO HTTP Request: GET https://t.me/s/veterinaryebook?before=360 "HTTP/1.1 200 OK"
2026-05-19 11:27:10,650 INFO HTTP Request: GET https://t.me/s/veterinaryebook?before=340 "HTTP/1.1 200 OK"
2026-05-19 11:27:11,655 INFO HTTP Request: GET https://t.me/s/veterinaryebook?before=317 "HTTP/1.1 200 OK"
2026-05-19 11:27:12,986 INFO HTTP Request: GET https://t.me/s/veterinaryebook?before=297 "HTTP/1.1 200 OK"
2026-05-19 11:27:14,023 INFO HTTP Request: GET https://t.me/s/veterinaryebook?before=277 "HTTP/1.1 200 OK"
2026-05-19 11:27:14,860 INFO [69/167] @veterinaryebook posts=2400 source=tme_full_preview
2026-05-19 11:27:15,367 INFO Trying t.me/s/radiologist_library ...
2026-05-19 11:27:16,196 INFO HTTP Request: GET https://t.me/s/radiologist_library "HTTP/1.1 302 Found"
2026-05-19 11:27:16,472 INFO HTTP Request: GET https://t.me/radiologist_library "HTTP/1.1 200 OK"
2026-05-19 11:27:16,476 INFO TGStat sample for radiologist_library (no public preview)
2026-05-19 11:27:17,878 INFO HTTP Request: GET https://tgstat.com/channel/@radiologist_library "HTTP/1.1 302 Found"
2026-05-19 11:27:20,405 INFO HTTP Request: GET https://cn.tgstat.com/channel/@Radiologist_Library "HTTP/1.1 200 OK"
2026-05-19 11:27:20,976 INFO [70/167] @radiologist_library posts=6 source=tgstat_sample
2026-05-19 11:27:21,481 INFO Trying t.me/s/pediatric_books ...
2026-05-19 11:27:22,602 INFO HTTP Request: GET https://t.me/s/pediatric_books "HTTP/1.1 200 OK"
2026-05-19 11:27:23,572 INFO HTTP Request: GET https://t.me/s/pediatric_books?before=1097 "HTTP/1.1 200 OK"
2026-05-19 11:27:24,559 INFO HTTP Request: GET https://t.me/s/pediatric_books?before=1074 "HTTP/1.1 200 OK"
2026-05-19 11:27:25,561 INFO HTTP Request: GET https://t.me/s/pediatric_books?before=1053 "HTTP/1.1 200 OK"
2026-05-19 11:27:26,773 INFO HTTP Request: GET https://t.me/s/pediatric_books?before=1033 "HTTP/1.1 200 OK"
2026-05-19 11:27:27,716 INFO HTTP Request: GET https://t.me/s/pediatric_books?before=1012 "HTTP/1.1 200 OK"
2026-05-19 11:27:28,702 INFO HTTP Request: GET https://t.me/s/pediatric_books?before=991 "HTTP/1.1 200 OK"
2026-05-19 11:27:29,834 INFO HTTP Request: GET https://t.me/s/pediatric_books?before=971 "HTTP/1.1 200 OK"
2026-05-19 11:27:30,949 INFO HTTP Request: GET https://t.me/s/pediatric_books?before=951 "HTTP/1.1 200 OK"
2026-05-19 11:27:31,950 INFO HTTP Request: GET https://t.me/s/pediatric_books?before=931 "HTTP/1.1 200 OK"
2026-05-19 11:27:32,910 INFO HTTP Request: GET https://t.me/s/pediatric_books?before=909 "HTTP/1.1 200 OK"
2026-05-19 11:27:33,843 INFO HTTP Request: GET https://t.me/s/pediatric_books?before=889 "HTTP/1.1 200 OK"
2026-05-19 11:27:34,785 INFO HTTP Request: GET https://t.me/s/pediatric_books?before=869 "HTTP/1.1 200 OK"
2026-05-19 11:27:35,796 INFO HTTP Request: GET https://t.me/s/pediatric_books?before=849 "HTTP/1.1 200 OK"
2026-05-19 11:27:36,808 INFO HTTP Request: GET https://t.me/s/pediatric_books?before=829 "HTTP/1.1 200 OK"
2026-05-19 11:27:37,743 INFO HTTP Request: GET https://t.me/s/pediatric_books?before=807 "HTTP/1.1 200 OK"
2026-05-19 11:27:38,727 INFO HTTP Request: GET https://t.me/s/pediatric_books?before=787 "HTTP/1.1 200 OK"
2026-05-19 11:27:39,707 INFO HTTP Request: GET https://t.me/s/pediatric_books?before=767 "HTTP/1.1 200 OK"
2026-05-19 11:27:40,637 INFO HTTP Request: GET https://t.me/s/pediatric_books?before=729 "HTTP/1.1 200 OK"
2026-05-19 11:27:41,737 INFO HTTP Request: GET https://t.me/s/pediatric_books?before=709 "HTTP/1.1 200 OK"
2026-05-19 11:27:42,728 INFO HTTP Request: GET https://t.me/s/pediatric_books?before=689 "HTTP/1.1 200 OK"
2026-05-19 11:27:43,645 INFO HTTP Request: GET https://t.me/s/pediatric_books?before=669 "HTTP/1.1 200 OK"
2026-05-19 11:27:44,660 INFO HTTP Request: GET https://t.me/s/pediatric_books?before=649 "HTTP/1.1 200 OK"
2026-05-19 11:27:45,650 INFO HTTP Request: GET https://t.me/s/pediatric_books?before=629 "HTTP/1.1 200 OK"
2026-05-19 11:27:46,600 INFO HTTP Request: GET https://t.me/s/pediatric_books?before=608 "HTTP/1.1 200 OK"
2026-05-19 11:27:47,774 INFO HTTP Request: GET https://t.me/s/pediatric_books?before=588 "HTTP/1.1 200 OK"
2026-05-19 11:27:48,752 INFO HTTP Request: GET https://t.me/s/pediatric_books?before=566 "HTTP/1.1 200 OK"
2026-05-19 11:27:49,679 INFO HTTP Request: GET https://t.me/s/pediatric_books?before=545 "HTTP/1.1 200 OK"
2026-05-19 11:27:50,611 INFO HTTP Request: GET https://t.me/s/pediatric_books?before=522 "HTTP/1.1 200 OK"
2026-05-19 11:27:51,551 INFO HTTP Request: GET https://t.me/s/pediatric_books?before=502 "HTTP/1.1 200 OK"
2026-05-19 11:27:52,511 INFO HTTP Request: GET https://t.me/s/pediatric_books?before=482 "HTTP/1.1 200 OK"
2026-05-19 11:27:53,584 INFO HTTP Request: GET https://t.me/s/pediatric_books?before=458 "HTTP/1.1 200 OK"
2026-05-19 11:27:54,558 INFO HTTP Request: GET https://t.me/s/pediatric_books?before=437 "HTTP/1.1 200 OK"
2026-05-19 11:27:55,607 INFO HTTP Request: GET https://t.me/s/pediatric_books?before=417 "HTTP/1.1 200 OK"
2026-05-19 11:27:56,739 INFO HTTP Request: GET https://t.me/s/pediatric_books?before=391 "HTTP/1.1 200 OK"
2026-05-19 11:27:57,895 INFO HTTP Request: GET https://t.me/s/pediatric_books?before=1 "HTTP/1.1 200 OK"
2026-05-19 11:27:57,997 INFO [71/167] @pediatric_books posts=692 source=tme_full_preview
2026-05-19 11:27:58,508 INFO Trying t.me/s/amcexam1 ...
2026-05-19 11:27:59,315 INFO HTTP Request: GET https://t.me/s/amcexam1 "HTTP/1.1 302 Found"
2026-05-19 11:27:59,595 INFO HTTP Request: GET https://t.me/amcexam1 "HTTP/1.1 200 OK"
2026-05-19 11:27:59,596 INFO TGStat sample for amcexam1 (no public preview)
2026-05-19 11:28:01,037 INFO HTTP Request: GET https://tgstat.com/channel/@amcexam1 "HTTP/1.1 404 Not Found"
2026-05-19 11:28:01,725 INFO HTTP Request: GET https://tgstat.com/channel/@amcexam1 "HTTP/1.1 404 Not Found"
2026-05-19 11:28:02,457 INFO HTTP Request: GET https://tgstat.com/channel/@Amcexam1 "HTTP/1.1 404 Not Found"
2026-05-19 11:28:02,820 INFO [72/167] @amcexam1 posts=0 source=no_public_data
2026-05-19 11:28:03,330 INFO Trying t.me/s/boards_beyonds ...
2026-05-19 11:28:04,156 INFO HTTP Request: GET https://t.me/s/boards_beyonds "HTTP/1.1 302 Found"
2026-05-19 11:28:04,435 INFO HTTP Request: GET https://t.me/boards_beyonds "HTTP/1.1 200 OK"
2026-05-19 11:28:04,436 INFO TGStat sample for boards_beyonds (no public preview)
2026-05-19 11:28:05,090 INFO HTTP Request: GET https://tgstat.com/channel/@boards_beyonds "HTTP/1.1 302 Found"
2026-05-19 11:28:06,555 INFO HTTP Request: GET https://tgstat.com/channel/@Boards_BeyondS "HTTP/1.1 200 OK"
2026-05-19 11:28:07,194 INFO [73/167] @boards_beyonds posts=16 source=tgstat_sample
2026-05-19 11:28:07,696 INFO [74/167] skip @urgenciasyemergencias (cached)
2026-05-19 11:28:07,700 INFO Trying t.me/s/optometry_books2040 ...
2026-05-19 11:28:08,529 INFO HTTP Request: GET https://t.me/s/optometry_books2040 "HTTP/1.1 302 Found"
2026-05-19 11:28:08,812 INFO HTTP Request: GET https://t.me/optometry_books2040 "HTTP/1.1 200 OK"
2026-05-19 11:28:08,813 INFO TGStat sample for optometry_books2040 (no public preview)
2026-05-19 11:28:09,490 INFO HTTP Request: GET https://tgstat.com/channel/@optometry_books2040 "HTTP/1.1 302 Found"
2026-05-19 11:28:10,842 INFO HTTP Request: GET https://tgstat.com/channel/@Optometry_books2040 "HTTP/1.1 200 OK"
2026-05-19 11:28:11,769 INFO [75/167] @optometry_books2040 posts=10 source=tgstat_sample
2026-05-19 11:28:12,287 INFO Trying t.me/s/cardiology_premium_videos ...
2026-05-19 11:28:13,150 INFO HTTP Request: GET https://t.me/s/cardiology_premium_videos "HTTP/1.1 302 Found"
2026-05-19 11:28:13,434 INFO HTTP Request: GET https://t.me/cardiology_premium_videos "HTTP/1.1 200 OK"
2026-05-19 11:28:13,435 INFO TGStat sample for cardiology_premium_videos (no public preview)
2026-05-19 11:28:14,072 INFO HTTP Request: GET https://tgstat.com/channel/@cardiology_premium_videos "HTTP/1.1 302 Found"
2026-05-19 11:28:15,426 INFO HTTP Request: GET https://tgstat.com/channel/@Cardiology_premium_videos "HTTP/1.1 200 OK"
2026-05-19 11:28:15,932 INFO [76/167] @cardiology_premium_videos posts=2 source=tgstat_sample
2026-05-19 11:28:16,448 INFO Trying t.me/s/newdermbooks ...
2026-05-19 11:28:17,264 INFO HTTP Request: GET https://t.me/s/newdermbooks "HTTP/1.1 302 Found"
2026-05-19 11:28:17,546 INFO HTTP Request: GET https://t.me/newdermbooks "HTTP/1.1 200 OK"
2026-05-19 11:28:17,547 INFO TGStat sample for newdermbooks (no public preview)
2026-05-19 11:28:18,238 INFO HTTP Request: GET https://tgstat.com/channel/@newdermbooks "HTTP/1.1 404 Not Found"
2026-05-19 11:28:18,921 INFO HTTP Request: GET https://tgstat.com/channel/@newdermbooks "HTTP/1.1 404 Not Found"
2026-05-19 11:28:19,611 INFO HTTP Request: GET https://tgstat.com/channel/@Newdermbooks "HTTP/1.1 404 Not Found"
2026-05-19 11:28:19,979 INFO [77/167] @newdermbooks posts=0 source=no_public_data
2026-05-19 11:28:20,482 INFO Trying t.me/s/pathology_books ...
2026-05-19 11:28:21,571 INFO HTTP Request: GET https://t.me/s/pathology_books "HTTP/1.1 200 OK"
2026-05-19 11:28:22,553 INFO HTTP Request: GET https://t.me/s/pathology_books?before=222 "HTTP/1.1 200 OK"
2026-05-19 11:28:23,486 INFO HTTP Request: GET https://t.me/s/pathology_books?before=198 "HTTP/1.1 200 OK"
2026-05-19 11:28:24,459 INFO HTTP Request: GET https://t.me/s/pathology_books?before=174 "HTTP/1.1 200 OK"
2026-05-19 11:28:25,438 INFO HTTP Request: GET https://t.me/s/pathology_books?before=152 "HTTP/1.1 200 OK"
2026-05-19 11:28:26,268 INFO HTTP Request: GET https://t.me/s/pathology_books?before=127 "HTTP/1.1 200 OK"
2026-05-19 11:28:26,962 INFO HTTP Request: GET https://t.me/s/pathology_books?before=1 "HTTP/1.1 200 OK"
2026-05-19 11:28:26,994 INFO [78/167] @pathology_books posts=103 source=tme_full_preview
2026-05-19 11:28:27,499 INFO [79/167] skip @surgerynb (cached)
2026-05-19 11:28:27,501 INFO Trying t.me/s/medical_library25 ...
2026-05-19 11:28:28,483 INFO HTTP Request: GET https://t.me/s/medical_library25 "HTTP/1.1 200 OK"
2026-05-19 11:28:29,560 INFO HTTP Request: GET https://t.me/s/medical_library25?before=537 "HTTP/1.1 200 OK"
2026-05-19 11:28:30,580 INFO HTTP Request: GET https://t.me/s/medical_library25?before=515 "HTTP/1.1 200 OK"
2026-05-19 11:28:31,565 INFO HTTP Request: GET https://t.me/s/medical_library25?before=489 "HTTP/1.1 200 OK"
2026-05-19 11:28:32,542 INFO HTTP Request: GET https://t.me/s/medical_library25?before=465 "HTTP/1.1 200 OK"
2026-05-19 11:28:33,650 INFO HTTP Request: GET https://t.me/s/medical_library25?before=445 "HTTP/1.1 200 OK"
2026-05-19 11:28:34,625 INFO HTTP Request: GET https://t.me/s/medical_library25?before=422 "HTTP/1.1 200 OK"
2026-05-19 11:28:35,577 INFO HTTP Request: GET https://t.me/s/medical_library25?before=348 "HTTP/1.1 200 OK"
2026-05-19 11:28:36,584 INFO HTTP Request: GET https://t.me/s/medical_library25?before=308 "HTTP/1.1 200 OK"
2026-05-19 11:28:37,347 INFO HTTP Request: GET https://t.me/s/medical_library25?before=1 "HTTP/1.1 200 OK"
2026-05-19 11:28:37,381 INFO [80/167] @medical_library25 posts=170 source=tme_full_preview
2026-05-19 11:28:37,885 INFO Trying t.me/s/medic_store ...
2026-05-19 11:28:38,997 INFO HTTP Request: GET https://t.me/s/medic_store "HTTP/1.1 200 OK"
2026-05-19 11:28:40,362 INFO HTTP Request: GET https://t.me/s/medic_store?before=142 "HTTP/1.1 200 OK"
2026-05-19 11:28:41,537 INFO HTTP Request: GET https://t.me/s/medic_store?before=120 "HTTP/1.1 200 OK"
2026-05-19 11:28:42,977 INFO HTTP Request: GET https://t.me/s/medic_store?before=87 "HTTP/1.1 200 OK"
2026-05-19 11:28:44,068 INFO HTTP Request: GET https://t.me/s/medic_store?before=51 "HTTP/1.1 200 OK"
2026-05-19 11:28:44,802 INFO HTTP Request: GET https://t.me/s/medic_store?before=1 "HTTP/1.1 200 OK"
2026-05-19 11:28:44,842 INFO [81/167] @medic_store posts=86 source=tme_full_preview
2026-05-19 11:28:45,358 INFO Trying t.me/s/radiology_ebooks ...
2026-05-19 11:28:46,180 INFO HTTP Request: GET https://t.me/s/radiology_ebooks "HTTP/1.1 302 Found"
2026-05-19 11:28:46,461 INFO HTTP Request: GET https://t.me/radiology_ebooks "HTTP/1.1 200 OK"
2026-05-19 11:28:46,462 INFO TGStat sample for radiology_ebooks (no public preview)
2026-05-19 11:28:47,116 INFO HTTP Request: GET https://tgstat.com/channel/@radiology_ebooks "HTTP/1.1 302 Found"
2026-05-19 11:28:49,587 INFO HTTP Request: GET https://in.tgstat.com/channel/@radiology_ebooks "HTTP/1.1 200 OK"
2026-05-19 11:28:50,231 INFO [82/167] @radiology_ebooks posts=9 source=tgstat_sample
2026-05-19 11:28:50,740 INFO [83/167] skip @thesurgerytimes (cached)
2026-05-19 11:28:50,742 INFO Trying t.me/s/surgerybyhamoud ...
2026-05-19 11:28:51,589 INFO HTTP Request: GET https://t.me/s/surgerybyhamoud "HTTP/1.1 302 Found"
2026-05-19 11:28:51,874 INFO HTTP Request: GET https://t.me/surgerybyhamoud "HTTP/1.1 200 OK"
2026-05-19 11:28:51,875 INFO TGStat sample for surgerybyhamoud (no public preview)
2026-05-19 11:28:52,522 INFO HTTP Request: GET https://tgstat.com/channel/@surgerybyhamoud "HTTP/1.1 302 Found"
2026-05-19 11:28:53,928 INFO HTTP Request: GET https://tgstat.com/channel/@SurgeryByHamoud "HTTP/1.1 200 OK"
2026-05-19 11:28:55,300 INFO HTTP Request: GET https://tgstat.com/channel/@surgerybyhamoud "HTTP/1.1 302 Found"
2026-05-19 11:28:56,609 INFO HTTP Request: GET https://tgstat.com/channel/@SurgeryByHamoud "HTTP/1.1 200 OK"
2026-05-19 11:28:57,897 INFO HTTP Request: GET https://tgstat.com/channel/@Surgerybyhamoud "HTTP/1.1 302 Found"
2026-05-19 11:28:59,250 INFO HTTP Request: GET https://tgstat.com/channel/@SurgeryByHamoud "HTTP/1.1 200 OK"
2026-05-19 11:29:00,233 INFO [84/167] @surgerybyhamoud posts=0 source=no_public_data
2026-05-19 11:29:00,751 INFO Trying t.me/s/medicallibrarymax ...
2026-05-19 11:29:01,710 INFO HTTP Request: GET https://t.me/s/medicallibrarymax "HTTP/1.1 200 OK"
2026-05-19 11:29:02,667 INFO HTTP Request: GET https://t.me/s/medicallibrarymax?before=220 "HTTP/1.1 200 OK"
2026-05-19 11:29:03,613 INFO HTTP Request: GET https://t.me/s/medicallibrarymax?before=200 "HTTP/1.1 200 OK"
2026-05-19 11:29:04,665 INFO HTTP Request: GET https://t.me/s/medicallibrarymax?before=180 "HTTP/1.1 200 OK"
2026-05-19 11:29:05,639 INFO HTTP Request: GET https://t.me/s/medicallibrarymax?before=160 "HTTP/1.1 200 OK"
2026-05-19 11:29:06,572 INFO HTTP Request: GET https://t.me/s/medicallibrarymax?before=140 "HTTP/1.1 200 OK"
2026-05-19 11:29:07,650 INFO HTTP Request: GET https://t.me/s/medicallibrarymax?before=120 "HTTP/1.1 200 OK"
2026-05-19 11:29:08,578 INFO HTTP Request: GET https://t.me/s/medicallibrarymax?before=91 "HTTP/1.1 200 OK"
2026-05-19 11:29:09,557 INFO HTTP Request: GET https://t.me/s/medicallibrarymax?before=63 "HTTP/1.1 200 OK"
2026-05-19 11:29:10,492 INFO HTTP Request: GET https://t.me/s/medicallibrarymax?before=38 "HTTP/1.1 200 OK"
2026-05-19 11:29:11,275 INFO HTTP Request: GET https://t.me/s/medicallibrarymax?before=1 "HTTP/1.1 200 OK"
2026-05-19 11:29:11,329 INFO [85/167] @medicallibrarymax posts=185 source=tme_full_preview
2026-05-19 11:29:11,849 INFO Trying t.me/s/medical_ebook_pdfs ...
2026-05-19 11:29:12,681 INFO HTTP Request: GET https://t.me/s/medical_ebook_pdfs "HTTP/1.1 302 Found"
2026-05-19 11:29:12,963 INFO HTTP Request: GET https://t.me/medical_ebook_pdfs "HTTP/1.1 200 OK"
2026-05-19 11:29:12,964 INFO TGStat sample for medical_ebook_pdfs (no public preview)
2026-05-19 11:29:14,095 INFO HTTP Request: GET https://tgstat.com/channel/@medical_ebook_pdfs "HTTP/1.1 404 Not Found"
2026-05-19 11:29:14,766 INFO HTTP Request: GET https://tgstat.com/channel/@medical_ebook_pdfs "HTTP/1.1 404 Not Found"
2026-05-19 11:29:15,483 INFO HTTP Request: GET https://tgstat.com/channel/@Medical_Ebook_Pdfs "HTTP/1.1 404 Not Found"
2026-05-19 11:29:15,847 INFO [86/167] @medical_ebook_pdfs posts=0 source=no_public_data
2026-05-19 11:29:16,347 INFO Trying t.me/s/radiologygoldenbooks ...
2026-05-19 11:29:17,314 INFO HTTP Request: GET https://t.me/s/radiologygoldenbooks "HTTP/1.1 302 Found"
2026-05-19 11:29:17,600 INFO HTTP Request: GET https://t.me/radiologygoldenbooks "HTTP/1.1 200 OK"
2026-05-19 11:29:17,603 INFO TGStat sample for radiologygoldenbooks (no public preview)
2026-05-19 11:29:19,335 INFO HTTP Request: GET https://tgstat.com/channel/@radiologygoldenbooks "HTTP/1.1 200 OK"
2026-05-19 11:29:19,965 INFO [87/167] @radiologygoldenbooks posts=1 source=tgstat_sample
2026-05-19 11:29:20,468 INFO Trying t.me/s/uro_first ...
2026-05-19 11:29:21,315 INFO HTTP Request: GET https://t.me/s/uro_first "HTTP/1.1 302 Found"
2026-05-19 11:29:21,596 INFO HTTP Request: GET https://t.me/uro_first "HTTP/1.1 200 OK"
2026-05-19 11:29:21,596 INFO TGStat sample for uro_first (no public preview)
2026-05-19 11:29:23,474 INFO HTTP Request: GET https://tgstat.com/channel/@uro_first "HTTP/1.1 200 OK"
2026-05-19 11:29:26,113 INFO HTTP Request: GET https://tgstat.com/channel/@uro_first "HTTP/1.1 200 OK"
2026-05-19 11:29:27,405 INFO HTTP Request: GET https://tgstat.com/channel/@Uro_First "HTTP/1.1 302 Found"
2026-05-19 11:29:29,414 INFO HTTP Request: GET https://tgstat.com/channel/@uro_first "HTTP/1.1 200 OK"
2026-05-19 11:29:30,488 INFO [88/167] @uro_first posts=0 source=no_public_data
2026-05-19 11:29:31,008 INFO Trying t.me/s/amcrecall ...
2026-05-19 11:29:31,821 INFO HTTP Request: GET https://t.me/s/amcrecall "HTTP/1.1 302 Found"
2026-05-19 11:29:32,103 INFO HTTP Request: GET https://t.me/amcrecall "HTTP/1.1 200 OK"
2026-05-19 11:29:32,104 INFO TGStat sample for amcrecall (no public preview)
2026-05-19 11:29:32,817 INFO HTTP Request: GET https://tgstat.com/channel/@amcrecall "HTTP/1.1 404 Not Found"
2026-05-19 11:29:33,559 INFO HTTP Request: GET https://tgstat.com/channel/@amcrecall "HTTP/1.1 404 Not Found"
2026-05-19 11:29:34,667 INFO HTTP Request: GET https://tgstat.com/channel/@Amcrecall "HTTP/1.1 404 Not Found"
2026-05-19 11:29:35,033 INFO [89/167] @amcrecall posts=0 source=no_public_data
2026-05-19 11:29:35,543 INFO [90/167] skip @maragia (cached)
2026-05-19 11:29:35,544 INFO [91/167] skip @kmtcnursing (cached)
2026-05-19 11:29:35,545 INFO Trying t.me/s/pharmacologybooks ...
2026-05-19 11:29:36,347 INFO HTTP Request: GET https://t.me/s/pharmacologybooks "HTTP/1.1 302 Found"
2026-05-19 11:29:36,623 INFO HTTP Request: GET https://t.me/pharmacologybooks "HTTP/1.1 200 OK"
2026-05-19 11:29:36,625 INFO TGStat sample for pharmacologybooks (no public preview)
2026-05-19 11:29:37,323 INFO HTTP Request: GET https://tgstat.com/channel/@pharmacologybooks "HTTP/1.1 404 Not Found"
2026-05-19 11:29:38,441 INFO HTTP Request: GET https://tgstat.com/channel/@pharmacologybooks "HTTP/1.1 404 Not Found"
2026-05-19 11:29:39,149 INFO HTTP Request: GET https://tgstat.com/channel/@Pharmacologybooks "HTTP/1.1 404 Not Found"
2026-05-19 11:29:39,503 INFO [92/167] @pharmacologybooks posts=0 source=no_public_data
2026-05-19 11:29:40,010 INFO Trying t.me/s/yurchenkomd ...
2026-05-19 11:29:41,008 INFO HTTP Request: GET https://t.me/s/yurchenkomd "HTTP/1.1 200 OK"
2026-05-19 11:29:41,925 INFO HTTP Request: GET https://t.me/s/yurchenkomd?before=4045 "HTTP/1.1 200 OK"
2026-05-19 11:29:42,891 INFO HTTP Request: GET https://t.me/s/yurchenkomd?before=4024 "HTTP/1.1 200 OK"
2026-05-19 11:29:43,976 INFO HTTP Request: GET https://t.me/s/yurchenkomd?before=4000 "HTTP/1.1 200 OK"
2026-05-19 11:29:45,071 INFO HTTP Request: GET https://t.me/s/yurchenkomd?before=3972 "HTTP/1.1 200 OK"
2026-05-19 11:29:46,121 INFO HTTP Request: GET https://t.me/s/yurchenkomd?before=3948 "HTTP/1.1 200 OK"
2026-05-19 11:29:47,230 INFO HTTP Request: GET https://t.me/s/yurchenkomd?before=3924 "HTTP/1.1 200 OK"
2026-05-19 11:29:48,232 INFO HTTP Request: GET https://t.me/s/yurchenkomd?before=3903 "HTTP/1.1 200 OK"
2026-05-19 11:29:49,272 INFO HTTP Request: GET https://t.me/s/yurchenkomd?before=3880 "HTTP/1.1 200 OK"
2026-05-19 11:29:50,287 INFO HTTP Request: GET https://t.me/s/yurchenkomd?before=3859 "HTTP/1.1 200 OK"
2026-05-19 11:29:51,312 INFO HTTP Request: GET https://t.me/s/yurchenkomd?before=3835 "HTTP/1.1 200 OK"
2026-05-19 11:29:52,310 INFO HTTP Request: GET https://t.me/s/yurchenkomd?before=3802 "HTTP/1.1 200 OK"
2026-05-19 11:29:53,338 INFO HTTP Request: GET https://t.me/s/yurchenkomd?before=3779 "HTTP/1.1 200 OK"
2026-05-19 11:29:54,414 INFO HTTP Request: GET https://t.me/s/yurchenkomd?before=3755 "HTTP/1.1 200 OK"
2026-05-19 11:29:55,384 INFO HTTP Request: GET https://t.me/s/yurchenkomd?before=3732 "HTTP/1.1 200 OK"
2026-05-19 11:29:56,461 INFO HTTP Request: GET https://t.me/s/yurchenkomd?before=3712 "HTTP/1.1 200 OK"
2026-05-19 11:29:57,462 INFO HTTP Request: GET https://t.me/s/yurchenkomd?before=3689 "HTTP/1.1 200 OK"
2026-05-19 11:29:58,416 INFO HTTP Request: GET https://t.me/s/yurchenkomd?before=3664 "HTTP/1.1 200 OK"
2026-05-19 11:29:59,608 INFO HTTP Request: GET https://t.me/s/yurchenkomd?before=3644 "HTTP/1.1 200 OK"
2026-05-19 11:30:00,609 INFO HTTP Request: GET https://t.me/s/yurchenkomd?before=3620 "HTTP/1.1 200 OK"
2026-05-19 11:30:01,741 INFO HTTP Request: GET https://t.me/s/yurchenkomd?before=3596 "HTTP/1.1 200 OK"
2026-05-19 11:30:02,757 INFO HTTP Request: GET https://t.me/s/yurchenkomd?before=3572 "HTTP/1.1 200 OK"
2026-05-19 11:30:03,787 INFO HTTP Request: GET https://t.me/s/yurchenkomd?before=3549 "HTTP/1.1 200 OK"
2026-05-19 11:30:04,830 INFO HTTP Request: GET https://t.me/s/yurchenkomd?before=3520 "HTTP/1.1 200 OK"
2026-05-19 11:30:05,875 INFO HTTP Request: GET https://t.me/s/yurchenkomd?before=3495 "HTTP/1.1 200 OK"
2026-05-19 11:30:06,889 INFO HTTP Request: GET https://t.me/s/yurchenkomd?before=3472 "HTTP/1.1 200 OK"
2026-05-19 11:30:07,897 INFO HTTP Request: GET https://t.me/s/yurchenkomd?before=3444 "HTTP/1.1 200 OK"
2026-05-19 11:30:08,915 INFO HTTP Request: GET https://t.me/s/yurchenkomd?before=3422 "HTTP/1.1 200 OK"
2026-05-19 11:30:09,963 INFO HTTP Request: GET https://t.me/s/yurchenkomd?before=3397 "HTTP/1.1 200 OK"
2026-05-19 11:30:11,028 INFO HTTP Request: GET https://t.me/s/yurchenkomd?before=3372 "HTTP/1.1 200 OK"
2026-05-19 11:30:12,034 INFO HTTP Request: GET https://t.me/s/yurchenkomd?before=3350 "HTTP/1.1 200 OK"
2026-05-19 11:30:13,054 INFO HTTP Request: GET https://t.me/s/yurchenkomd?before=3325 "HTTP/1.1 200 OK"
2026-05-19 11:30:14,088 INFO HTTP Request: GET https://t.me/s/yurchenkomd?before=3301 "HTTP/1.1 200 OK"
2026-05-19 11:30:15,122 INFO HTTP Request: GET https://t.me/s/yurchenkomd?before=3277 "HTTP/1.1 200 OK"
2026-05-19 11:30:16,134 INFO HTTP Request: GET https://t.me/s/yurchenkomd?before=3255 "HTTP/1.1 200 OK"
2026-05-19 11:30:17,166 INFO HTTP Request: GET https://t.me/s/yurchenkomd?before=3230 "HTTP/1.1 200 OK"
2026-05-19 11:30:18,225 INFO HTTP Request: GET https://t.me/s/yurchenkomd?before=3210 "HTTP/1.1 200 OK"
2026-05-19 11:30:19,355 INFO HTTP Request: GET https://t.me/s/yurchenkomd?before=3188 "HTTP/1.1 200 OK"
2026-05-19 11:30:20,335 INFO HTTP Request: GET https://t.me/s/yurchenkomd?before=3166 "HTTP/1.1 200 OK"
2026-05-19 11:30:21,395 INFO HTTP Request: GET https://t.me/s/yurchenkomd?before=3143 "HTTP/1.1 200 OK"
2026-05-19 11:30:22,411 INFO HTTP Request: GET https://t.me/s/yurchenkomd?before=3120 "HTTP/1.1 200 OK"
2026-05-19 11:30:23,397 INFO HTTP Request: GET https://t.me/s/yurchenkomd?before=3095 "HTTP/1.1 200 OK"
2026-05-19 11:30:24,456 INFO HTTP Request: GET https://t.me/s/yurchenkomd?before=3071 "HTTP/1.1 200 OK"
2026-05-19 11:30:25,421 INFO HTTP Request: GET https://t.me/s/yurchenkomd?before=3046 "HTTP/1.1 200 OK"
2026-05-19 11:30:26,372 INFO HTTP Request: GET https://t.me/s/yurchenkomd?before=3024 "HTTP/1.1 200 OK"
2026-05-19 11:30:27,387 INFO HTTP Request: GET https://t.me/s/yurchenkomd?before=3003 "HTTP/1.1 200 OK"
2026-05-19 11:30:28,427 INFO HTTP Request: GET https://t.me/s/yurchenkomd?before=2972 "HTTP/1.1 200 OK"
2026-05-19 11:30:29,440 INFO HTTP Request: GET https://t.me/s/yurchenkomd?before=2947 "HTTP/1.1 200 OK"
2026-05-19 11:30:30,509 INFO HTTP Request: GET https://t.me/s/yurchenkomd?before=2921 "HTTP/1.1 200 OK"
2026-05-19 11:30:31,582 INFO HTTP Request: GET https://t.me/s/yurchenkomd?before=2895 "HTTP/1.1 200 OK"
2026-05-19 11:30:32,612 INFO HTTP Request: GET https://t.me/s/yurchenkomd?before=2875 "HTTP/1.1 200 OK"
2026-05-19 11:30:33,669 INFO HTTP Request: GET https://t.me/s/yurchenkomd?before=2850 "HTTP/1.1 200 OK"
2026-05-19 11:30:34,607 INFO HTTP Request: GET https://t.me/s/yurchenkomd?before=2827 "HTTP/1.1 200 OK"
2026-05-19 11:30:35,646 INFO HTTP Request: GET https://t.me/s/yurchenkomd?before=2805 "HTTP/1.1 200 OK"
2026-05-19 11:30:36,762 INFO HTTP Request: GET https://t.me/s/yurchenkomd?before=2772 "HTTP/1.1 200 OK"
2026-05-19 11:30:37,868 INFO HTTP Request: GET https://t.me/s/yurchenkomd?before=2745 "HTTP/1.1 200 OK"
2026-05-19 11:30:38,916 INFO HTTP Request: GET https://t.me/s/yurchenkomd?before=2716 "HTTP/1.1 200 OK"
2026-05-19 11:30:39,949 INFO HTTP Request: GET https://t.me/s/yurchenkomd?before=2689 "HTTP/1.1 200 OK"
2026-05-19 11:30:41,000 INFO HTTP Request: GET https://t.me/s/yurchenkomd?before=2660 "HTTP/1.1 200 OK"
2026-05-19 11:30:42,023 INFO HTTP Request: GET https://t.me/s/yurchenkomd?before=2640 "HTTP/1.1 200 OK"
2026-05-19 11:30:42,988 INFO HTTP Request: GET https://t.me/s/yurchenkomd?before=2618 "HTTP/1.1 200 OK"
2026-05-19 11:30:44,000 INFO HTTP Request: GET https://t.me/s/yurchenkomd?before=2589 "HTTP/1.1 200 OK"
2026-05-19 11:30:45,145 INFO HTTP Request: GET https://t.me/s/yurchenkomd?before=2561 "HTTP/1.1 200 OK"
2026-05-19 11:30:46,100 INFO HTTP Request: GET https://t.me/s/yurchenkomd?before=2524 "HTTP/1.1 200 OK"
2026-05-19 11:30:47,099 INFO HTTP Request: GET https://t.me/s/yurchenkomd?before=2491 "HTTP/1.1 200 OK"
2026-05-19 11:30:48,230 INFO HTTP Request: GET https://t.me/s/yurchenkomd?before=2471 "HTTP/1.1 200 OK"
2026-05-19 11:30:49,302 INFO HTTP Request: GET https://t.me/s/yurchenkomd?before=2440 "HTTP/1.1 200 OK"
2026-05-19 11:30:50,335 INFO HTTP Request: GET https://t.me/s/yurchenkomd?before=2397 "HTTP/1.1 200 OK"
2026-05-19 11:30:51,387 INFO HTTP Request: GET https://t.me/s/yurchenkomd?before=2374 "HTTP/1.1 200 OK"
2026-05-19 11:30:52,437 INFO HTTP Request: GET https://t.me/s/yurchenkomd?before=2347 "HTTP/1.1 200 OK"
2026-05-19 11:30:53,472 INFO HTTP Request: GET https://t.me/s/yurchenkomd?before=2322 "HTTP/1.1 200 OK"
2026-05-19 11:30:54,458 INFO HTTP Request: GET https://t.me/s/yurchenkomd?before=2297 "HTTP/1.1 200 OK"
2026-05-19 11:30:55,465 INFO HTTP Request: GET https://t.me/s/yurchenkomd?before=2268 "HTTP/1.1 200 OK"
2026-05-19 11:30:56,437 INFO HTTP Request: GET https://t.me/s/yurchenkomd?before=2245 "HTTP/1.1 200 OK"
2026-05-19 11:30:57,426 INFO HTTP Request: GET https://t.me/s/yurchenkomd?before=2223 "HTTP/1.1 200 OK"
2026-05-19 11:30:58,473 INFO HTTP Request: GET https://t.me/s/yurchenkomd?before=2197 "HTTP/1.1 200 OK"
2026-05-19 11:30:59,419 INFO HTTP Request: GET https://t.me/s/yurchenkomd?before=2176 "HTTP/1.1 200 OK"
2026-05-19 11:31:00,369 INFO HTTP Request: GET https://t.me/s/yurchenkomd?before=2152 "HTTP/1.1 200 OK"
2026-05-19 11:31:01,402 INFO HTTP Request: GET https://t.me/s/yurchenkomd?before=2132 "HTTP/1.1 200 OK"
2026-05-19 11:31:02,385 INFO HTTP Request: GET https://t.me/s/yurchenkomd?before=2102 "HTTP/1.1 200 OK"
2026-05-19 11:31:03,323 INFO HTTP Request: GET https://t.me/s/yurchenkomd?before=2080 "HTTP/1.1 200 OK"
2026-05-19 11:31:04,281 INFO HTTP Request: GET https://t.me/s/yurchenkomd?before=2036 "HTTP/1.1 200 OK"
2026-05-19 11:31:05,287 INFO HTTP Request: GET https://t.me/s/yurchenkomd?before=2016 "HTTP/1.1 200 OK"
2026-05-19 11:31:06,292 INFO HTTP Request: GET https://t.me/s/yurchenkomd?before=1995 "HTTP/1.1 200 OK"
2026-05-19 11:31:07,401 INFO HTTP Request: GET https://t.me/s/yurchenkomd?before=1966 "HTTP/1.1 200 OK"
2026-05-19 11:31:08,365 INFO HTTP Request: GET https://t.me/s/yurchenkomd?before=1941 "HTTP/1.1 200 OK"
2026-05-19 11:31:09,356 INFO HTTP Request: GET https://t.me/s/yurchenkomd?before=1915 "HTTP/1.1 200 OK"
2026-05-19 11:31:10,324 INFO HTTP Request: GET https://t.me/s/yurchenkomd?before=1893 "HTTP/1.1 200 OK"
2026-05-19 11:31:11,285 INFO HTTP Request: GET https://t.me/s/yurchenkomd?before=1873 "HTTP/1.1 200 OK"
2026-05-19 11:31:12,258 INFO HTTP Request: GET https://t.me/s/yurchenkomd?before=1848 "HTTP/1.1 200 OK"
2026-05-19 11:31:13,254 INFO HTTP Request: GET https://t.me/s/yurchenkomd?before=1821 "HTTP/1.1 200 OK"
2026-05-19 11:31:14,210 INFO HTTP Request: GET https://t.me/s/yurchenkomd?before=1783 "HTTP/1.1 200 OK"
2026-05-19 11:31:15,183 INFO HTTP Request: GET https://t.me/s/yurchenkomd?before=1753 "HTTP/1.1 200 OK"
2026-05-19 11:31:16,047 INFO HTTP Request: GET https://t.me/s/yurchenkomd?before=1732 "HTTP/1.1 200 OK"
2026-05-19 11:31:17,056 INFO HTTP Request: GET https://t.me/s/yurchenkomd?before=1712 "HTTP/1.1 200 OK"
2026-05-19 11:31:17,946 INFO HTTP Request: GET https://t.me/s/yurchenkomd?before=1685 "HTTP/1.1 200 OK"
2026-05-19 11:31:18,930 INFO HTTP Request: GET https://t.me/s/yurchenkomd?before=1665 "HTTP/1.1 200 OK"
2026-05-19 11:31:19,811 INFO HTTP Request: GET https://t.me/s/yurchenkomd?before=1637 "HTTP/1.1 200 OK"
2026-05-19 11:31:20,689 INFO HTTP Request: GET https://t.me/s/yurchenkomd?before=1617 "HTTP/1.1 200 OK"
2026-05-19 11:31:21,609 INFO HTTP Request: GET https://t.me/s/yurchenkomd?before=1597 "HTTP/1.1 200 OK"
2026-05-19 11:31:22,519 INFO HTTP Request: GET https://t.me/s/yurchenkomd?before=1577 "HTTP/1.1 200 OK"
2026-05-19 11:31:23,441 INFO HTTP Request: GET https://t.me/s/yurchenkomd?before=1551 "HTTP/1.1 200 OK"
2026-05-19 11:31:24,394 INFO HTTP Request: GET https://t.me/s/yurchenkomd?before=1526 "HTTP/1.1 200 OK"
2026-05-19 11:31:25,296 INFO HTTP Request: GET https://t.me/s/yurchenkomd?before=1504 "HTTP/1.1 200 OK"
2026-05-19 11:31:26,164 INFO HTTP Request: GET https://t.me/s/yurchenkomd?before=1484 "HTTP/1.1 200 OK"
2026-05-19 11:31:27,045 INFO HTTP Request: GET https://t.me/s/yurchenkomd?before=1464 "HTTP/1.1 200 OK"
2026-05-19 11:31:27,977 INFO HTTP Request: GET https://t.me/s/yurchenkomd?before=1444 "HTTP/1.1 200 OK"
2026-05-19 11:31:28,900 INFO HTTP Request: GET https://t.me/s/yurchenkomd?before=1420 "HTTP/1.1 200 OK"
2026-05-19 11:31:29,797 INFO HTTP Request: GET https://t.me/s/yurchenkomd?before=1394 "HTTP/1.1 200 OK"
2026-05-19 11:31:30,644 INFO HTTP Request: GET https://t.me/s/yurchenkomd?before=1374 "HTTP/1.1 200 OK"
2026-05-19 11:31:31,551 INFO HTTP Request: GET https://t.me/s/yurchenkomd?before=1354 "HTTP/1.1 200 OK"
2026-05-19 11:31:32,429 INFO HTTP Request: GET https://t.me/s/yurchenkomd?before=1325 "HTTP/1.1 200 OK"
2026-05-19 11:31:33,296 INFO HTTP Request: GET https://t.me/s/yurchenkomd?before=1303 "HTTP/1.1 200 OK"
2026-05-19 11:31:34,146 INFO HTTP Request: GET https://t.me/s/yurchenkomd?before=1283 "HTTP/1.1 200 OK"
2026-05-19 11:31:35,046 INFO HTTP Request: GET https://t.me/s/yurchenkomd?before=1262 "HTTP/1.1 200 OK"
2026-05-19 11:31:35,991 INFO HTTP Request: GET https://t.me/s/yurchenkomd?before=1242 "HTTP/1.1 200 OK"
2026-05-19 11:31:36,932 INFO HTTP Request: GET https://t.me/s/yurchenkomd?before=1215 "HTTP/1.1 200 OK"
2026-05-19 11:31:37,847 INFO HTTP Request: GET https://t.me/s/yurchenkomd?before=1191 "HTTP/1.1 200 OK"
2026-05-19 11:31:38,773 INFO HTTP Request: GET https://t.me/s/yurchenkomd?before=1171 "HTTP/1.1 200 OK"
2026-05-19 11:31:39,669 INFO HTTP Request: GET https://t.me/s/yurchenkomd?before=1151 "HTTP/1.1 200 OK"
2026-05-19 11:31:40,111 INFO [93/167] @yurchenkomd posts=741 source=tme_full_preview
2026-05-19 11:31:40,623 INFO [94/167] skip @amcmcq (cached)
2026-05-19 11:31:40,624 INFO Trying t.me/s/yogabookspdf ...
2026-05-19 11:31:41,623 INFO HTTP Request: GET https://t.me/s/yogabookspdf "HTTP/1.1 200 OK"
2026-05-19 11:31:42,660 INFO HTTP Request: GET https://t.me/s/yogabookspdf?before=4235 "HTTP/1.1 200 OK"
2026-05-19 11:31:43,759 INFO HTTP Request: GET https://t.me/s/yogabookspdf?before=4215 "HTTP/1.1 200 OK"
2026-05-19 11:31:44,760 INFO HTTP Request: GET https://t.me/s/yogabookspdf?before=4194 "HTTP/1.1 200 OK"
2026-05-19 11:31:45,695 INFO HTTP Request: GET https://t.me/s/yogabookspdf?before=4174 "HTTP/1.1 200 OK"
2026-05-19 11:31:46,812 INFO HTTP Request: GET https://t.me/s/yogabookspdf?before=4154 "HTTP/1.1 200 OK"
2026-05-19 11:31:47,901 INFO HTTP Request: GET https://t.me/s/yogabookspdf?before=4133 "HTTP/1.1 200 OK"
2026-05-19 11:31:48,941 INFO HTTP Request: GET https://t.me/s/yogabookspdf?before=4113 "HTTP/1.1 200 OK"
2026-05-19 11:31:50,018 INFO HTTP Request: GET https://t.me/s/yogabookspdf?before=4092 "HTTP/1.1 200 OK"
2026-05-19 11:31:50,940 INFO HTTP Request: GET https://t.me/s/yogabookspdf?before=4071 "HTTP/1.1 200 OK"
2026-05-19 11:31:51,878 INFO HTTP Request: GET https://t.me/s/yogabookspdf?before=4048 "HTTP/1.1 200 OK"
2026-05-19 11:31:52,796 INFO HTTP Request: GET https://t.me/s/yogabookspdf?before=4028 "HTTP/1.1 200 OK"
2026-05-19 11:31:53,785 INFO HTTP Request: GET https://t.me/s/yogabookspdf?before=4007 "HTTP/1.1 200 OK"
2026-05-19 11:31:54,685 INFO HTTP Request: GET https://t.me/s/yogabookspdf?before=3986 "HTTP/1.1 200 OK"
2026-05-19 11:31:55,648 INFO HTTP Request: GET https://t.me/s/yogabookspdf?before=3965 "HTTP/1.1 200 OK"
2026-05-19 11:31:56,597 INFO HTTP Request: GET https://t.me/s/yogabookspdf?before=3944 "HTTP/1.1 200 OK"
2026-05-19 11:31:57,596 INFO HTTP Request: GET https://t.me/s/yogabookspdf?before=3924 "HTTP/1.1 200 OK"
2026-05-19 11:31:58,911 INFO HTTP Request: GET https://t.me/s/yogabookspdf?before=3903 "HTTP/1.1 200 OK"
2026-05-19 11:32:00,025 INFO HTTP Request: GET https://t.me/s/yogabookspdf?before=3882 "HTTP/1.1 200 OK"
2026-05-19 11:32:01,008 INFO HTTP Request: GET https://t.me/s/yogabookspdf?before=3857 "HTTP/1.1 200 OK"
2026-05-19 11:32:02,178 INFO HTTP Request: GET https://t.me/s/yogabookspdf?before=3837 "HTTP/1.1 200 OK"
2026-05-19 11:32:03,310 INFO HTTP Request: GET https://t.me/s/yogabookspdf?before=3817 "HTTP/1.1 200 OK"
2026-05-19 11:32:04,321 INFO HTTP Request: GET https://t.me/s/yogabookspdf?before=3797 "HTTP/1.1 200 OK"
2026-05-19 11:32:05,404 INFO HTTP Request: GET https://t.me/s/yogabookspdf?before=3776 "HTTP/1.1 200 OK"
2026-05-19 11:32:06,480 INFO HTTP Request: GET https://t.me/s/yogabookspdf?before=3756 "HTTP/1.1 200 OK"
2026-05-19 11:32:07,528 INFO HTTP Request: GET https://t.me/s/yogabookspdf?before=3736 "HTTP/1.1 200 OK"
2026-05-19 11:32:08,586 INFO HTTP Request: GET https://t.me/s/yogabookspdf?before=3716 "HTTP/1.1 200 OK"
2026-05-19 11:32:09,760 INFO HTTP Request: GET https://t.me/s/yogabookspdf?before=3696 "HTTP/1.1 200 OK"
2026-05-19 11:32:10,943 INFO HTTP Request: GET https://t.me/s/yogabookspdf?before=3676 "HTTP/1.1 200 OK"
2026-05-19 11:32:12,122 INFO HTTP Request: GET https://t.me/s/yogabookspdf?before=3656 "HTTP/1.1 200 OK"
2026-05-19 11:32:13,312 INFO HTTP Request: GET https://t.me/s/yogabookspdf?before=3634 "HTTP/1.1 200 OK"
2026-05-19 11:32:14,380 INFO HTTP Request: GET https://t.me/s/yogabookspdf?before=3614 "HTTP/1.1 200 OK"
2026-05-19 11:32:15,477 INFO HTTP Request: GET https://t.me/s/yogabookspdf?before=3592 "HTTP/1.1 200 OK"
2026-05-19 11:32:16,556 INFO HTTP Request: GET https://t.me/s/yogabookspdf?before=3572 "HTTP/1.1 200 OK"
2026-05-19 11:32:17,726 INFO HTTP Request: GET https://t.me/s/yogabookspdf?before=3552 "HTTP/1.1 200 OK"
2026-05-19 11:32:19,004 INFO HTTP Request: GET https://t.me/s/yogabookspdf?before=3532 "HTTP/1.1 200 OK"
2026-05-19 11:32:20,242 INFO HTTP Request: GET https://t.me/s/yogabookspdf?before=3512 "HTTP/1.1 200 OK"
2026-05-19 11:32:21,333 INFO HTTP Request: GET https://t.me/s/yogabookspdf?before=3492 "HTTP/1.1 200 OK"
2026-05-19 11:32:22,383 INFO HTTP Request: GET https://t.me/s/yogabookspdf?before=3472 "HTTP/1.1 200 OK"
2026-05-19 11:32:23,691 INFO HTTP Request: GET https://t.me/s/yogabookspdf?before=3452 "HTTP/1.1 200 OK"
2026-05-19 11:32:24,784 INFO HTTP Request: GET https://t.me/s/yogabookspdf?before=3430 "HTTP/1.1 200 OK"
2026-05-19 11:32:26,010 INFO HTTP Request: GET https://t.me/s/yogabookspdf?before=3409 "HTTP/1.1 200 OK"
2026-05-19 11:32:27,106 INFO HTTP Request: GET https://t.me/s/yogabookspdf?before=3389 "HTTP/1.1 200 OK"
2026-05-19 11:32:28,126 INFO HTTP Request: GET https://t.me/s/yogabookspdf?before=3369 "HTTP/1.1 200 OK"
2026-05-19 11:32:29,171 INFO HTTP Request: GET https://t.me/s/yogabookspdf?before=3349 "HTTP/1.1 200 OK"
2026-05-19 11:32:30,305 INFO HTTP Request: GET https://t.me/s/yogabookspdf?before=3329 "HTTP/1.1 200 OK"
2026-05-19 11:32:31,396 INFO HTTP Request: GET https://t.me/s/yogabookspdf?before=3305 "HTTP/1.1 200 OK"
2026-05-19 11:32:32,512 INFO HTTP Request: GET https://t.me/s/yogabookspdf?before=3285 "HTTP/1.1 200 OK"
2026-05-19 11:32:33,737 INFO HTTP Request: GET https://t.me/s/yogabookspdf?before=3263 "HTTP/1.1 200 OK"
2026-05-19 11:32:34,937 INFO HTTP Request: GET https://t.me/s/yogabookspdf?before=3243 "HTTP/1.1 200 OK"
2026-05-19 11:32:36,414 INFO HTTP Request: GET https://t.me/s/yogabookspdf?before=3220 "HTTP/1.1 200 OK"
2026-05-19 11:32:37,482 INFO HTTP Request: GET https://t.me/s/yogabookspdf?before=3199 "HTTP/1.1 200 OK"
2026-05-19 11:32:38,624 INFO HTTP Request: GET https://t.me/s/yogabookspdf?before=3179 "HTTP/1.1 200 OK"
2026-05-19 11:32:39,576 INFO HTTP Request: GET https://t.me/s/yogabookspdf?before=3158 "HTTP/1.1 200 OK"
2026-05-19 11:32:40,549 INFO HTTP Request: GET https://t.me/s/yogabookspdf?before=3138 "HTTP/1.1 200 OK"
2026-05-19 11:32:41,564 INFO HTTP Request: GET https://t.me/s/yogabookspdf?before=3116 "HTTP/1.1 200 OK"
2026-05-19 11:32:42,569 INFO HTTP Request: GET https://t.me/s/yogabookspdf?before=3096 "HTTP/1.1 200 OK"
2026-05-19 11:32:43,550 INFO HTTP Request: GET https://t.me/s/yogabookspdf?before=3074 "HTTP/1.1 200 OK"
2026-05-19 11:32:44,579 INFO HTTP Request: GET https://t.me/s/yogabookspdf?before=3054 "HTTP/1.1 200 OK"
2026-05-19 11:32:45,487 INFO HTTP Request: GET https://t.me/s/yogabookspdf?before=3033 "HTTP/1.1 200 OK"
2026-05-19 11:32:46,583 INFO HTTP Request: GET https://t.me/s/yogabookspdf?before=3012 "HTTP/1.1 200 OK"
2026-05-19 11:32:47,613 INFO HTTP Request: GET https://t.me/s/yogabookspdf?before=2992 "HTTP/1.1 200 OK"
2026-05-19 11:32:48,701 INFO HTTP Request: GET https://t.me/s/yogabookspdf?before=2972 "HTTP/1.1 200 OK"
2026-05-19 11:32:49,610 INFO HTTP Request: GET https://t.me/s/yogabookspdf?before=2952 "HTTP/1.1 200 OK"
2026-05-19 11:32:50,573 INFO HTTP Request: GET https://t.me/s/yogabookspdf?before=2931 "HTTP/1.1 200 OK"
2026-05-19 11:32:51,480 INFO HTTP Request: GET https://t.me/s/yogabookspdf?before=2911 "HTTP/1.1 200 OK"
2026-05-19 11:32:52,388 INFO HTTP Request: GET https://t.me/s/yogabookspdf?before=2891 "HTTP/1.1 200 OK"
2026-05-19 11:32:53,237 INFO HTTP Request: GET https://t.me/s/yogabookspdf?before=2870 "HTTP/1.1 200 OK"
2026-05-19 11:32:54,094 INFO HTTP Request: GET https://t.me/s/yogabookspdf?before=2850 "HTTP/1.1 200 OK"
2026-05-19 11:32:54,972 INFO HTTP Request: GET https://t.me/s/yogabookspdf?before=2830 "HTTP/1.1 200 OK"
2026-05-19 11:32:55,854 INFO HTTP Request: GET https://t.me/s/yogabookspdf?before=2807 "HTTP/1.1 200 OK"
2026-05-19 11:32:56,770 INFO HTTP Request: GET https://t.me/s/yogabookspdf?before=2787 "HTTP/1.1 200 OK"
2026-05-19 11:32:57,679 INFO HTTP Request: GET https://t.me/s/yogabookspdf?before=2767 "HTTP/1.1 200 OK"
2026-05-19 11:32:58,682 INFO HTTP Request: GET https://t.me/s/yogabookspdf?before=2746 "HTTP/1.1 200 OK"
2026-05-19 11:32:59,604 INFO HTTP Request: GET https://t.me/s/yogabookspdf?before=2723 "HTTP/1.1 200 OK"
2026-05-19 11:33:00,583 INFO HTTP Request: GET https://t.me/s/yogabookspdf?before=2703 "HTTP/1.1 200 OK"
2026-05-19 11:33:01,527 INFO HTTP Request: GET https://t.me/s/yogabookspdf?before=2683 "HTTP/1.1 200 OK"
2026-05-19 11:33:02,402 INFO HTTP Request: GET https://t.me/s/yogabookspdf?before=2662 "HTTP/1.1 200 OK"
2026-05-19 11:33:03,284 INFO HTTP Request: GET https://t.me/s/yogabookspdf?before=2641 "HTTP/1.1 200 OK"
2026-05-19 11:33:04,169 INFO HTTP Request: GET https://t.me/s/yogabookspdf?before=2620 "HTTP/1.1 200 OK"
2026-05-19 11:33:05,032 INFO HTTP Request: GET https://t.me/s/yogabookspdf?before=2599 "HTTP/1.1 200 OK"
2026-05-19 11:33:05,933 INFO HTTP Request: GET https://t.me/s/yogabookspdf?before=2578 "HTTP/1.1 200 OK"
2026-05-19 11:33:06,801 INFO HTTP Request: GET https://t.me/s/yogabookspdf?before=2558 "HTTP/1.1 200 OK"
2026-05-19 11:33:07,779 INFO HTTP Request: GET https://t.me/s/yogabookspdf?before=2538 "HTTP/1.1 200 OK"
2026-05-19 11:33:08,741 INFO HTTP Request: GET https://t.me/s/yogabookspdf?before=2518 "HTTP/1.1 200 OK"
2026-05-19 11:33:09,769 INFO HTTP Request: GET https://t.me/s/yogabookspdf?before=2498 "HTTP/1.1 200 OK"
2026-05-19 11:33:10,765 INFO HTTP Request: GET https://t.me/s/yogabookspdf?before=2477 "HTTP/1.1 200 OK"
2026-05-19 11:33:11,741 INFO HTTP Request: GET https://t.me/s/yogabookspdf?before=2457 "HTTP/1.1 200 OK"
2026-05-19 11:33:12,682 INFO HTTP Request: GET https://t.me/s/yogabookspdf?before=2437 "HTTP/1.1 200 OK"
2026-05-19 11:33:13,528 INFO HTTP Request: GET https://t.me/s/yogabookspdf?before=2417 "HTTP/1.1 200 OK"
2026-05-19 11:33:14,414 INFO HTTP Request: GET https://t.me/s/yogabookspdf?before=2397 "HTTP/1.1 200 OK"
2026-05-19 11:33:15,272 INFO HTTP Request: GET https://t.me/s/yogabookspdf?before=2373 "HTTP/1.1 200 OK"
2026-05-19 11:33:16,121 INFO HTTP Request: GET https://t.me/s/yogabookspdf?before=2353 "HTTP/1.1 200 OK"
2026-05-19 11:33:16,910 INFO HTTP Request: GET https://t.me/s/yogabookspdf?before=2331 "HTTP/1.1 200 OK"
2026-05-19 11:33:18,007 INFO HTTP Request: GET https://t.me/s/yogabookspdf?before=2311 "HTTP/1.1 200 OK"
2026-05-19 11:33:18,974 INFO HTTP Request: GET https://t.me/s/yogabookspdf?before=2291 "HTTP/1.1 200 OK"
2026-05-19 11:33:19,929 INFO HTTP Request: GET https://t.me/s/yogabookspdf?before=2268 "HTTP/1.1 200 OK"
2026-05-19 11:33:20,893 INFO HTTP Request: GET https://t.me/s/yogabookspdf?before=2248 "HTTP/1.1 200 OK"
2026-05-19 11:33:21,900 INFO HTTP Request: GET https://t.me/s/yogabookspdf?before=2228 "HTTP/1.1 200 OK"
2026-05-19 11:33:22,742 INFO HTTP Request: GET https://t.me/s/yogabookspdf?before=2208 "HTTP/1.1 200 OK"
2026-05-19 11:33:23,613 INFO HTTP Request: GET https://t.me/s/yogabookspdf?before=2188 "HTTP/1.1 200 OK"
2026-05-19 11:33:24,675 INFO HTTP Request: GET https://t.me/s/yogabookspdf?before=2168 "HTTP/1.1 200 OK"
2026-05-19 11:33:25,559 INFO HTTP Request: GET https://t.me/s/yogabookspdf?before=2148 "HTTP/1.1 200 OK"
2026-05-19 11:33:26,511 INFO HTTP Request: GET https://t.me/s/yogabookspdf?before=2125 "HTTP/1.1 200 OK"
2026-05-19 11:33:27,423 INFO HTTP Request: GET https://t.me/s/yogabookspdf?before=2104 "HTTP/1.1 200 OK"
2026-05-19 11:33:28,326 INFO HTTP Request: GET https://t.me/s/yogabookspdf?before=2083 "HTTP/1.1 200 OK"
2026-05-19 11:33:29,140 INFO HTTP Request: GET https://t.me/s/yogabookspdf?before=2058 "HTTP/1.1 200 OK"
2026-05-19 11:33:30,234 INFO HTTP Request: GET https://t.me/s/yogabookspdf?before=2038 "HTTP/1.1 200 OK"
2026-05-19 11:33:31,077 INFO HTTP Request: GET https://t.me/s/yogabookspdf?before=2017 "HTTP/1.1 200 OK"
2026-05-19 11:33:32,107 INFO HTTP Request: GET https://t.me/s/yogabookspdf?before=1997 "HTTP/1.1 200 OK"
2026-05-19 11:33:33,042 INFO HTTP Request: GET https://t.me/s/yogabookspdf?before=1977 "HTTP/1.1 200 OK"
2026-05-19 11:33:34,135 INFO HTTP Request: GET https://t.me/s/yogabookspdf?before=1951 "HTTP/1.1 200 OK"
2026-05-19 11:33:35,016 INFO HTTP Request: GET https://t.me/s/yogabookspdf?before=1931 "HTTP/1.1 200 OK"
2026-05-19 11:33:35,861 INFO HTTP Request: GET https://t.me/s/yogabookspdf?before=1911 "HTTP/1.1 200 OK"
2026-05-19 11:33:36,671 INFO HTTP Request: GET https://t.me/s/yogabookspdf?before=1891 "HTTP/1.1 200 OK"
2026-05-19 11:33:37,494 INFO HTTP Request: GET https://t.me/s/yogabookspdf?before=1870 "HTTP/1.1 200 OK"
2026-05-19 11:33:38,310 INFO HTTP Request: GET https://t.me/s/yogabookspdf?before=1850 "HTTP/1.1 200 OK"
2026-05-19 11:33:39,095 INFO HTTP Request: GET https://t.me/s/yogabookspdf?before=1828 "HTTP/1.1 200 OK"
2026-05-19 11:33:39,967 INFO HTTP Request: GET https://t.me/s/yogabookspdf?before=1808 "HTTP/1.1 200 OK"
2026-05-19 11:33:40,804 INFO HTTP Request: GET https://t.me/s/yogabookspdf?before=1784 "HTTP/1.1 200 OK"
2026-05-19 11:33:41,506 INFO [95/167] @yogabookspdf posts=2123 source=tme_full_preview
2026-05-19 11:33:42,019 INFO Trying t.me/s/bibliomed02 ...
2026-05-19 11:33:42,814 INFO HTTP Request: GET https://t.me/s/bibliomed02 "HTTP/1.1 302 Found"
2026-05-19 11:33:43,088 INFO HTTP Request: GET https://t.me/bibliomed02 "HTTP/1.1 200 OK"
2026-05-19 11:33:43,090 INFO TGStat sample for bibliomed02 (no public preview)
2026-05-19 11:33:45,612 INFO HTTP Request: GET https://tgstat.com/channel/@bibliomed02 "HTTP/1.1 200 OK"
2026-05-19 11:33:46,408 INFO [96/167] @bibliomed02 posts=13 source=tgstat_sample
2026-05-19 11:33:46,917 INFO Trying t.me/s/kitap_pdf ...
2026-05-19 11:33:47,744 INFO HTTP Request: GET https://t.me/s/kitap_pdf "HTTP/1.1 302 Found"
2026-05-19 11:33:48,020 INFO HTTP Request: GET https://t.me/kitap_pdf "HTTP/1.1 200 OK"
2026-05-19 11:33:48,021 INFO TGStat sample for kitap_pdf (no public preview)
2026-05-19 11:33:48,692 INFO HTTP Request: GET https://tgstat.com/channel/@kitap_pdf "HTTP/1.1 302 Found"
2026-05-19 11:33:49,385 INFO HTTP Request: GET https://tgstat.com/chat/@kitap_pdf "HTTP/1.1 200 OK"
2026-05-19 11:33:50,489 INFO HTTP Request: GET https://tgstat.com/channel/@kitap_pdf "HTTP/1.1 302 Found"
2026-05-19 11:33:51,627 INFO HTTP Request: GET https://tgstat.com/chat/@kitap_pdf "HTTP/1.1 200 OK"
2026-05-19 11:33:52,732 INFO HTTP Request: GET https://tgstat.com/channel/@Kitap_Pdf "HTTP/1.1 302 Found"
2026-05-19 11:33:53,468 INFO HTTP Request: GET https://tgstat.com/chat/@kitap_pdf "HTTP/1.1 200 OK"
2026-05-19 11:33:54,254 INFO [97/167] @kitap_pdf posts=0 source=no_public_data
2026-05-19 11:33:54,755 INFO [98/167] skip @ophthbooks (cached)
2026-05-19 11:33:54,756 INFO [99/167] skip @hematologys (cached)
2026-05-19 11:33:54,759 INFO Trying t.me/s/mcqradiology ...
2026-05-19 11:33:55,571 INFO HTTP Request: GET https://t.me/s/mcqradiology "HTTP/1.1 302 Found"
2026-05-19 11:33:55,854 INFO HTTP Request: GET https://t.me/mcqradiology "HTTP/1.1 200 OK"
2026-05-19 11:33:55,854 INFO TGStat sample for mcqradiology (no public preview)
2026-05-19 11:33:57,676 INFO HTTP Request: GET https://tgstat.com/channel/@mcqradiology "HTTP/1.1 200 OK"
2026-05-19 11:33:58,129 INFO [100/167] @mcqradiology posts=12 source=tgstat_sample
2026-05-19 11:33:58,640 INFO Trying t.me/s/pediatric_pdfs ...
2026-05-19 11:33:59,456 INFO HTTP Request: GET https://t.me/s/pediatric_pdfs "HTTP/1.1 302 Found"
2026-05-19 11:33:59,743 INFO HTTP Request: GET https://t.me/pediatric_pdfs "HTTP/1.1 200 OK"
2026-05-19 11:33:59,744 INFO TGStat sample for pediatric_pdfs (no public preview)
2026-05-19 11:34:00,416 INFO HTTP Request: GET https://tgstat.com/channel/@pediatric_pdfs "HTTP/1.1 404 Not Found"
2026-05-19 11:34:01,567 INFO HTTP Request: GET https://tgstat.com/channel/@pediatric_pdfs "HTTP/1.1 404 Not Found"
2026-05-19 11:34:02,274 INFO HTTP Request: GET https://tgstat.com/channel/@Pediatric_Pdfs "HTTP/1.1 404 Not Found"
2026-05-19 11:34:02,641 INFO [101/167] @pediatric_pdfs posts=0 source=no_public_data
2026-05-19 11:34:03,143 INFO Trying t.me/s/dtunewsmedicine ...
2026-05-19 11:34:03,942 INFO HTTP Request: GET https://t.me/s/dtunewsmedicine "HTTP/1.1 302 Found"
2026-05-19 11:34:04,223 INFO HTTP Request: GET https://t.me/dtunewsmedicine "HTTP/1.1 200 OK"
2026-05-19 11:34:04,224 INFO TGStat sample for dtunewsmedicine (no public preview)
2026-05-19 11:34:06,506 INFO HTTP Request: GET https://tgstat.com/channel/@dtunewsmedicine "HTTP/1.1 200 OK"
2026-05-19 11:34:06,980 INFO [102/167] @dtunewsmedicine posts=25 source=tgstat_sample
2026-05-19 11:34:07,492 INFO Trying t.me/s/internalmedicinebookss ...
2026-05-19 11:34:08,290 INFO HTTP Request: GET https://t.me/s/internalmedicinebookss "HTTP/1.1 302 Found"
2026-05-19 11:34:08,573 INFO HTTP Request: GET https://t.me/internalmedicinebookss "HTTP/1.1 200 OK"
2026-05-19 11:34:08,573 INFO TGStat sample for internalmedicinebookss (no public preview)
2026-05-19 11:34:09,710 INFO HTTP Request: GET https://tgstat.com/channel/@internalmedicinebookss "HTTP/1.1 404 Not Found"
2026-05-19 11:34:10,435 INFO HTTP Request: GET https://tgstat.com/channel/@internalmedicinebookss "HTTP/1.1 404 Not Found"
2026-05-19 11:34:11,145 INFO HTTP Request: GET https://tgstat.com/channel/@Internalmedicinebookss "HTTP/1.1 404 Not Found"
2026-05-19 11:34:11,510 INFO [103/167] @internalmedicinebookss posts=0 source=no_public_data
2026-05-19 11:34:12,020 INFO Trying t.me/s/christianebooklibrary ...
2026-05-19 11:34:12,833 INFO HTTP Request: GET https://t.me/s/christianebooklibrary "HTTP/1.1 302 Found"
2026-05-19 11:34:13,117 INFO HTTP Request: GET https://t.me/christianebooklibrary "HTTP/1.1 200 OK"
2026-05-19 11:34:13,118 INFO TGStat sample for christianebooklibrary (no public preview)
2026-05-19 11:34:13,797 INFO HTTP Request: GET https://tgstat.com/channel/@christianebooklibrary "HTTP/1.1 404 Not Found"
2026-05-19 11:34:14,522 INFO HTTP Request: GET https://tgstat.com/channel/@christianebooklibrary "HTTP/1.1 404 Not Found"
2026-05-19 11:34:15,261 INFO HTTP Request: GET https://tgstat.com/channel/@Christianebooklibrary "HTTP/1.1 404 Not Found"
2026-05-19 11:34:15,627 INFO [104/167] @christianebooklibrary posts=0 source=no_public_data
2026-05-19 11:34:16,128 INFO Trying t.me/s/punjabipdfbooks ...
2026-05-19 11:34:16,971 INFO HTTP Request: GET https://t.me/s/punjabipdfbooks "HTTP/1.1 302 Found"
2026-05-19 11:34:17,258 INFO HTTP Request: GET https://t.me/punjabipdfbooks "HTTP/1.1 200 OK"
2026-05-19 11:34:17,258 INFO TGStat sample for punjabipdfbooks (no public preview)
2026-05-19 11:34:19,659 INFO HTTP Request: GET https://tgstat.com/channel/@punjabipdfbooks "HTTP/1.1 200 OK"
2026-05-19 11:34:20,103 INFO [105/167] @punjabipdfbooks posts=17 source=tgstat_sample
2026-05-19 11:34:20,613 INFO Trying t.me/s/jalallah ...
2026-05-19 11:34:21,451 INFO HTTP Request: GET https://t.me/s/jalallah "HTTP/1.1 302 Found"
2026-05-19 11:34:21,737 INFO HTTP Request: GET https://t.me/jalallah "HTTP/1.1 200 OK"
2026-05-19 11:34:21,737 INFO TGStat sample for jalallah (no public preview)
2026-05-19 11:34:22,473 INFO HTTP Request: GET https://tgstat.com/channel/@jalallah "HTTP/1.1 404 Not Found"
2026-05-19 11:34:23,227 INFO HTTP Request: GET https://tgstat.com/channel/@jalallah "HTTP/1.1 404 Not Found"
2026-05-19 11:34:23,937 INFO HTTP Request: GET https://tgstat.com/channel/@Jalallah "HTTP/1.1 404 Not Found"
2026-05-19 11:34:24,296 INFO [106/167] @jalallah posts=0 source=no_public_data
2026-05-19 11:34:24,798 INFO Trying t.me/s/mccqe_1 ...
2026-05-19 11:34:25,597 INFO HTTP Request: GET https://t.me/s/mccqe_1 "HTTP/1.1 302 Found"
2026-05-19 11:34:25,874 INFO HTTP Request: GET https://t.me/mccqe_1 "HTTP/1.1 200 OK"
2026-05-19 11:34:25,875 INFO TGStat sample for mccqe_1 (no public preview)
2026-05-19 11:34:26,521 INFO HTTP Request: GET https://tgstat.com/channel/@mccqe_1 "HTTP/1.1 302 Found"
2026-05-19 11:34:28,641 INFO HTTP Request: GET https://tgstat.com/channel/@MCCQE_1 "HTTP/1.1 200 OK"
2026-05-19 11:34:29,103 INFO [107/167] @mccqe_1 posts=4 source=tgstat_sample
2026-05-19 11:34:29,617 INFO [108/167] skip @pedsurgery (cached)
2026-05-19 11:34:29,618 INFO Trying t.me/s/hematology_oncology ...
2026-05-19 11:34:30,445 INFO HTTP Request: GET https://t.me/s/hematology_oncology "HTTP/1.1 302 Found"
2026-05-19 11:34:30,725 INFO HTTP Request: GET https://t.me/hematology_oncology "HTTP/1.1 200 OK"
2026-05-19 11:34:30,725 INFO TGStat sample for hematology_oncology (no public preview)
2026-05-19 11:34:31,374 INFO HTTP Request: GET https://tgstat.com/channel/@hematology_oncology "HTTP/1.1 302 Found"
2026-05-19 11:34:32,042 INFO HTTP Request: GET https://tgstat.com/chat/@Hematology_Oncology "HTTP/1.1 200 OK"
2026-05-19 11:34:33,116 INFO HTTP Request: GET https://tgstat.com/channel/@hematology_oncology "HTTP/1.1 302 Found"
2026-05-19 11:34:33,780 INFO HTTP Request: GET https://tgstat.com/chat/@Hematology_Oncology "HTTP/1.1 200 OK"
2026-05-19 11:34:34,897 INFO HTTP Request: GET https://tgstat.com/channel/@Hematology_Oncology "HTTP/1.1 302 Found"
2026-05-19 11:34:35,606 INFO HTTP Request: GET https://tgstat.com/chat/@Hematology_Oncology "HTTP/1.1 200 OK"
2026-05-19 11:34:36,384 INFO [109/167] @hematology_oncology posts=0 source=no_public_data
2026-05-19 11:34:36,889 INFO Trying t.me/s/gastrointestinal_books ...
2026-05-19 11:34:37,683 INFO HTTP Request: GET https://t.me/s/gastrointestinal_books "HTTP/1.1 302 Found"
2026-05-19 11:34:37,963 INFO HTTP Request: GET https://t.me/gastrointestinal_books "HTTP/1.1 200 OK"
2026-05-19 11:34:37,963 INFO TGStat sample for gastrointestinal_books (no public preview)
2026-05-19 11:34:40,039 INFO HTTP Request: GET https://tgstat.com/channel/@gastrointestinal_books "HTTP/1.1 200 OK"
2026-05-19 11:34:40,576 INFO [110/167] @gastrointestinal_books posts=9 source=tgstat_sample
2026-05-19 11:34:41,085 INFO Trying t.me/s/orthopedic_book ...
2026-05-19 11:34:41,882 INFO HTTP Request: GET https://t.me/s/orthopedic_book "HTTP/1.1 302 Found"
2026-05-19 11:34:42,159 INFO HTTP Request: GET https://t.me/orthopedic_book "HTTP/1.1 200 OK"
2026-05-19 11:34:42,160 INFO TGStat sample for orthopedic_book (no public preview)
2026-05-19 11:34:44,461 INFO HTTP Request: GET https://tgstat.com/channel/@orthopedic_book "HTTP/1.1 200 OK"
2026-05-19 11:34:45,247 INFO [111/167] @orthopedic_book posts=11 source=tgstat_sample
2026-05-19 11:34:45,751 INFO Trying t.me/s/pediatric_materials ...
2026-05-19 11:34:46,572 INFO HTTP Request: GET https://t.me/s/pediatric_materials "HTTP/1.1 302 Found"
2026-05-19 11:34:46,852 INFO HTTP Request: GET https://t.me/pediatric_materials "HTTP/1.1 200 OK"
2026-05-19 11:34:46,853 INFO TGStat sample for pediatric_materials (no public preview)
2026-05-19 11:34:47,535 INFO HTTP Request: GET https://tgstat.com/channel/@pediatric_materials "HTTP/1.1 302 Found"
2026-05-19 11:34:50,391 INFO HTTP Request: GET https://tgstat.com/channel/@Pediatric_Materials "HTTP/1.1 200 OK"
2026-05-19 11:34:50,823 INFO [112/167] @pediatric_materials posts=1 source=tgstat_sample
2026-05-19 11:34:51,338 INFO Trying t.me/s/ophthalmologyvideos ...
2026-05-19 11:34:52,479 INFO HTTP Request: GET https://t.me/s/ophthalmologyvideos "HTTP/1.1 200 OK"
2026-05-19 11:34:53,376 INFO HTTP Request: GET https://t.me/s/ophthalmologyvideos?before=1119 "HTTP/1.1 200 OK"
2026-05-19 11:34:54,198 INFO HTTP Request: GET https://t.me/s/ophthalmologyvideos?before=1099 "HTTP/1.1 200 OK"
2026-05-19 11:34:55,129 INFO HTTP Request: GET https://t.me/s/ophthalmologyvideos?before=1079 "HTTP/1.1 200 OK"
2026-05-19 11:34:56,050 INFO HTTP Request: GET https://t.me/s/ophthalmologyvideos?before=1058 "HTTP/1.1 200 OK"
2026-05-19 11:34:57,507 INFO HTTP Request: GET https://t.me/s/ophthalmologyvideos?before=1038 "HTTP/1.1 200 OK"
2026-05-19 11:34:58,401 INFO HTTP Request: GET https://t.me/s/ophthalmologyvideos?before=1018 "HTTP/1.1 200 OK"
2026-05-19 11:34:59,228 INFO HTTP Request: GET https://t.me/s/ophthalmologyvideos?before=996 "HTTP/1.1 200 OK"
2026-05-19 11:35:00,206 INFO HTTP Request: GET https://t.me/s/ophthalmologyvideos?before=968 "HTTP/1.1 200 OK"
2026-05-19 11:35:01,052 INFO HTTP Request: GET https://t.me/s/ophthalmologyvideos?before=934 "HTTP/1.1 200 OK"
2026-05-19 11:35:01,923 INFO HTTP Request: GET https://t.me/s/ophthalmologyvideos?before=914 "HTTP/1.1 200 OK"
2026-05-19 11:35:02,754 INFO HTTP Request: GET https://t.me/s/ophthalmologyvideos?before=894 "HTTP/1.1 200 OK"
2026-05-19 11:35:03,642 INFO HTTP Request: GET https://t.me/s/ophthalmologyvideos?before=874 "HTTP/1.1 200 OK"
2026-05-19 11:35:04,525 INFO HTTP Request: GET https://t.me/s/ophthalmologyvideos?before=800 "HTTP/1.1 200 OK"
2026-05-19 11:35:05,401 INFO HTTP Request: GET https://t.me/s/ophthalmologyvideos?before=751 "HTTP/1.1 200 OK"
2026-05-19 11:35:06,294 INFO HTTP Request: GET https://t.me/s/ophthalmologyvideos?before=711 "HTTP/1.1 200 OK"
2026-05-19 11:35:07,180 INFO HTTP Request: GET https://t.me/s/ophthalmologyvideos?before=685 "HTTP/1.1 200 OK"
2026-05-19 11:35:08,088 INFO HTTP Request: GET https://t.me/s/ophthalmologyvideos?before=661 "HTTP/1.1 200 OK"
2026-05-19 11:35:09,000 INFO HTTP Request: GET https://t.me/s/ophthalmologyvideos?before=639 "HTTP/1.1 200 OK"
2026-05-19 11:35:09,979 INFO HTTP Request: GET https://t.me/s/ophthalmologyvideos?before=609 "HTTP/1.1 200 OK"
2026-05-19 11:35:10,904 INFO HTTP Request: GET https://t.me/s/ophthalmologyvideos?before=582 "HTTP/1.1 200 OK"
2026-05-19 11:35:12,198 INFO HTTP Request: GET https://t.me/s/ophthalmologyvideos?before=561 "HTTP/1.1 200 OK"
2026-05-19 11:35:14,724 INFO HTTP Request: GET https://t.me/s/ophthalmologyvideos?before=540 "HTTP/1.1 200 OK"
2026-05-19 11:35:16,328 INFO HTTP Request: GET https://t.me/s/ophthalmologyvideos?before=520 "HTTP/1.1 200 OK"
2026-05-19 11:35:17,641 INFO HTTP Request: GET https://t.me/s/ophthalmologyvideos?before=367 "HTTP/1.1 200 OK"
2026-05-19 11:35:19,034 INFO HTTP Request: GET https://t.me/s/ophthalmologyvideos?before=347 "HTTP/1.1 200 OK"
2026-05-19 11:35:20,467 INFO HTTP Request: GET https://t.me/s/ophthalmologyvideos?before=274 "HTTP/1.1 200 OK"
2026-05-19 11:35:21,849 INFO HTTP Request: GET https://t.me/s/ophthalmologyvideos?before=244 "HTTP/1.1 200 OK"
2026-05-19 11:35:23,405 INFO HTTP Request: GET https://t.me/s/ophthalmologyvideos?before=223 "HTTP/1.1 200 OK"
2026-05-19 11:35:24,904 INFO HTTP Request: GET https://t.me/s/ophthalmologyvideos?before=203 "HTTP/1.1 200 OK"
2026-05-19 11:35:25,930 INFO HTTP Request: GET https://t.me/s/ophthalmologyvideos?before=183 "HTTP/1.1 200 OK"
2026-05-19 11:35:26,826 INFO HTTP Request: GET https://t.me/s/ophthalmologyvideos?before=163 "HTTP/1.1 200 OK"
2026-05-19 11:35:27,871 INFO HTTP Request: GET https://t.me/s/ophthalmologyvideos?before=143 "HTTP/1.1 200 OK"
2026-05-19 11:35:28,817 INFO HTTP Request: GET https://t.me/s/ophthalmologyvideos?before=123 "HTTP/1.1 200 OK"
2026-05-19 11:35:29,726 INFO HTTP Request: GET https://t.me/s/ophthalmologyvideos?before=103 "HTTP/1.1 200 OK"
2026-05-19 11:35:30,642 INFO HTTP Request: GET https://t.me/s/ophthalmologyvideos?before=83 "HTTP/1.1 200 OK"
2026-05-19 11:35:31,540 INFO HTTP Request: GET https://t.me/s/ophthalmologyvideos?before=63 "HTTP/1.1 200 OK"
2026-05-19 11:35:32,480 INFO HTTP Request: GET https://t.me/s/ophthalmologyvideos?before=43 "HTTP/1.1 200 OK"
2026-05-19 11:35:33,386 INFO HTTP Request: GET https://t.me/s/ophthalmologyvideos?before=23 "HTTP/1.1 200 OK"
2026-05-19 11:35:34,236 INFO HTTP Request: GET https://t.me/s/ophthalmologyvideos?before=3 "HTTP/1.1 200 OK"
2026-05-19 11:35:35,009 INFO HTTP Request: GET https://t.me/s/ophthalmologyvideos?before=1 "HTTP/1.1 200 OK"
2026-05-19 11:35:35,054 INFO [113/167] @ophthalmologyvideos posts=781 source=tme_full_preview
2026-05-19 11:35:35,572 INFO Trying t.me/s/amedexltd ...
2026-05-19 11:35:36,585 INFO HTTP Request: GET https://t.me/s/amedexltd "HTTP/1.1 200 OK"
2026-05-19 11:35:37,467 INFO HTTP Request: GET https://t.me/s/amedexltd?before=152 "HTTP/1.1 200 OK"
2026-05-19 11:35:38,369 INFO HTTP Request: GET https://t.me/s/amedexltd?before=131 "HTTP/1.1 200 OK"
2026-05-19 11:35:39,253 INFO HTTP Request: GET https://t.me/s/amedexltd?before=108 "HTTP/1.1 200 OK"
2026-05-19 11:35:40,283 INFO HTTP Request: GET https://t.me/s/amedexltd?before=84 "HTTP/1.1 200 OK"
2026-05-19 11:35:41,184 INFO HTTP Request: GET https://t.me/s/amedexltd?before=63 "HTTP/1.1 200 OK"
2026-05-19 11:35:42,037 INFO HTTP Request: GET https://t.me/s/amedexltd?before=41 "HTTP/1.1 200 OK"
2026-05-19 11:35:42,834 INFO HTTP Request: GET https://t.me/s/amedexltd?before=15 "HTTP/1.1 200 OK"
2026-05-19 11:35:43,555 INFO HTTP Request: GET https://t.me/s/amedexltd?before=1 "HTTP/1.1 200 OK"
2026-05-19 11:35:43,568 INFO [114/167] @amedexltd posts=151 source=tme_full_preview
2026-05-19 11:35:44,068 INFO Trying t.me/s/neurobank_books ...
2026-05-19 11:35:44,886 INFO HTTP Request: GET https://t.me/s/neurobank_books "HTTP/1.1 302 Found"
2026-05-19 11:35:45,171 INFO HTTP Request: GET https://t.me/neurobank_books "HTTP/1.1 200 OK"
2026-05-19 11:35:45,173 INFO TGStat sample for neurobank_books (no public preview)
2026-05-19 11:35:46,936 INFO HTTP Request: GET https://tgstat.com/channel/@neurobank_books "HTTP/1.1 404 Not Found"
2026-05-19 11:35:47,623 INFO HTTP Request: GET https://tgstat.com/channel/@neurobank_books "HTTP/1.1 404 Not Found"
2026-05-19 11:35:48,274 INFO HTTP Request: GET https://tgstat.com/channel/@Neurobank_Books "HTTP/1.1 404 Not Found"
2026-05-19 11:35:48,634 INFO [115/167] @neurobank_books posts=0 source=no_public_data
2026-05-19 11:35:49,136 INFO Trying t.me/s/obstetricsgynecology1 ...
2026-05-19 11:35:50,249 INFO HTTP Request: GET https://t.me/s/obstetricsgynecology1 "HTTP/1.1 200 OK"
2026-05-19 11:35:51,183 INFO HTTP Request: GET https://t.me/s/obstetricsgynecology1?before=299 "HTTP/1.1 200 OK"
2026-05-19 11:35:52,081 INFO HTTP Request: GET https://t.me/s/obstetricsgynecology1?before=278 "HTTP/1.1 200 OK"
2026-05-19 11:35:52,950 INFO HTTP Request: GET https://t.me/s/obstetricsgynecology1?before=250 "HTTP/1.1 200 OK"
2026-05-19 11:35:53,829 INFO HTTP Request: GET https://t.me/s/obstetricsgynecology1?before=227 "HTTP/1.1 200 OK"
2026-05-19 11:35:54,740 INFO HTTP Request: GET https://t.me/s/obstetricsgynecology1?before=207 "HTTP/1.1 200 OK"
2026-05-19 11:35:55,583 INFO HTTP Request: GET https://t.me/s/obstetricsgynecology1?before=187 "HTTP/1.1 200 OK"
2026-05-19 11:35:56,485 INFO HTTP Request: GET https://t.me/s/obstetricsgynecology1?before=165 "HTTP/1.1 200 OK"
2026-05-19 11:35:57,375 INFO HTTP Request: GET https://t.me/s/obstetricsgynecology1?before=120 "HTTP/1.1 200 OK"
2026-05-19 11:35:58,273 INFO HTTP Request: GET https://t.me/s/obstetricsgynecology1?before=77 "HTTP/1.1 200 OK"
2026-05-19 11:35:59,138 INFO HTTP Request: GET https://t.me/s/obstetricsgynecology1?before=38 "HTTP/1.1 200 OK"
2026-05-19 11:35:59,944 INFO HTTP Request: GET https://t.me/s/obstetricsgynecology1?before=1 "HTTP/1.1 200 OK"
2026-05-19 11:35:59,977 INFO [116/167] @obstetricsgynecology1 posts=219 source=tme_full_preview
2026-05-19 11:36:00,489 INFO Trying t.me/s/patho_videos ...
2026-05-19 11:36:01,287 INFO HTTP Request: GET https://t.me/s/patho_videos "HTTP/1.1 302 Found"
2026-05-19 11:36:01,565 INFO HTTP Request: GET https://t.me/patho_videos "HTTP/1.1 200 OK"
2026-05-19 11:36:01,566 INFO TGStat sample for patho_videos (no public preview)
2026-05-19 11:36:02,903 INFO HTTP Request: GET https://tgstat.com/channel/@patho_videos "HTTP/1.1 302 Found"
2026-05-19 11:36:04,360 INFO HTTP Request: GET https://tgstat.com/channel/@Patho_Videos "HTTP/1.1 200 OK"
2026-05-19 11:36:05,191 INFO [117/167] @patho_videos posts=2 source=tgstat_sample
2026-05-19 11:36:05,692 INFO Trying t.me/s/iamoptolibrary ...
2026-05-19 11:36:06,516 INFO HTTP Request: GET https://t.me/s/iamoptolibrary "HTTP/1.1 302 Found"
2026-05-19 11:36:06,798 INFO HTTP Request: GET https://t.me/iamoptolibrary "HTTP/1.1 200 OK"
2026-05-19 11:36:06,800 INFO TGStat sample for iamoptolibrary (no public preview)
2026-05-19 11:36:07,460 INFO HTTP Request: GET https://tgstat.com/channel/@iamoptolibrary "HTTP/1.1 404 Not Found"
2026-05-19 11:36:08,141 INFO HTTP Request: GET https://tgstat.com/channel/@iamoptolibrary "HTTP/1.1 404 Not Found"
2026-05-19 11:36:08,823 INFO HTTP Request: GET https://tgstat.com/channel/@Iamoptolibrary "HTTP/1.1 404 Not Found"
2026-05-19 11:36:09,175 INFO [118/167] @iamoptolibrary posts=0 source=no_public_data
2026-05-19 11:36:09,690 INFO Trying t.me/s/freemedicalbooks ...
2026-05-19 11:36:10,506 INFO HTTP Request: GET https://t.me/s/freemedicalbooks "HTTP/1.1 302 Found"
2026-05-19 11:36:10,786 INFO HTTP Request: GET https://t.me/freemedicalbooks "HTTP/1.1 200 OK"
2026-05-19 11:36:10,788 INFO TGStat sample for freemedicalbooks (no public preview)
2026-05-19 11:36:12,749 INFO HTTP Request: GET https://tgstat.com/channel/@freemedicalbooks "HTTP/1.1 200 OK"
2026-05-19 11:36:13,257 INFO [119/167] @freemedicalbooks posts=4 source=tgstat_sample
2026-05-19 11:36:13,760 INFO Trying t.me/s/psychoera ...
2026-05-19 11:36:14,598 INFO HTTP Request: GET https://t.me/s/psychoera "HTTP/1.1 302 Found"
2026-05-19 11:36:14,878 INFO HTTP Request: GET https://t.me/psychoera "HTTP/1.1 200 OK"
2026-05-19 11:36:14,880 INFO TGStat sample for psychoera (no public preview)
2026-05-19 11:36:15,585 INFO HTTP Request: GET https://tgstat.com/channel/@psychoera "HTTP/1.1 404 Not Found"
2026-05-19 11:36:16,268 INFO HTTP Request: GET https://tgstat.com/channel/@psychoera "HTTP/1.1 404 Not Found"
2026-05-19 11:36:16,939 INFO HTTP Request: GET https://tgstat.com/channel/@Psychoera "HTTP/1.1 404 Not Found"
2026-05-19 11:36:17,294 INFO [120/167] @psychoera posts=0 source=no_public_data
2026-05-19 11:36:17,802 INFO Trying t.me/s/mrcp2024 ...
2026-05-19 11:36:18,617 INFO HTTP Request: GET https://t.me/s/mrcp2024 "HTTP/1.1 302 Found"
2026-05-19 11:36:18,900 INFO HTTP Request: GET https://t.me/mrcp2024 "HTTP/1.1 200 OK"
2026-05-19 11:36:18,901 INFO TGStat sample for mrcp2024 (no public preview)
2026-05-19 11:36:23,718 INFO HTTP Request: GET https://tgstat.com/channel/@mrcp2024 "HTTP/1.1 200 OK"
2026-05-19 11:36:24,193 INFO [121/167] @mrcp2024 posts=9 source=tgstat_sample
2026-05-19 11:36:24,695 INFO Trying t.me/s/chessebooksmy ...
2026-05-19 11:36:25,495 INFO HTTP Request: GET https://t.me/s/chessebooksmy "HTTP/1.1 302 Found"
2026-05-19 11:36:25,776 INFO HTTP Request: GET https://t.me/chessebooksmy "HTTP/1.1 200 OK"
2026-05-19 11:36:25,777 INFO TGStat sample for chessebooksmy (no public preview)
2026-05-19 11:36:26,508 INFO HTTP Request: GET https://tgstat.com/channel/@chessebooksmy "HTTP/1.1 404 Not Found"
2026-05-19 11:36:27,182 INFO HTTP Request: GET https://tgstat.com/channel/@chessebooksmy "HTTP/1.1 404 Not Found"
2026-05-19 11:36:27,856 INFO HTTP Request: GET https://tgstat.com/channel/@Chessebooksmy "HTTP/1.1 404 Not Found"
2026-05-19 11:36:28,213 INFO [122/167] @chessebooksmy posts=0 source=no_public_data
2026-05-19 11:36:28,713 INFO [123/167] skip @micromls1 (cached)
2026-05-19 11:36:28,714 INFO [124/167] skip @ob_gyn_books (cached)
2026-05-19 11:36:28,716 INFO Trying t.me/s/tamilbookonline ...
2026-05-19 11:36:29,822 INFO HTTP Request: GET https://t.me/s/tamilbookonline "HTTP/1.1 200 OK"
2026-05-19 11:36:30,918 INFO HTTP Request: GET https://t.me/s/tamilbookonline?before=15148 "HTTP/1.1 200 OK"
2026-05-19 11:36:32,009 INFO HTTP Request: GET https://t.me/s/tamilbookonline?before=15128 "HTTP/1.1 200 OK"
2026-05-19 11:36:33,229 INFO HTTP Request: GET https://t.me/s/tamilbookonline?before=15108 "HTTP/1.1 200 OK"
2026-05-19 11:36:34,363 INFO HTTP Request: GET https://t.me/s/tamilbookonline?before=15088 "HTTP/1.1 200 OK"
2026-05-19 11:36:35,493 INFO HTTP Request: GET https://t.me/s/tamilbookonline?before=15068 "HTTP/1.1 200 OK"
2026-05-19 11:36:36,708 INFO HTTP Request: GET https://t.me/s/tamilbookonline?before=15048 "HTTP/1.1 200 OK"
2026-05-19 11:36:37,899 INFO HTTP Request: GET https://t.me/s/tamilbookonline?before=15028 "HTTP/1.1 200 OK"
2026-05-19 11:36:39,015 INFO HTTP Request: GET https://t.me/s/tamilbookonline?before=15008 "HTTP/1.1 200 OK"
2026-05-19 11:36:40,597 INFO HTTP Request: GET https://t.me/s/tamilbookonline?before=14988 "HTTP/1.1 200 OK"
2026-05-19 11:36:42,113 INFO HTTP Request: GET https://t.me/s/tamilbookonline?before=14968 "HTTP/1.1 200 OK"
2026-05-19 11:36:43,444 INFO HTTP Request: GET https://t.me/s/tamilbookonline?before=14948 "HTTP/1.1 200 OK"
2026-05-19 11:36:44,884 INFO HTTP Request: GET https://t.me/s/tamilbookonline?before=14928 "HTTP/1.1 200 OK"
2026-05-19 11:36:46,380 INFO HTTP Request: GET https://t.me/s/tamilbookonline?before=14908 "HTTP/1.1 200 OK"
2026-05-19 11:36:48,206 INFO HTTP Request: GET https://t.me/s/tamilbookonline?before=14888 "HTTP/1.1 200 OK"
2026-05-19 11:36:49,597 INFO HTTP Request: GET https://t.me/s/tamilbookonline?before=14868 "HTTP/1.1 200 OK"
2026-05-19 11:36:51,263 INFO HTTP Request: GET https://t.me/s/tamilbookonline?before=14848 "HTTP/1.1 200 OK"
2026-05-19 11:36:52,565 INFO HTTP Request: GET https://t.me/s/tamilbookonline?before=14828 "HTTP/1.1 200 OK"
2026-05-19 11:36:53,731 INFO HTTP Request: GET https://t.me/s/tamilbookonline?before=14808 "HTTP/1.1 200 OK"
2026-05-19 11:36:55,022 INFO HTTP Request: GET https://t.me/s/tamilbookonline?before=14788 "HTTP/1.1 200 OK"
2026-05-19 11:36:56,305 INFO HTTP Request: GET https://t.me/s/tamilbookonline?before=14768 "HTTP/1.1 200 OK"
2026-05-19 11:36:57,477 INFO HTTP Request: GET https://t.me/s/tamilbookonline?before=14748 "HTTP/1.1 200 OK"
2026-05-19 11:36:58,593 INFO HTTP Request: GET https://t.me/s/tamilbookonline?before=14728 "HTTP/1.1 200 OK"
2026-05-19 11:36:59,833 INFO HTTP Request: GET https://t.me/s/tamilbookonline?before=14708 "HTTP/1.1 200 OK"
2026-05-19 11:37:01,079 INFO HTTP Request: GET https://t.me/s/tamilbookonline?before=14688 "HTTP/1.1 200 OK"
2026-05-19 11:37:02,206 INFO HTTP Request: GET https://t.me/s/tamilbookonline?before=14668 "HTTP/1.1 200 OK"
2026-05-19 11:37:03,319 INFO HTTP Request: GET https://t.me/s/tamilbookonline?before=14648 "HTTP/1.1 200 OK"
2026-05-19 11:37:04,600 INFO HTTP Request: GET https://t.me/s/tamilbookonline?before=14628 "HTTP/1.1 200 OK"
2026-05-19 11:37:05,780 INFO HTTP Request: GET https://t.me/s/tamilbookonline?before=14608 "HTTP/1.1 200 OK"
2026-05-19 11:37:06,937 INFO HTTP Request: GET https://t.me/s/tamilbookonline?before=14588 "HTTP/1.1 200 OK"
2026-05-19 11:37:07,997 INFO HTTP Request: GET https://t.me/s/tamilbookonline?before=14568 "HTTP/1.1 200 OK"
2026-05-19 11:37:09,267 INFO HTTP Request: GET https://t.me/s/tamilbookonline?before=14548 "HTTP/1.1 200 OK"
2026-05-19 11:37:10,449 INFO HTTP Request: GET https://t.me/s/tamilbookonline?before=14528 "HTTP/1.1 200 OK"
2026-05-19 11:37:11,679 INFO HTTP Request: GET https://t.me/s/tamilbookonline?before=14508 "HTTP/1.1 200 OK"
2026-05-19 11:37:12,894 INFO HTTP Request: GET https://t.me/s/tamilbookonline?before=14488 "HTTP/1.1 200 OK"
2026-05-19 11:37:14,123 INFO HTTP Request: GET https://t.me/s/tamilbookonline?before=14468 "HTTP/1.1 200 OK"
2026-05-19 11:37:15,320 INFO HTTP Request: GET https://t.me/s/tamilbookonline?before=14448 "HTTP/1.1 200 OK"
2026-05-19 11:37:16,717 INFO HTTP Request: GET https://t.me/s/tamilbookonline?before=14428 "HTTP/1.1 200 OK"
2026-05-19 11:37:17,898 INFO HTTP Request: GET https://t.me/s/tamilbookonline?before=14408 "HTTP/1.1 200 OK"
2026-05-19 11:37:19,106 INFO HTTP Request: GET https://t.me/s/tamilbookonline?before=14388 "HTTP/1.1 200 OK"
2026-05-19 11:37:20,322 INFO HTTP Request: GET https://t.me/s/tamilbookonline?before=14368 "HTTP/1.1 200 OK"
2026-05-19 11:37:21,503 INFO HTTP Request: GET https://t.me/s/tamilbookonline?before=14348 "HTTP/1.1 200 OK"
2026-05-19 11:37:22,692 INFO HTTP Request: GET https://t.me/s/tamilbookonline?before=14328 "HTTP/1.1 200 OK"
2026-05-19 11:37:23,771 INFO HTTP Request: GET https://t.me/s/tamilbookonline?before=14308 "HTTP/1.1 200 OK"
2026-05-19 11:37:24,883 INFO HTTP Request: GET https://t.me/s/tamilbookonline?before=14288 "HTTP/1.1 200 OK"
2026-05-19 11:37:26,061 INFO HTTP Request: GET https://t.me/s/tamilbookonline?before=14268 "HTTP/1.1 200 OK"
2026-05-19 11:37:27,159 INFO HTTP Request: GET https://t.me/s/tamilbookonline?before=14248 "HTTP/1.1 200 OK"
2026-05-19 11:37:28,191 INFO HTTP Request: GET https://t.me/s/tamilbookonline?before=14228 "HTTP/1.1 200 OK"
2026-05-19 11:37:29,335 INFO HTTP Request: GET https://t.me/s/tamilbookonline?before=14208 "HTTP/1.1 200 OK"
2026-05-19 11:37:30,360 INFO HTTP Request: GET https://t.me/s/tamilbookonline?before=14188 "HTTP/1.1 200 OK"
2026-05-19 11:37:31,588 INFO HTTP Request: GET https://t.me/s/tamilbookonline?before=14168 "HTTP/1.1 200 OK"
2026-05-19 11:37:32,729 INFO HTTP Request: GET https://t.me/s/tamilbookonline?before=14148 "HTTP/1.1 200 OK"
2026-05-19 11:37:33,951 INFO HTTP Request: GET https://t.me/s/tamilbookonline?before=14128 "HTTP/1.1 200 OK"
2026-05-19 11:37:35,137 INFO HTTP Request: GET https://t.me/s/tamilbookonline?before=14108 "HTTP/1.1 200 OK"
2026-05-19 11:37:36,241 INFO HTTP Request: GET https://t.me/s/tamilbookonline?before=14088 "HTTP/1.1 200 OK"
2026-05-19 11:37:37,411 INFO HTTP Request: GET https://t.me/s/tamilbookonline?before=14068 "HTTP/1.1 200 OK"
2026-05-19 11:37:38,508 INFO HTTP Request: GET https://t.me/s/tamilbookonline?before=14048 "HTTP/1.1 200 OK"
2026-05-19 11:37:39,647 INFO HTTP Request: GET https://t.me/s/tamilbookonline?before=14028 "HTTP/1.1 200 OK"
2026-05-19 11:37:40,701 INFO HTTP Request: GET https://t.me/s/tamilbookonline?before=14008 "HTTP/1.1 200 OK"
2026-05-19 11:37:41,959 INFO HTTP Request: GET https://t.me/s/tamilbookonline?before=13988 "HTTP/1.1 200 OK"
2026-05-19 11:37:43,024 INFO HTTP Request: GET https://t.me/s/tamilbookonline?before=13968 "HTTP/1.1 200 OK"
2026-05-19 11:37:44,133 INFO HTTP Request: GET https://t.me/s/tamilbookonline?before=13948 "HTTP/1.1 200 OK"
2026-05-19 11:37:45,211 INFO HTTP Request: GET https://t.me/s/tamilbookonline?before=13928 "HTTP/1.1 200 OK"
2026-05-19 11:37:46,248 INFO HTTP Request: GET https://t.me/s/tamilbookonline?before=13908 "HTTP/1.1 200 OK"
2026-05-19 11:37:47,279 INFO HTTP Request: GET https://t.me/s/tamilbookonline?before=13888 "HTTP/1.1 200 OK"
2026-05-19 11:37:48,298 INFO HTTP Request: GET https://t.me/s/tamilbookonline?before=13868 "HTTP/1.1 200 OK"
2026-05-19 11:37:49,448 INFO HTTP Request: GET https://t.me/s/tamilbookonline?before=13848 "HTTP/1.1 200 OK"
2026-05-19 11:37:50,628 INFO HTTP Request: GET https://t.me/s/tamilbookonline?before=13828 "HTTP/1.1 200 OK"
2026-05-19 11:37:51,729 INFO HTTP Request: GET https://t.me/s/tamilbookonline?before=13808 "HTTP/1.1 200 OK"
2026-05-19 11:37:52,848 INFO HTTP Request: GET https://t.me/s/tamilbookonline?before=13788 "HTTP/1.1 200 OK"
2026-05-19 11:37:53,982 INFO HTTP Request: GET https://t.me/s/tamilbookonline?before=13768 "HTTP/1.1 200 OK"
2026-05-19 11:37:55,136 INFO HTTP Request: GET https://t.me/s/tamilbookonline?before=13748 "HTTP/1.1 200 OK"
2026-05-19 11:37:56,233 INFO HTTP Request: GET https://t.me/s/tamilbookonline?before=13728 "HTTP/1.1 200 OK"
2026-05-19 11:37:57,284 INFO HTTP Request: GET https://t.me/s/tamilbookonline?before=13708 "HTTP/1.1 200 OK"
2026-05-19 11:37:58,387 INFO HTTP Request: GET https://t.me/s/tamilbookonline?before=13688 "HTTP/1.1 200 OK"
2026-05-19 11:37:59,743 INFO HTTP Request: GET https://t.me/s/tamilbookonline?before=13668 "HTTP/1.1 200 OK"
2026-05-19 11:38:00,904 INFO HTTP Request: GET https://t.me/s/tamilbookonline?before=13648 "HTTP/1.1 200 OK"
2026-05-19 11:38:01,987 INFO HTTP Request: GET https://t.me/s/tamilbookonline?before=13628 "HTTP/1.1 200 OK"
2026-05-19 11:38:03,374 INFO HTTP Request: GET https://t.me/s/tamilbookonline?before=13608 "HTTP/1.1 200 OK"
2026-05-19 11:38:04,449 INFO HTTP Request: GET https://t.me/s/tamilbookonline?before=13588 "HTTP/1.1 200 OK"
2026-05-19 11:38:05,524 INFO HTTP Request: GET https://t.me/s/tamilbookonline?before=13568 "HTTP/1.1 200 OK"
2026-05-19 11:38:06,585 INFO HTTP Request: GET https://t.me/s/tamilbookonline?before=13548 "HTTP/1.1 200 OK"
2026-05-19 11:38:07,780 INFO HTTP Request: GET https://t.me/s/tamilbookonline?before=13528 "HTTP/1.1 200 OK"
2026-05-19 11:38:09,102 INFO HTTP Request: GET https://t.me/s/tamilbookonline?before=13508 "HTTP/1.1 200 OK"
2026-05-19 11:38:10,287 INFO HTTP Request: GET https://t.me/s/tamilbookonline?before=13488 "HTTP/1.1 200 OK"
2026-05-19 11:38:11,446 INFO HTTP Request: GET https://t.me/s/tamilbookonline?before=13468 "HTTP/1.1 200 OK"
2026-05-19 11:38:12,585 INFO HTTP Request: GET https://t.me/s/tamilbookonline?before=13448 "HTTP/1.1 200 OK"
2026-05-19 11:38:13,908 INFO HTTP Request: GET https://t.me/s/tamilbookonline?before=13428 "HTTP/1.1 200 OK"
2026-05-19 11:38:15,005 INFO HTTP Request: GET https://t.me/s/tamilbookonline?before=13408 "HTTP/1.1 200 OK"
2026-05-19 11:38:16,227 INFO HTTP Request: GET https://t.me/s/tamilbookonline?before=13388 "HTTP/1.1 200 OK"
2026-05-19 11:38:17,435 INFO HTTP Request: GET https://t.me/s/tamilbookonline?before=13368 "HTTP/1.1 200 OK"
2026-05-19 11:38:18,630 INFO HTTP Request: GET https://t.me/s/tamilbookonline?before=13348 "HTTP/1.1 200 OK"
2026-05-19 11:38:20,146 INFO HTTP Request: GET https://t.me/s/tamilbookonline?before=13328 "HTTP/1.1 200 OK"
2026-05-19 11:38:21,208 INFO HTTP Request: GET https://t.me/s/tamilbookonline?before=13308 "HTTP/1.1 200 OK"
2026-05-19 11:38:22,253 INFO HTTP Request: GET https://t.me/s/tamilbookonline?before=13288 "HTTP/1.1 200 OK"
2026-05-19 11:38:23,262 INFO HTTP Request: GET https://t.me/s/tamilbookonline?before=13268 "HTTP/1.1 200 OK"
2026-05-19 11:38:24,266 INFO HTTP Request: GET https://t.me/s/tamilbookonline?before=13248 "HTTP/1.1 200 OK"
2026-05-19 11:38:25,922 INFO HTTP Request: GET https://t.me/s/tamilbookonline?before=13228 "HTTP/1.1 200 OK"
2026-05-19 11:38:26,928 INFO HTTP Request: GET https://t.me/s/tamilbookonline?before=13208 "HTTP/1.1 200 OK"
2026-05-19 11:38:28,090 INFO HTTP Request: GET https://t.me/s/tamilbookonline?before=13188 "HTTP/1.1 200 OK"
2026-05-19 11:38:29,132 INFO HTTP Request: GET https://t.me/s/tamilbookonline?before=13168 "HTTP/1.1 200 OK"
2026-05-19 11:38:30,136 INFO HTTP Request: GET https://t.me/s/tamilbookonline?before=13148 "HTTP/1.1 200 OK"
2026-05-19 11:38:31,385 INFO HTTP Request: GET https://t.me/s/tamilbookonline?before=13128 "HTTP/1.1 200 OK"
2026-05-19 11:38:32,515 INFO HTTP Request: GET https://t.me/s/tamilbookonline?before=13108 "HTTP/1.1 200 OK"
2026-05-19 11:38:33,484 INFO HTTP Request: GET https://t.me/s/tamilbookonline?before=13088 "HTTP/1.1 200 OK"
2026-05-19 11:38:34,518 INFO HTTP Request: GET https://t.me/s/tamilbookonline?before=13068 "HTTP/1.1 200 OK"
2026-05-19 11:38:35,495 INFO HTTP Request: GET https://t.me/s/tamilbookonline?before=13048 "HTTP/1.1 200 OK"
2026-05-19 11:38:36,490 INFO HTTP Request: GET https://t.me/s/tamilbookonline?before=13028 "HTTP/1.1 200 OK"
2026-05-19 11:38:37,573 INFO HTTP Request: GET https://t.me/s/tamilbookonline?before=13008 "HTTP/1.1 200 OK"
2026-05-19 11:38:38,694 INFO HTTP Request: GET https://t.me/s/tamilbookonline?before=12988 "HTTP/1.1 200 OK"
2026-05-19 11:38:39,749 INFO HTTP Request: GET https://t.me/s/tamilbookonline?before=12968 "HTTP/1.1 200 OK"
2026-05-19 11:38:40,796 INFO HTTP Request: GET https://t.me/s/tamilbookonline?before=12948 "HTTP/1.1 200 OK"
2026-05-19 11:38:41,859 INFO HTTP Request: GET https://t.me/s/tamilbookonline?before=12927 "HTTP/1.1 200 OK"
2026-05-19 11:38:42,850 INFO HTTP Request: GET https://t.me/s/tamilbookonline?before=12907 "HTTP/1.1 200 OK"
2026-05-19 11:38:44,004 INFO HTTP Request: GET https://t.me/s/tamilbookonline?before=12887 "HTTP/1.1 200 OK"
2026-05-19 11:38:45,110 INFO HTTP Request: GET https://t.me/s/tamilbookonline?before=12867 "HTTP/1.1 200 OK"
2026-05-19 11:38:46,138 INFO HTTP Request: GET https://t.me/s/tamilbookonline?before=12847 "HTTP/1.1 200 OK"
2026-05-19 11:38:47,137 INFO HTTP Request: GET https://t.me/s/tamilbookonline?before=12827 "HTTP/1.1 200 OK"
2026-05-19 11:38:48,323 INFO HTTP Request: GET https://t.me/s/tamilbookonline?before=12807 "HTTP/1.1 200 OK"
2026-05-19 11:38:50,063 INFO HTTP Request: GET https://t.me/s/tamilbookonline?before=12787 "HTTP/1.1 200 OK"
2026-05-19 11:38:51,063 INFO [125/167] @tamilbookonline posts=2400 source=tme_full_preview
2026-05-19 11:38:51,567 INFO Trying t.me/s/dialibrary ...
2026-05-19 11:38:52,396 INFO HTTP Request: GET https://t.me/s/dialibrary "HTTP/1.1 302 Found"
2026-05-19 11:38:52,683 INFO HTTP Request: GET https://t.me/dialibrary "HTTP/1.1 200 OK"
2026-05-19 11:38:52,684 INFO TGStat sample for dialibrary (no public preview)
2026-05-19 11:38:54,383 INFO HTTP Request: GET https://tgstat.com/channel/@dialibrary "HTTP/1.1 200 OK"
2026-05-19 11:38:55,485 INFO HTTP Request: GET https://tgstat.com/channel/@dialibrary "HTTP/1.1 200 OK"
2026-05-19 11:38:56,604 INFO HTTP Request: GET https://tgstat.com/channel/@Dialibrary "HTTP/1.1 200 OK"
2026-05-19 11:38:57,429 INFO [126/167] @dialibrary posts=0 source=no_public_data
2026-05-19 11:38:57,936 INFO [127/167] skip @dsm_5 (cached)
2026-05-19 11:38:57,936 INFO Trying t.me/s/amcmcqrecalls ...
2026-05-19 11:38:58,768 INFO HTTP Request: GET https://t.me/s/amcmcqrecalls "HTTP/1.1 302 Found"
2026-05-19 11:38:59,057 INFO HTTP Request: GET https://t.me/amcmcqrecalls "HTTP/1.1 200 OK"
2026-05-19 11:38:59,061 INFO TGStat sample for amcmcqrecalls (no public preview)
2026-05-19 11:38:59,812 INFO HTTP Request: GET https://tgstat.com/channel/@amcmcqrecalls "HTTP/1.1 200 OK"
2026-05-19 11:39:00,974 INFO HTTP Request: GET https://tgstat.com/channel/@amcmcqrecalls "HTTP/1.1 200 OK"
2026-05-19 11:39:02,139 INFO HTTP Request: GET https://tgstat.com/channel/@Amcmcqrecalls "HTTP/1.1 200 OK"
2026-05-19 11:39:02,939 INFO [128/167] @amcmcqrecalls posts=0 source=no_public_data
2026-05-19 11:39:03,446 INFO Trying t.me/s/cammedhmedicalbooks ...
2026-05-19 11:39:04,270 INFO HTTP Request: GET https://t.me/s/cammedhmedicalbooks "HTTP/1.1 302 Found"
2026-05-19 11:39:04,559 INFO HTTP Request: GET https://t.me/cammedhmedicalbooks "HTTP/1.1 200 OK"
2026-05-19 11:39:04,559 INFO TGStat sample for cammedhmedicalbooks (no public preview)
2026-05-19 11:39:05,211 INFO HTTP Request: GET https://tgstat.com/channel/@cammedhmedicalbooks "HTTP/1.1 200 OK"
2026-05-19 11:39:06,340 INFO HTTP Request: GET https://tgstat.com/channel/@cammedhmedicalbooks "HTTP/1.1 200 OK"
2026-05-19 11:39:07,463 INFO HTTP Request: GET https://tgstat.com/channel/@Cammedhmedicalbooks "HTTP/1.1 200 OK"
2026-05-19 11:39:08,259 INFO [129/167] @cammedhmedicalbooks posts=0 source=no_public_data
2026-05-19 11:39:08,773 INFO Trying t.me/s/medical_ebooks_shop ...
2026-05-19 11:39:09,882 INFO HTTP Request: GET https://t.me/s/medical_ebooks_shop "HTTP/1.1 200 OK"
2026-05-19 11:39:10,932 INFO HTTP Request: GET https://t.me/s/medical_ebooks_shop?before=1087 "HTTP/1.1 200 OK"
2026-05-19 11:39:11,983 INFO HTTP Request: GET https://t.me/s/medical_ebooks_shop?before=1066 "HTTP/1.1 200 OK"
2026-05-19 11:39:13,013 INFO HTTP Request: GET https://t.me/s/medical_ebooks_shop?before=1046 "HTTP/1.1 200 OK"
2026-05-19 11:39:14,171 INFO HTTP Request: GET https://t.me/s/medical_ebooks_shop?before=1026 "HTTP/1.1 200 OK"
2026-05-19 11:39:15,211 INFO HTTP Request: GET https://t.me/s/medical_ebooks_shop?before=998 "HTTP/1.1 200 OK"
2026-05-19 11:39:16,227 INFO HTTP Request: GET https://t.me/s/medical_ebooks_shop?before=971 "HTTP/1.1 200 OK"
2026-05-19 11:39:17,297 INFO HTTP Request: GET https://t.me/s/medical_ebooks_shop?before=922 "HTTP/1.1 200 OK"
2026-05-19 11:39:18,262 INFO HTTP Request: GET https://t.me/s/medical_ebooks_shop?before=899 "HTTP/1.1 200 OK"
2026-05-19 11:39:19,244 INFO HTTP Request: GET https://t.me/s/medical_ebooks_shop?before=874 "HTTP/1.1 200 OK"
2026-05-19 11:39:20,350 INFO HTTP Request: GET https://t.me/s/medical_ebooks_shop?before=854 "HTTP/1.1 200 OK"
2026-05-19 11:39:21,407 INFO HTTP Request: GET https://t.me/s/medical_ebooks_shop?before=824 "HTTP/1.1 200 OK"
2026-05-19 11:39:22,381 INFO HTTP Request: GET https://t.me/s/medical_ebooks_shop?before=797 "HTTP/1.1 200 OK"
2026-05-19 11:39:23,589 INFO HTTP Request: GET https://t.me/s/medical_ebooks_shop?before=775 "HTTP/1.1 200 OK"
2026-05-19 11:39:24,808 INFO HTTP Request: GET https://t.me/s/medical_ebooks_shop?before=752 "HTTP/1.1 200 OK"
2026-05-19 11:39:25,815 INFO HTTP Request: GET https://t.me/s/medical_ebooks_shop?before=672 "HTTP/1.1 200 OK"
2026-05-19 11:39:26,767 INFO HTTP Request: GET https://t.me/s/medical_ebooks_shop?before=635 "HTTP/1.1 200 OK"
2026-05-19 11:39:27,735 INFO HTTP Request: GET https://t.me/s/medical_ebooks_shop?before=552 "HTTP/1.1 200 OK"
2026-05-19 11:39:28,652 INFO HTTP Request: GET https://t.me/s/medical_ebooks_shop?before=427 "HTTP/1.1 200 OK"
2026-05-19 11:39:29,661 INFO HTTP Request: GET https://t.me/s/medical_ebooks_shop?before=407 "HTTP/1.1 200 OK"
2026-05-19 11:39:30,668 INFO HTTP Request: GET https://t.me/s/medical_ebooks_shop?before=383 "HTTP/1.1 200 OK"
2026-05-19 11:39:31,633 INFO HTTP Request: GET https://t.me/s/medical_ebooks_shop?before=349 "HTTP/1.1 200 OK"
2026-05-19 11:39:32,656 INFO HTTP Request: GET https://t.me/s/medical_ebooks_shop?before=328 "HTTP/1.1 200 OK"
2026-05-19 11:39:33,678 INFO HTTP Request: GET https://t.me/s/medical_ebooks_shop?before=307 "HTTP/1.1 200 OK"
2026-05-19 11:39:34,717 INFO HTTP Request: GET https://t.me/s/medical_ebooks_shop?before=286 "HTTP/1.1 200 OK"
2026-05-19 11:39:35,886 INFO HTTP Request: GET https://t.me/s/medical_ebooks_shop?before=262 "HTTP/1.1 200 OK"
2026-05-19 11:39:36,889 INFO HTTP Request: GET https://t.me/s/medical_ebooks_shop?before=236 "HTTP/1.1 200 OK"
2026-05-19 11:39:37,844 INFO HTTP Request: GET https://t.me/s/medical_ebooks_shop?before=208 "HTTP/1.1 200 OK"
2026-05-19 11:39:38,808 INFO HTTP Request: GET https://t.me/s/medical_ebooks_shop?before=188 "HTTP/1.1 200 OK"
2026-05-19 11:39:39,780 INFO HTTP Request: GET https://t.me/s/medical_ebooks_shop?before=168 "HTTP/1.1 200 OK"
2026-05-19 11:39:40,729 INFO HTTP Request: GET https://t.me/s/medical_ebooks_shop?before=148 "HTTP/1.1 200 OK"
2026-05-19 11:39:41,650 INFO HTTP Request: GET https://t.me/s/medical_ebooks_shop?before=128 "HTTP/1.1 200 OK"
2026-05-19 11:39:42,582 INFO HTTP Request: GET https://t.me/s/medical_ebooks_shop?before=108 "HTTP/1.1 200 OK"
2026-05-19 11:39:43,512 INFO HTTP Request: GET https://t.me/s/medical_ebooks_shop?before=88 "HTTP/1.1 200 OK"
2026-05-19 11:39:44,460 INFO HTTP Request: GET https://t.me/s/medical_ebooks_shop?before=68 "HTTP/1.1 200 OK"
2026-05-19 11:39:45,444 INFO HTTP Request: GET https://t.me/s/medical_ebooks_shop?before=48 "HTTP/1.1 200 OK"
2026-05-19 11:39:46,391 INFO HTTP Request: GET https://t.me/s/medical_ebooks_shop?before=28 "HTTP/1.1 200 OK"
2026-05-19 11:39:47,187 INFO HTTP Request: GET https://t.me/s/medical_ebooks_shop?before=8 "HTTP/1.1 200 OK"
2026-05-19 11:39:47,896 INFO HTTP Request: GET https://t.me/s/medical_ebooks_shop?before=1 "HTTP/1.1 200 OK"
2026-05-19 11:39:48,072 INFO [130/167] @medical_ebooks_shop posts=746 source=tme_full_preview
2026-05-19 11:39:48,583 INFO [131/167] skip @surgery_6 (cached)
2026-05-19 11:39:48,584 INFO Trying t.me/s/endocrinologyanddiabetes ...
2026-05-19 11:39:49,431 INFO HTTP Request: GET https://t.me/s/endocrinologyanddiabetes "HTTP/1.1 302 Found"
2026-05-19 11:39:49,717 INFO HTTP Request: GET https://t.me/endocrinologyanddiabetes "HTTP/1.1 200 OK"
2026-05-19 11:39:49,718 INFO TGStat sample for endocrinologyanddiabetes (no public preview)
2026-05-19 11:39:51,101 INFO HTTP Request: GET https://tgstat.com/channel/@endocrinologyanddiabetes "HTTP/1.1 200 OK"
2026-05-19 11:39:52,202 INFO HTTP Request: GET https://tgstat.com/channel/@endocrinologyanddiabetes "HTTP/1.1 200 OK"
2026-05-19 11:39:53,337 INFO HTTP Request: GET https://tgstat.com/channel/@Endocrinologyanddiabetes "HTTP/1.1 200 OK"
2026-05-19 11:39:54,122 INFO [132/167] @endocrinologyanddiabetes posts=0 source=no_public_data
2026-05-19 11:39:54,631 INFO Trying t.me/s/surgery_pdf_books ...
2026-05-19 11:39:55,441 INFO HTTP Request: GET https://t.me/s/surgery_pdf_books "HTTP/1.1 302 Found"
2026-05-19 11:39:55,724 INFO HTTP Request: GET https://t.me/surgery_pdf_books "HTTP/1.1 200 OK"
2026-05-19 11:39:55,725 INFO TGStat sample for surgery_pdf_books (no public preview)
2026-05-19 11:39:56,418 INFO HTTP Request: GET https://tgstat.com/channel/@surgery_pdf_books "HTTP/1.1 200 OK"
2026-05-19 11:39:57,551 INFO HTTP Request: GET https://tgstat.com/channel/@surgery_pdf_books "HTTP/1.1 200 OK"
2026-05-19 11:39:58,658 INFO HTTP Request: GET https://tgstat.com/channel/@Surgery_Pdf_Books "HTTP/1.1 200 OK"
2026-05-19 11:39:59,436 INFO [133/167] @surgery_pdf_books posts=0 source=no_public_data
2026-05-19 11:39:59,977 INFO [134/167] skip @nephrotube (cached)
2026-05-19 11:39:59,978 INFO Trying t.me/s/indianveterinarypdfbooks121 ...
2026-05-19 11:40:00,837 INFO HTTP Request: GET https://t.me/s/indianveterinarypdfbooks121 "HTTP/1.1 302 Found"
2026-05-19 11:40:01,114 INFO HTTP Request: GET https://t.me/indianveterinarypdfbooks121 "HTTP/1.1 200 OK"
2026-05-19 11:40:01,115 INFO TGStat sample for indianveterinarypdfbooks121 (no public preview)
2026-05-19 11:40:03,213 INFO HTTP Request: GET https://tgstat.com/channel/@indianveterinarypdfbooks121 "HTTP/1.1 200 OK"
2026-05-19 11:40:04,315 INFO HTTP Request: GET https://tgstat.com/channel/@indianveterinarypdfbooks121 "HTTP/1.1 200 OK"
2026-05-19 11:40:05,695 INFO HTTP Request: GET https://tgstat.com/channel/@Indianveterinarypdfbooks121 "HTTP/1.1 200 OK"
2026-05-19 11:40:06,482 INFO [135/167] @indianveterinarypdfbooks121 posts=0 source=no_public_data
2026-05-19 11:40:06,998 INFO Trying t.me/s/amcclinical ...
2026-05-19 11:40:07,986 INFO HTTP Request: GET https://t.me/s/amcclinical "HTTP/1.1 200 OK"
2026-05-19 11:40:08,812 INFO HTTP Request: GET https://t.me/s/amcclinical?before=16 "HTTP/1.1 200 OK"
2026-05-19 11:40:09,533 INFO HTTP Request: GET https://t.me/s/amcclinical?before=1 "HTTP/1.1 200 OK"
2026-05-19 11:40:09,546 INFO [136/167] @amcclinical posts=35 source=tme_full_preview
2026-05-19 11:40:10,057 INFO Trying t.me/s/nursingpastpapers ...
2026-05-19 11:40:10,862 INFO HTTP Request: GET https://t.me/s/nursingpastpapers "HTTP/1.1 302 Found"
2026-05-19 11:40:11,146 INFO HTTP Request: GET https://t.me/nursingpastpapers "HTTP/1.1 200 OK"
2026-05-19 11:40:11,147 INFO TGStat sample for nursingpastpapers (no public preview)
2026-05-19 11:40:11,860 INFO HTTP Request: GET https://tgstat.com/channel/@nursingpastpapers "HTTP/1.1 200 OK"
2026-05-19 11:40:12,926 INFO HTTP Request: GET https://tgstat.com/channel/@nursingpastpapers "HTTP/1.1 200 OK"
2026-05-19 11:40:14,046 INFO HTTP Request: GET https://tgstat.com/channel/@Nursingpastpapers "HTTP/1.1 200 OK"
2026-05-19 11:40:14,824 INFO [137/167] @nursingpastpapers posts=0 source=no_public_data
2026-05-19 11:40:15,324 INFO Trying t.me/s/medmaterialx ...
2026-05-19 11:40:16,406 INFO HTTP Request: GET https://t.me/s/medmaterialx "HTTP/1.1 302 Found"
2026-05-19 11:40:16,702 INFO HTTP Request: GET https://t.me/medmaterialx "HTTP/1.1 200 OK"
2026-05-19 11:40:16,703 INFO TGStat sample for medmaterialx (no public preview)
2026-05-19 11:40:17,408 INFO HTTP Request: GET https://tgstat.com/channel/@medmaterialx "HTTP/1.1 200 OK"
2026-05-19 11:40:18,520 INFO HTTP Request: GET https://tgstat.com/channel/@medmaterialx "HTTP/1.1 200 OK"
2026-05-19 11:40:19,676 INFO HTTP Request: GET https://tgstat.com/channel/@Medmaterialx "HTTP/1.1 200 OK"
2026-05-19 11:40:20,461 INFO [138/167] @medmaterialx posts=0 source=no_public_data
2026-05-19 11:40:20,981 INFO Trying t.me/s/laboratory_books ...
2026-05-19 11:40:21,783 INFO HTTP Request: GET https://t.me/s/laboratory_books "HTTP/1.1 302 Found"
2026-05-19 11:40:22,062 INFO HTTP Request: GET https://t.me/laboratory_books "HTTP/1.1 200 OK"
2026-05-19 11:40:22,063 INFO TGStat sample for laboratory_books (no public preview)
2026-05-19 11:40:22,787 INFO HTTP Request: GET https://tgstat.com/channel/@laboratory_books "HTTP/1.1 200 OK"
2026-05-19 11:40:23,910 INFO HTTP Request: GET https://tgstat.com/channel/@laboratory_books "HTTP/1.1 200 OK"
2026-05-19 11:40:25,048 INFO HTTP Request: GET https://tgstat.com/channel/@Laboratory_Books "HTTP/1.1 200 OK"
2026-05-19 11:40:25,827 INFO [139/167] @laboratory_books posts=0 source=no_public_data
2026-05-19 11:40:26,333 INFO Trying t.me/s/pharmacynotespdf ...
2026-05-19 11:40:27,153 INFO HTTP Request: GET https://t.me/s/pharmacynotespdf "HTTP/1.1 302 Found"
2026-05-19 11:40:27,437 INFO HTTP Request: GET https://t.me/pharmacynotespdf "HTTP/1.1 200 OK"
2026-05-19 11:40:27,439 INFO TGStat sample for pharmacynotespdf (no public preview)
2026-05-19 11:40:28,140 INFO HTTP Request: GET https://tgstat.com/channel/@pharmacynotespdf "HTTP/1.1 200 OK"
2026-05-19 11:40:29,277 INFO HTTP Request: GET https://tgstat.com/channel/@pharmacynotespdf "HTTP/1.1 200 OK"
2026-05-19 11:40:30,411 INFO HTTP Request: GET https://tgstat.com/channel/@Pharmacynotespdf "HTTP/1.1 200 OK"
2026-05-19 11:40:31,194 INFO [140/167] @pharmacynotespdf posts=0 source=no_public_data
2026-05-19 11:40:31,695 INFO [141/167] skip @cardiobooks (cached)
2026-05-19 11:40:31,696 INFO Trying t.me/s/gastroenterology_updates ...
2026-05-19 11:40:32,634 INFO HTTP Request: GET https://t.me/s/gastroenterology_updates "HTTP/1.1 200 OK"
2026-05-19 11:40:33,513 INFO HTTP Request: GET https://t.me/s/gastroenterology_updates?before=2418 "HTTP/1.1 200 OK"
2026-05-19 11:40:34,444 INFO HTTP Request: GET https://t.me/s/gastroenterology_updates?before=2394 "HTTP/1.1 200 OK"
2026-05-19 11:40:35,270 INFO HTTP Request: GET https://t.me/s/gastroenterology_updates?before=2374 "HTTP/1.1 200 OK"
2026-05-19 11:40:36,140 INFO HTTP Request: GET https://t.me/s/gastroenterology_updates?before=2354 "HTTP/1.1 200 OK"
2026-05-19 11:40:37,003 INFO HTTP Request: GET https://t.me/s/gastroenterology_updates?before=2334 "HTTP/1.1 200 OK"
2026-05-19 11:40:37,865 INFO HTTP Request: GET https://t.me/s/gastroenterology_updates?before=2314 "HTTP/1.1 200 OK"
2026-05-19 11:40:38,768 INFO HTTP Request: GET https://t.me/s/gastroenterology_updates?before=2294 "HTTP/1.1 200 OK"
2026-05-19 11:40:39,634 INFO HTTP Request: GET https://t.me/s/gastroenterology_updates?before=2273 "HTTP/1.1 200 OK"
2026-05-19 11:40:40,547 INFO HTTP Request: GET https://t.me/s/gastroenterology_updates?before=2252 "HTTP/1.1 200 OK"
2026-05-19 11:40:41,454 INFO HTTP Request: GET https://t.me/s/gastroenterology_updates?before=2231 "HTTP/1.1 200 OK"
2026-05-19 11:40:42,291 INFO HTTP Request: GET https://t.me/s/gastroenterology_updates?before=2210 "HTTP/1.1 200 OK"
2026-05-19 11:40:43,137 INFO HTTP Request: GET https://t.me/s/gastroenterology_updates?before=2189 "HTTP/1.1 200 OK"
2026-05-19 11:40:43,935 INFO HTTP Request: GET https://t.me/s/gastroenterology_updates?before=2169 "HTTP/1.1 200 OK"
2026-05-19 11:40:44,804 INFO HTTP Request: GET https://t.me/s/gastroenterology_updates?before=2149 "HTTP/1.1 200 OK"
2026-05-19 11:40:45,596 INFO HTTP Request: GET https://t.me/s/gastroenterology_updates?before=2129 "HTTP/1.1 200 OK"
2026-05-19 11:40:46,374 INFO HTTP Request: GET https://t.me/s/gastroenterology_updates?before=2108 "HTTP/1.1 200 OK"
2026-05-19 11:40:47,170 INFO HTTP Request: GET https://t.me/s/gastroenterology_updates?before=2088 "HTTP/1.1 200 OK"
2026-05-19 11:40:48,079 INFO HTTP Request: GET https://t.me/s/gastroenterology_updates?before=2068 "HTTP/1.1 200 OK"
2026-05-19 11:40:48,933 INFO HTTP Request: GET https://t.me/s/gastroenterology_updates?before=2048 "HTTP/1.1 200 OK"
2026-05-19 11:40:49,750 INFO HTTP Request: GET https://t.me/s/gastroenterology_updates?before=2028 "HTTP/1.1 200 OK"
2026-05-19 11:40:50,646 INFO HTTP Request: GET https://t.me/s/gastroenterology_updates?before=2008 "HTTP/1.1 200 OK"
2026-05-19 11:40:51,445 INFO HTTP Request: GET https://t.me/s/gastroenterology_updates?before=1988 "HTTP/1.1 200 OK"
2026-05-19 11:40:52,311 INFO HTTP Request: GET https://t.me/s/gastroenterology_updates?before=1968 "HTTP/1.1 200 OK"
2026-05-19 11:40:53,133 INFO HTTP Request: GET https://t.me/s/gastroenterology_updates?before=1948 "HTTP/1.1 200 OK"
2026-05-19 11:40:53,929 INFO HTTP Request: GET https://t.me/s/gastroenterology_updates?before=1928 "HTTP/1.1 200 OK"
2026-05-19 11:40:54,764 INFO HTTP Request: GET https://t.me/s/gastroenterology_updates?before=1908 "HTTP/1.1 200 OK"
2026-05-19 11:40:55,562 INFO HTTP Request: GET https://t.me/s/gastroenterology_updates?before=1887 "HTTP/1.1 200 OK"
2026-05-19 11:40:56,361 INFO HTTP Request: GET https://t.me/s/gastroenterology_updates?before=1867 "HTTP/1.1 200 OK"
2026-05-19 11:40:57,135 INFO HTTP Request: GET https://t.me/s/gastroenterology_updates?before=1847 "HTTP/1.1 200 OK"
2026-05-19 11:40:57,927 INFO HTTP Request: GET https://t.me/s/gastroenterology_updates?before=1827 "HTTP/1.1 200 OK"
2026-05-19 11:40:58,759 INFO HTTP Request: GET https://t.me/s/gastroenterology_updates?before=1807 "HTTP/1.1 200 OK"
2026-05-19 11:40:59,611 INFO HTTP Request: GET https://t.me/s/gastroenterology_updates?before=1787 "HTTP/1.1 200 OK"
2026-05-19 11:41:00,511 INFO HTTP Request: GET https://t.me/s/gastroenterology_updates?before=1767 "HTTP/1.1 200 OK"
2026-05-19 11:41:01,309 INFO HTTP Request: GET https://t.me/s/gastroenterology_updates?before=1747 "HTTP/1.1 200 OK"
2026-05-19 11:41:02,159 INFO HTTP Request: GET https://t.me/s/gastroenterology_updates?before=1727 "HTTP/1.1 200 OK"
2026-05-19 11:41:02,924 INFO HTTP Request: GET https://t.me/s/gastroenterology_updates?before=1707 "HTTP/1.1 200 OK"
2026-05-19 11:41:03,719 INFO HTTP Request: GET https://t.me/s/gastroenterology_updates?before=1687 "HTTP/1.1 200 OK"
2026-05-19 11:41:04,576 INFO HTTP Request: GET https://t.me/s/gastroenterology_updates?before=1667 "HTTP/1.1 200 OK"
2026-05-19 11:41:05,386 INFO HTTP Request: GET https://t.me/s/gastroenterology_updates?before=1647 "HTTP/1.1 200 OK"
2026-05-19 11:41:06,186 INFO HTTP Request: GET https://t.me/s/gastroenterology_updates?before=1627 "HTTP/1.1 200 OK"
2026-05-19 11:41:06,982 INFO HTTP Request: GET https://t.me/s/gastroenterology_updates?before=1607 "HTTP/1.1 200 OK"
2026-05-19 11:41:07,794 INFO HTTP Request: GET https://t.me/s/gastroenterology_updates?before=1587 "HTTP/1.1 200 OK"
2026-05-19 11:41:08,639 INFO HTTP Request: GET https://t.me/s/gastroenterology_updates?before=1567 "HTTP/1.1 200 OK"
2026-05-19 11:41:09,435 INFO HTTP Request: GET https://t.me/s/gastroenterology_updates?before=1547 "HTTP/1.1 200 OK"
2026-05-19 11:41:10,254 INFO HTTP Request: GET https://t.me/s/gastroenterology_updates?before=1527 "HTTP/1.1 200 OK"
2026-05-19 11:41:11,102 INFO HTTP Request: GET https://t.me/s/gastroenterology_updates?before=1507 "HTTP/1.1 200 OK"
2026-05-19 11:41:11,935 INFO HTTP Request: GET https://t.me/s/gastroenterology_updates?before=1487 "HTTP/1.1 200 OK"
2026-05-19 11:41:12,729 INFO HTTP Request: GET https://t.me/s/gastroenterology_updates?before=1467 "HTTP/1.1 200 OK"
2026-05-19 11:41:13,541 INFO HTTP Request: GET https://t.me/s/gastroenterology_updates?before=1447 "HTTP/1.1 200 OK"
2026-05-19 11:41:14,379 INFO HTTP Request: GET https://t.me/s/gastroenterology_updates?before=1427 "HTTP/1.1 200 OK"
2026-05-19 11:41:15,264 INFO HTTP Request: GET https://t.me/s/gastroenterology_updates?before=1407 "HTTP/1.1 200 OK"
2026-05-19 11:41:16,068 INFO HTTP Request: GET https://t.me/s/gastroenterology_updates?before=1387 "HTTP/1.1 200 OK"
2026-05-19 11:41:16,888 INFO HTTP Request: GET https://t.me/s/gastroenterology_updates?before=1367 "HTTP/1.1 200 OK"
2026-05-19 11:41:17,787 INFO HTTP Request: GET https://t.me/s/gastroenterology_updates?before=1347 "HTTP/1.1 200 OK"
2026-05-19 11:41:18,582 INFO HTTP Request: GET https://t.me/s/gastroenterology_updates?before=1327 "HTTP/1.1 200 OK"
2026-05-19 11:41:19,422 INFO HTTP Request: GET https://t.me/s/gastroenterology_updates?before=1307 "HTTP/1.1 200 OK"
2026-05-19 11:41:20,415 INFO HTTP Request: GET https://t.me/s/gastroenterology_updates?before=1279 "HTTP/1.1 200 OK"
2026-05-19 11:41:21,266 INFO HTTP Request: GET https://t.me/s/gastroenterology_updates?before=1259 "HTTP/1.1 200 OK"
2026-05-19 11:41:22,042 INFO HTTP Request: GET https://t.me/s/gastroenterology_updates?before=1239 "HTTP/1.1 200 OK"
2026-05-19 11:41:22,990 INFO HTTP Request: GET https://t.me/s/gastroenterology_updates?before=1219 "HTTP/1.1 200 OK"
2026-05-19 11:41:23,860 INFO HTTP Request: GET https://t.me/s/gastroenterology_updates?before=1199 "HTTP/1.1 200 OK"
2026-05-19 11:41:24,674 INFO HTTP Request: GET https://t.me/s/gastroenterology_updates?before=1179 "HTTP/1.1 200 OK"
2026-05-19 11:41:25,495 INFO HTTP Request: GET https://t.me/s/gastroenterology_updates?before=1159 "HTTP/1.1 200 OK"
2026-05-19 11:41:26,439 INFO HTTP Request: GET https://t.me/s/gastroenterology_updates?before=1139 "HTTP/1.1 200 OK"
2026-05-19 11:41:27,227 INFO HTTP Request: GET https://t.me/s/gastroenterology_updates?before=1119 "HTTP/1.1 200 OK"
2026-05-19 11:41:28,029 INFO HTTP Request: GET https://t.me/s/gastroenterology_updates?before=1099 "HTTP/1.1 200 OK"
2026-05-19 11:41:28,992 INFO HTTP Request: GET https://t.me/s/gastroenterology_updates?before=1079 "HTTP/1.1 200 OK"
2026-05-19 11:41:29,901 INFO HTTP Request: GET https://t.me/s/gastroenterology_updates?before=1059 "HTTP/1.1 200 OK"
2026-05-19 11:41:30,776 INFO HTTP Request: GET https://t.me/s/gastroenterology_updates?before=1039 "HTTP/1.1 200 OK"
2026-05-19 11:41:31,532 INFO HTTP Request: GET https://t.me/s/gastroenterology_updates?before=1019 "HTTP/1.1 200 OK"
2026-05-19 11:41:32,367 INFO HTTP Request: GET https://t.me/s/gastroenterology_updates?before=999 "HTTP/1.1 200 OK"
2026-05-19 11:41:33,161 INFO HTTP Request: GET https://t.me/s/gastroenterology_updates?before=979 "HTTP/1.1 200 OK"
2026-05-19 11:41:33,931 INFO HTTP Request: GET https://t.me/s/gastroenterology_updates?before=959 "HTTP/1.1 200 OK"
2026-05-19 11:41:34,705 INFO HTTP Request: GET https://t.me/s/gastroenterology_updates?before=939 "HTTP/1.1 200 OK"
2026-05-19 11:41:35,467 INFO HTTP Request: GET https://t.me/s/gastroenterology_updates?before=919 "HTTP/1.1 200 OK"
2026-05-19 11:41:36,251 INFO HTTP Request: GET https://t.me/s/gastroenterology_updates?before=899 "HTTP/1.1 200 OK"
2026-05-19 11:41:37,063 INFO HTTP Request: GET https://t.me/s/gastroenterology_updates?before=879 "HTTP/1.1 200 OK"
2026-05-19 11:41:37,821 INFO HTTP Request: GET https://t.me/s/gastroenterology_updates?before=859 "HTTP/1.1 200 OK"
2026-05-19 11:41:38,733 INFO HTTP Request: GET https://t.me/s/gastroenterology_updates?before=839 "HTTP/1.1 200 OK"
2026-05-19 11:41:39,715 INFO HTTP Request: GET https://t.me/s/gastroenterology_updates?before=819 "HTTP/1.1 200 OK"
2026-05-19 11:41:40,497 INFO HTTP Request: GET https://t.me/s/gastroenterology_updates?before=799 "HTTP/1.1 200 OK"
2026-05-19 11:41:41,293 INFO HTTP Request: GET https://t.me/s/gastroenterology_updates?before=779 "HTTP/1.1 200 OK"
2026-05-19 11:41:42,225 INFO HTTP Request: GET https://t.me/s/gastroenterology_updates?before=759 "HTTP/1.1 200 OK"
2026-05-19 11:41:43,239 INFO HTTP Request: GET https://t.me/s/gastroenterology_updates?before=739 "HTTP/1.1 200 OK"
2026-05-19 11:41:44,077 INFO HTTP Request: GET https://t.me/s/gastroenterology_updates?before=719 "HTTP/1.1 200 OK"
2026-05-19 11:41:44,856 INFO HTTP Request: GET https://t.me/s/gastroenterology_updates?before=699 "HTTP/1.1 200 OK"
2026-05-19 11:41:45,779 INFO HTTP Request: GET https://t.me/s/gastroenterology_updates?before=679 "HTTP/1.1 200 OK"
2026-05-19 11:41:46,650 INFO HTTP Request: GET https://t.me/s/gastroenterology_updates?before=659 "HTTP/1.1 200 OK"
2026-05-19 11:41:47,549 INFO HTTP Request: GET https://t.me/s/gastroenterology_updates?before=639 "HTTP/1.1 200 OK"
2026-05-19 11:41:48,363 INFO HTTP Request: GET https://t.me/s/gastroenterology_updates?before=619 "HTTP/1.1 200 OK"
2026-05-19 11:41:49,309 INFO HTTP Request: GET https://t.me/s/gastroenterology_updates?before=599 "HTTP/1.1 200 OK"
2026-05-19 11:41:50,254 INFO HTTP Request: GET https://t.me/s/gastroenterology_updates?before=579 "HTTP/1.1 200 OK"
2026-05-19 11:41:51,105 INFO HTTP Request: GET https://t.me/s/gastroenterology_updates?before=559 "HTTP/1.1 200 OK"
2026-05-19 11:41:51,914 INFO HTTP Request: GET https://t.me/s/gastroenterology_updates?before=539 "HTTP/1.1 200 OK"
2026-05-19 11:41:52,765 INFO HTTP Request: GET https://t.me/s/gastroenterology_updates?before=519 "HTTP/1.1 200 OK"
2026-05-19 11:41:53,725 INFO HTTP Request: GET https://t.me/s/gastroenterology_updates?before=499 "HTTP/1.1 200 OK"
2026-05-19 11:41:54,545 INFO HTTP Request: GET https://t.me/s/gastroenterology_updates?before=479 "HTTP/1.1 200 OK"
2026-05-19 11:41:55,346 INFO HTTP Request: GET https://t.me/s/gastroenterology_updates?before=459 "HTTP/1.1 200 OK"
2026-05-19 11:41:56,267 INFO HTTP Request: GET https://t.me/s/gastroenterology_updates?before=439 "HTTP/1.1 200 OK"
2026-05-19 11:41:57,195 INFO HTTP Request: GET https://t.me/s/gastroenterology_updates?before=419 "HTTP/1.1 200 OK"
2026-05-19 11:41:58,004 INFO HTTP Request: GET https://t.me/s/gastroenterology_updates?before=399 "HTTP/1.1 200 OK"
2026-05-19 11:41:58,776 INFO HTTP Request: GET https://t.me/s/gastroenterology_updates?before=379 "HTTP/1.1 200 OK"
2026-05-19 11:41:59,580 INFO HTTP Request: GET https://t.me/s/gastroenterology_updates?before=359 "HTTP/1.1 200 OK"
2026-05-19 11:42:00,566 INFO HTTP Request: GET https://t.me/s/gastroenterology_updates?before=339 "HTTP/1.1 200 OK"
2026-05-19 11:42:01,398 INFO HTTP Request: GET https://t.me/s/gastroenterology_updates?before=319 "HTTP/1.1 200 OK"
2026-05-19 11:42:02,259 INFO HTTP Request: GET https://t.me/s/gastroenterology_updates?before=299 "HTTP/1.1 200 OK"
2026-05-19 11:42:03,036 INFO HTTP Request: GET https://t.me/s/gastroenterology_updates?before=278 "HTTP/1.1 200 OK"
2026-05-19 11:42:03,861 INFO HTTP Request: GET https://t.me/s/gastroenterology_updates?before=258 "HTTP/1.1 200 OK"
2026-05-19 11:42:04,779 INFO HTTP Request: GET https://t.me/s/gastroenterology_updates?before=238 "HTTP/1.1 200 OK"
2026-05-19 11:42:05,688 INFO HTTP Request: GET https://t.me/s/gastroenterology_updates?before=218 "HTTP/1.1 200 OK"
2026-05-19 11:42:06,476 INFO HTTP Request: GET https://t.me/s/gastroenterology_updates?before=198 "HTTP/1.1 200 OK"
2026-05-19 11:42:07,243 INFO HTTP Request: GET https://t.me/s/gastroenterology_updates?before=178 "HTTP/1.1 200 OK"
2026-05-19 11:42:08,062 INFO HTTP Request: GET https://t.me/s/gastroenterology_updates?before=157 "HTTP/1.1 200 OK"
2026-05-19 11:42:08,971 INFO HTTP Request: GET https://t.me/s/gastroenterology_updates?before=136 "HTTP/1.1 200 OK"
2026-05-19 11:42:09,836 INFO HTTP Request: GET https://t.me/s/gastroenterology_updates?before=116 "HTTP/1.1 200 OK"
2026-05-19 11:42:10,687 INFO HTTP Request: GET https://t.me/s/gastroenterology_updates?before=96 "HTTP/1.1 200 OK"
2026-05-19 11:42:11,499 INFO HTTP Request: GET https://t.me/s/gastroenterology_updates?before=73 "HTTP/1.1 200 OK"
2026-05-19 11:42:12,426 INFO HTTP Request: GET https://t.me/s/gastroenterology_updates?before=53 "HTTP/1.1 200 OK"
2026-05-19 11:42:13,334 INFO HTTP Request: GET https://t.me/s/gastroenterology_updates?before=33 "HTTP/1.1 200 OK"
2026-05-19 11:42:13,906 INFO [142/167] @gastroenterology_updates posts=2393 source=tme_full_preview
2026-05-19 11:42:14,406 INFO [143/167] skip @usmlebooks (cached)
2026-05-19 11:42:14,407 INFO [144/167] skip @anesthesia_books_pdf (cached)
2026-05-19 11:42:14,409 INFO Trying t.me/s/pediatrics_books ...
2026-05-19 11:42:15,206 INFO HTTP Request: GET https://t.me/s/pediatrics_books "HTTP/1.1 302 Found"
2026-05-19 11:42:15,486 INFO HTTP Request: GET https://t.me/pediatrics_books "HTTP/1.1 200 OK"
2026-05-19 11:42:15,488 INFO TGStat sample for pediatrics_books (no public preview)
2026-05-19 11:42:16,882 INFO HTTP Request: GET https://tgstat.com/channel/@pediatrics_books "HTTP/1.1 200 OK"
2026-05-19 11:42:18,000 INFO HTTP Request: GET https://tgstat.com/channel/@pediatrics_books "HTTP/1.1 200 OK"
2026-05-19 11:42:19,145 INFO HTTP Request: GET https://tgstat.com/channel/@Pediatrics_Books "HTTP/1.1 200 OK"
2026-05-19 11:42:19,928 INFO [145/167] @pediatrics_books posts=0 source=no_public_data
2026-05-19 11:42:20,442 INFO Trying t.me/s/drakbarnejad1 ...
2026-05-19 11:42:21,251 INFO HTTP Request: GET https://t.me/s/drakbarnejad1 "HTTP/1.1 302 Found"
2026-05-19 11:42:21,533 INFO HTTP Request: GET https://t.me/drakbarnejad1 "HTTP/1.1 200 OK"
2026-05-19 11:42:21,533 INFO TGStat sample for drakbarnejad1 (no public preview)
2026-05-19 11:42:22,208 INFO HTTP Request: GET https://tgstat.com/channel/@drakbarnejad1 "HTTP/1.1 200 OK"
2026-05-19 11:42:27,047 INFO HTTP Request: GET https://tgstat.com/channel/@drakbarnejad1 "HTTP/1.1 200 OK"
2026-05-19 11:42:28,129 INFO HTTP Request: GET https://tgstat.com/channel/@Drakbarnejad1 "HTTP/1.1 200 OK"
2026-05-19 11:42:28,910 INFO [146/167] @drakbarnejad1 posts=0 source=no_public_data
2026-05-19 11:42:29,425 INFO Trying t.me/s/kinobaxishbook ...
2026-05-19 11:42:30,250 INFO HTTP Request: GET https://t.me/s/kinobaxishbook "HTTP/1.1 302 Found"
2026-05-19 11:42:30,535 INFO HTTP Request: GET https://t.me/kinobaxishbook "HTTP/1.1 200 OK"
2026-05-19 11:42:30,536 INFO TGStat sample for kinobaxishbook (no public preview)
2026-05-19 11:42:31,227 INFO HTTP Request: GET https://tgstat.com/channel/@kinobaxishbook "HTTP/1.1 200 OK"
2026-05-19 11:42:32,332 INFO HTTP Request: GET https://tgstat.com/channel/@kinobaxishbook "HTTP/1.1 200 OK"
2026-05-19 11:42:33,393 INFO HTTP Request: GET https://tgstat.com/channel/@Kinobaxishbook "HTTP/1.1 200 OK"
2026-05-19 11:42:34,163 INFO [147/167] @kinobaxishbook posts=0 source=no_public_data
2026-05-19 11:42:34,678 INFO [148/167] skip @surgerycollection (cached)
2026-05-19 11:42:34,678 INFO Trying t.me/s/ent_books_pdf ...
2026-05-19 11:42:35,484 INFO HTTP Request: GET https://t.me/s/ent_books_pdf "HTTP/1.1 302 Found"
2026-05-19 11:42:35,765 INFO HTTP Request: GET https://t.me/ent_books_pdf "HTTP/1.1 200 OK"
2026-05-19 11:42:35,767 INFO TGStat sample for ent_books_pdf (no public preview)
2026-05-19 11:42:36,485 INFO HTTP Request: GET https://tgstat.com/channel/@ent_books_pdf "HTTP/1.1 200 OK"
2026-05-19 11:42:37,640 INFO HTTP Request: GET https://tgstat.com/channel/@ent_books_pdf "HTTP/1.1 200 OK"
2026-05-19 11:42:38,746 INFO HTTP Request: GET https://tgstat.com/channel/@Ent_Books_Pdf "HTTP/1.1 200 OK"
2026-05-19 11:42:39,528 INFO [149/167] @ent_books_pdf posts=0 source=no_public_data
2026-05-19 11:42:40,030 INFO Trying t.me/s/medbookspdf ...
2026-05-19 11:42:40,856 INFO HTTP Request: GET https://t.me/s/medbookspdf "HTTP/1.1 302 Found"
2026-05-19 11:42:41,136 INFO HTTP Request: GET https://t.me/medbookspdf "HTTP/1.1 200 OK"
2026-05-19 11:42:41,137 INFO TGStat sample for medbookspdf (no public preview)
2026-05-19 11:42:41,803 INFO HTTP Request: GET https://tgstat.com/channel/@medbookspdf "HTTP/1.1 200 OK"
2026-05-19 11:42:42,938 INFO HTTP Request: GET https://tgstat.com/channel/@medbookspdf "HTTP/1.1 200 OK"
2026-05-19 11:42:44,068 INFO HTTP Request: GET https://tgstat.com/channel/@Medbookspdf "HTTP/1.1 200 OK"
2026-05-19 11:42:44,850 INFO [150/167] @medbookspdf posts=0 source=no_public_data
2026-05-19 11:42:45,365 INFO Trying t.me/s/neetpgmds ...
2026-05-19 11:42:46,215 INFO HTTP Request: GET https://t.me/s/neetpgmds "HTTP/1.1 302 Found"
2026-05-19 11:42:46,493 INFO HTTP Request: GET https://t.me/neetpgmds "HTTP/1.1 200 OK"
2026-05-19 11:42:46,493 INFO TGStat sample for neetpgmds (no public preview)
2026-05-19 11:42:47,168 INFO HTTP Request: GET https://tgstat.com/channel/@neetpgmds "HTTP/1.1 200 OK"
2026-05-19 11:42:48,278 INFO HTTP Request: GET https://tgstat.com/channel/@neetpgmds "HTTP/1.1 200 OK"
2026-05-19 11:42:49,467 INFO HTTP Request: GET https://tgstat.com/channel/@Neetpgmds "HTTP/1.1 200 OK"
2026-05-19 11:42:50,233 INFO [151/167] @neetpgmds posts=0 source=no_public_data
2026-05-19 11:42:50,746 INFO Trying t.me/s/amcclinicalexamprep ...
2026-05-19 11:42:51,564 INFO HTTP Request: GET https://t.me/s/amcclinicalexamprep "HTTP/1.1 302 Found"
2026-05-19 11:42:51,850 INFO HTTP Request: GET https://t.me/amcclinicalexamprep "HTTP/1.1 200 OK"
2026-05-19 11:42:51,851 INFO TGStat sample for amcclinicalexamprep (no public preview)
2026-05-19 11:42:52,500 INFO HTTP Request: GET https://tgstat.com/channel/@amcclinicalexamprep "HTTP/1.1 200 OK"
2026-05-19 11:42:53,586 INFO HTTP Request: GET https://tgstat.com/channel/@amcclinicalexamprep "HTTP/1.1 200 OK"
2026-05-19 11:42:54,671 INFO HTTP Request: GET https://tgstat.com/channel/@Amcclinicalexamprep "HTTP/1.1 200 OK"
2026-05-19 11:42:55,450 INFO [152/167] @amcclinicalexamprep posts=0 source=no_public_data
2026-05-19 11:42:55,954 INFO Trying t.me/s/pdfchannelgynecologist ...
2026-05-19 11:42:56,760 INFO HTTP Request: GET https://t.me/s/pdfchannelgynecologist "HTTP/1.1 302 Found"
2026-05-19 11:42:57,041 INFO HTTP Request: GET https://t.me/pdfchannelgynecologist "HTTP/1.1 200 OK"
2026-05-19 11:42:57,042 INFO TGStat sample for pdfchannelgynecologist (no public preview)
2026-05-19 11:42:57,745 INFO HTTP Request: GET https://tgstat.com/channel/@pdfchannelgynecologist "HTTP/1.1 200 OK"
2026-05-19 11:42:58,868 INFO HTTP Request: GET https://tgstat.com/channel/@pdfchannelgynecologist "HTTP/1.1 200 OK"
2026-05-19 11:42:59,976 INFO HTTP Request: GET https://tgstat.com/channel/@Pdfchannelgynecologist "HTTP/1.1 200 OK"
2026-05-19 11:43:00,767 INFO [153/167] @pdfchannelgynecologist posts=0 source=no_public_data
2026-05-19 11:43:01,268 INFO Trying t.me/s/pulmonaryc ...
2026-05-19 11:43:02,075 INFO HTTP Request: GET https://t.me/s/pulmonaryc "HTTP/1.1 302 Found"
2026-05-19 11:43:02,358 INFO HTTP Request: GET https://t.me/pulmonaryc "HTTP/1.1 200 OK"
2026-05-19 11:43:02,359 INFO TGStat sample for pulmonaryc (no public preview)
2026-05-19 11:43:03,063 INFO HTTP Request: GET https://tgstat.com/channel/@pulmonaryc "HTTP/1.1 200 OK"
2026-05-19 11:43:04,132 INFO HTTP Request: GET https://tgstat.com/channel/@pulmonaryc "HTTP/1.1 200 OK"
2026-05-19 11:43:05,209 INFO HTTP Request: GET https://tgstat.com/channel/@Pulmonaryc "HTTP/1.1 200 OK"
2026-05-19 11:43:05,988 INFO [154/167] @pulmonaryc posts=0 source=no_public_data
2026-05-19 11:43:06,502 INFO Trying t.me/s/salekannus ...
2026-05-19 11:43:07,306 INFO HTTP Request: GET https://t.me/s/salekannus "HTTP/1.1 302 Found"
2026-05-19 11:43:07,585 INFO HTTP Request: GET https://t.me/salekannus "HTTP/1.1 200 OK"
2026-05-19 11:43:07,586 INFO TGStat sample for salekannus (no public preview)
2026-05-19 11:43:08,284 INFO HTTP Request: GET https://tgstat.com/channel/@salekannus "HTTP/1.1 200 OK"
2026-05-19 11:43:09,444 INFO HTTP Request: GET https://tgstat.com/channel/@salekannus "HTTP/1.1 200 OK"
2026-05-19 11:43:10,565 INFO HTTP Request: GET https://tgstat.com/channel/@Salekannus "HTTP/1.1 200 OK"
2026-05-19 11:43:11,341 INFO [155/167] @salekannus posts=0 source=no_public_data
2026-05-19 11:43:11,856 INFO Trying t.me/s/ophthalmology_pdf ...
2026-05-19 11:43:12,696 INFO HTTP Request: GET https://t.me/s/ophthalmology_pdf "HTTP/1.1 302 Found"
2026-05-19 11:43:12,976 INFO HTTP Request: GET https://t.me/ophthalmology_pdf "HTTP/1.1 200 OK"
2026-05-19 11:43:12,978 INFO TGStat sample for ophthalmology_pdf (no public preview)
2026-05-19 11:43:13,672 INFO HTTP Request: GET https://tgstat.com/channel/@ophthalmology_pdf "HTTP/1.1 200 OK"
2026-05-19 11:43:14,778 INFO HTTP Request: GET https://tgstat.com/channel/@ophthalmology_pdf "HTTP/1.1 200 OK"
2026-05-19 11:43:15,902 INFO HTTP Request: GET https://tgstat.com/channel/@Ophthalmology_Pdf "HTTP/1.1 200 OK"
2026-05-19 11:43:16,677 INFO [156/167] @ophthalmology_pdf posts=0 source=no_public_data
2026-05-19 11:43:17,192 INFO Trying t.me/s/files_of_pediatrics_and_obgyn ...
2026-05-19 11:43:18,141 INFO HTTP Request: GET https://t.me/s/files_of_pediatrics_and_obgyn "HTTP/1.1 200 OK"
2026-05-19 11:43:19,056 INFO HTTP Request: GET https://t.me/s/files_of_pediatrics_and_obgyn?before=1653 "HTTP/1.1 200 OK"
2026-05-19 11:43:19,971 INFO HTTP Request: GET https://t.me/s/files_of_pediatrics_and_obgyn?before=1619 "HTTP/1.1 200 OK"
2026-05-19 11:43:20,966 INFO HTTP Request: GET https://t.me/s/files_of_pediatrics_and_obgyn?before=1597 "HTTP/1.1 200 OK"
2026-05-19 11:43:22,030 INFO HTTP Request: GET https://t.me/s/files_of_pediatrics_and_obgyn?before=1566 "HTTP/1.1 200 OK"
2026-05-19 11:43:22,964 INFO HTTP Request: GET https://t.me/s/files_of_pediatrics_and_obgyn?before=1483 "HTTP/1.1 200 OK"
2026-05-19 11:43:23,879 INFO HTTP Request: GET https://t.me/s/files_of_pediatrics_and_obgyn?before=1458 "HTTP/1.1 200 OK"
2026-05-19 11:43:24,879 INFO HTTP Request: GET https://t.me/s/files_of_pediatrics_and_obgyn?before=1429 "HTTP/1.1 200 OK"
2026-05-19 11:43:25,723 INFO HTTP Request: GET https://t.me/s/files_of_pediatrics_and_obgyn?before=1397 "HTTP/1.1 200 OK"
2026-05-19 11:43:26,693 INFO HTTP Request: GET https://t.me/s/files_of_pediatrics_and_obgyn?before=1276 "HTTP/1.1 200 OK"
2026-05-19 11:43:27,659 INFO HTTP Request: GET https://t.me/s/files_of_pediatrics_and_obgyn?before=1234 "HTTP/1.1 200 OK"
2026-05-19 11:43:28,540 INFO HTTP Request: GET https://t.me/s/files_of_pediatrics_and_obgyn?before=1213 "HTTP/1.1 200 OK"
2026-05-19 11:43:29,433 INFO HTTP Request: GET https://t.me/s/files_of_pediatrics_and_obgyn?before=1189 "HTTP/1.1 200 OK"
2026-05-19 11:43:32,880 INFO HTTP Request: GET https://t.me/s/files_of_pediatrics_and_obgyn?before=1168 "HTTP/1.1 200 OK"
2026-05-19 11:43:33,837 INFO HTTP Request: GET https://t.me/s/files_of_pediatrics_and_obgyn?before=1148 "HTTP/1.1 200 OK"
2026-05-19 11:43:34,717 INFO HTTP Request: GET https://t.me/s/files_of_pediatrics_and_obgyn?before=1126 "HTTP/1.1 200 OK"
2026-05-19 11:43:35,596 INFO HTTP Request: GET https://t.me/s/files_of_pediatrics_and_obgyn?before=1101 "HTTP/1.1 200 OK"
2026-05-19 11:43:36,530 INFO HTTP Request: GET https://t.me/s/files_of_pediatrics_and_obgyn?before=1079 "HTTP/1.1 200 OK"
2026-05-19 11:43:37,439 INFO HTTP Request: GET https://t.me/s/files_of_pediatrics_and_obgyn?before=1059 "HTTP/1.1 200 OK"
2026-05-19 11:43:38,464 INFO HTTP Request: GET https://t.me/s/files_of_pediatrics_and_obgyn?before=1039 "HTTP/1.1 200 OK"
2026-05-19 11:43:39,327 INFO HTTP Request: GET https://t.me/s/files_of_pediatrics_and_obgyn?before=1017 "HTTP/1.1 200 OK"
2026-05-19 11:43:40,293 INFO HTTP Request: GET https://t.me/s/files_of_pediatrics_and_obgyn?before=988 "HTTP/1.1 200 OK"
2026-05-19 11:43:41,300 INFO HTTP Request: GET https://t.me/s/files_of_pediatrics_and_obgyn?before=964 "HTTP/1.1 200 OK"
2026-05-19 11:43:42,205 INFO HTTP Request: GET https://t.me/s/files_of_pediatrics_and_obgyn?before=938 "HTTP/1.1 200 OK"
2026-05-19 11:43:43,163 INFO HTTP Request: GET https://t.me/s/files_of_pediatrics_and_obgyn?before=866 "HTTP/1.1 200 OK"
2026-05-19 11:43:44,251 INFO HTTP Request: GET https://t.me/s/files_of_pediatrics_and_obgyn?before=841 "HTTP/1.1 200 OK"
2026-05-19 11:43:45,336 INFO HTTP Request: GET https://t.me/s/files_of_pediatrics_and_obgyn?before=725 "HTTP/1.1 200 OK"
2026-05-19 11:43:46,458 INFO HTTP Request: GET https://t.me/s/files_of_pediatrics_and_obgyn?before=608 "HTTP/1.1 200 OK"
2026-05-19 11:43:47,442 INFO HTTP Request: GET https://t.me/s/files_of_pediatrics_and_obgyn?before=586 "HTTP/1.1 200 OK"
2026-05-19 11:43:48,399 INFO HTTP Request: GET https://t.me/s/files_of_pediatrics_and_obgyn?before=566 "HTTP/1.1 200 OK"
2026-05-19 11:43:49,292 INFO HTTP Request: GET https://t.me/s/files_of_pediatrics_and_obgyn?before=531 "HTTP/1.1 200 OK"
2026-05-19 11:43:50,132 INFO HTTP Request: GET https://t.me/s/files_of_pediatrics_and_obgyn?before=509 "HTTP/1.1 200 OK"
2026-05-19 11:43:50,934 INFO HTTP Request: GET https://t.me/s/files_of_pediatrics_and_obgyn?before=466 "HTTP/1.1 200 OK"
2026-05-19 11:43:51,747 INFO HTTP Request: GET https://t.me/s/files_of_pediatrics_and_obgyn?before=441 "HTTP/1.1 200 OK"
2026-05-19 11:43:52,558 INFO HTTP Request: GET https://t.me/s/files_of_pediatrics_and_obgyn?before=417 "HTTP/1.1 200 OK"
2026-05-19 11:43:53,378 INFO HTTP Request: GET https://t.me/s/files_of_pediatrics_and_obgyn?before=394 "HTTP/1.1 200 OK"
2026-05-19 11:43:54,309 INFO HTTP Request: GET https://t.me/s/files_of_pediatrics_and_obgyn?before=374 "HTTP/1.1 200 OK"
2026-05-19 11:43:55,283 INFO HTTP Request: GET https://t.me/s/files_of_pediatrics_and_obgyn?before=334 "HTTP/1.1 200 OK"
2026-05-19 11:43:56,096 INFO HTTP Request: GET https://t.me/s/files_of_pediatrics_and_obgyn?before=309 "HTTP/1.1 200 OK"
2026-05-19 11:43:57,051 INFO HTTP Request: GET https://t.me/s/files_of_pediatrics_and_obgyn?before=285 "HTTP/1.1 200 OK"
2026-05-19 11:43:57,918 INFO HTTP Request: GET https://t.me/s/files_of_pediatrics_and_obgyn?before=265 "HTTP/1.1 200 OK"
2026-05-19 11:43:58,732 INFO HTTP Request: GET https://t.me/s/files_of_pediatrics_and_obgyn?before=245 "HTTP/1.1 200 OK"
2026-05-19 11:43:59,546 INFO HTTP Request: GET https://t.me/s/files_of_pediatrics_and_obgyn?before=225 "HTTP/1.1 200 OK"
2026-05-19 11:44:00,292 INFO HTTP Request: GET https://t.me/s/files_of_pediatrics_and_obgyn?before=1 "HTTP/1.1 200 OK"
2026-05-19 11:44:00,333 INFO [157/167] @files_of_pediatrics_and_obgyn posts=768 source=tme_full_preview
2026-05-19 11:44:00,837 INFO [158/167] skip @critical_care_books (cached)
2026-05-19 11:44:00,839 INFO Trying t.me/s/critialnurse ...
2026-05-19 11:44:01,781 INFO HTTP Request: GET https://t.me/s/critialnurse "HTTP/1.1 200 OK"
2026-05-19 11:44:02,735 INFO HTTP Request: GET https://t.me/s/critialnurse?before=678 "HTTP/1.1 200 OK"
2026-05-19 11:44:03,733 INFO HTTP Request: GET https://t.me/s/critialnurse?before=655 "HTTP/1.1 200 OK"
2026-05-19 11:44:04,729 INFO HTTP Request: GET https://t.me/s/critialnurse?before=623 "HTTP/1.1 200 OK"
2026-05-19 11:44:05,676 INFO HTTP Request: GET https://t.me/s/critialnurse?before=601 "HTTP/1.1 200 OK"
2026-05-19 11:44:06,626 INFO HTTP Request: GET https://t.me/s/critialnurse?before=580 "HTTP/1.1 200 OK"
2026-05-19 11:44:07,647 INFO HTTP Request: GET https://t.me/s/critialnurse?before=547 "HTTP/1.1 200 OK"
2026-05-19 11:44:08,626 INFO HTTP Request: GET https://t.me/s/critialnurse?before=524 "HTTP/1.1 200 OK"
2026-05-19 11:44:09,569 INFO HTTP Request: GET https://t.me/s/critialnurse?before=503 "HTTP/1.1 200 OK"
2026-05-19 11:44:10,547 INFO HTTP Request: GET https://t.me/s/critialnurse?before=477 "HTTP/1.1 200 OK"
2026-05-19 11:44:11,521 INFO HTTP Request: GET https://t.me/s/critialnurse?before=455 "HTTP/1.1 200 OK"
2026-05-19 11:44:12,494 INFO HTTP Request: GET https://t.me/s/critialnurse?before=426 "HTTP/1.1 200 OK"
2026-05-19 11:44:13,490 INFO HTTP Request: GET https://t.me/s/critialnurse?before=399 "HTTP/1.1 200 OK"
2026-05-19 11:44:14,369 INFO HTTP Request: GET https://t.me/s/critialnurse?before=366 "HTTP/1.1 200 OK"
2026-05-19 11:44:15,321 INFO HTTP Request: GET https://t.me/s/critialnurse?before=346 "HTTP/1.1 200 OK"
2026-05-19 11:44:16,202 INFO HTTP Request: GET https://t.me/s/critialnurse?before=326 "HTTP/1.1 200 OK"
2026-05-19 11:44:17,028 INFO HTTP Request: GET https://t.me/s/critialnurse?before=304 "HTTP/1.1 200 OK"
2026-05-19 11:44:17,908 INFO HTTP Request: GET https://t.me/s/critialnurse?before=284 "HTTP/1.1 200 OK"
2026-05-19 11:44:18,838 INFO HTTP Request: GET https://t.me/s/critialnurse?before=264 "HTTP/1.1 200 OK"
2026-05-19 11:44:19,733 INFO HTTP Request: GET https://t.me/s/critialnurse?before=239 "HTTP/1.1 200 OK"
2026-05-19 11:44:20,641 INFO HTTP Request: GET https://t.me/s/critialnurse?before=217 "HTTP/1.1 200 OK"
2026-05-19 11:44:21,507 INFO HTTP Request: GET https://t.me/s/critialnurse?before=197 "HTTP/1.1 200 OK"
2026-05-19 11:44:22,432 INFO HTTP Request: GET https://t.me/s/critialnurse?before=173 "HTTP/1.1 200 OK"
2026-05-19 11:44:23,469 INFO HTTP Request: GET https://t.me/s/critialnurse?before=153 "HTTP/1.1 200 OK"
2026-05-19 11:44:24,253 INFO HTTP Request: GET https://t.me/s/critialnurse?before=127 "HTTP/1.1 200 OK"
2026-05-19 11:44:25,023 INFO HTTP Request: GET https://t.me/s/critialnurse?before=106 "HTTP/1.1 200 OK"
2026-05-19 11:44:25,828 INFO HTTP Request: GET https://t.me/s/critialnurse?before=76 "HTTP/1.1 200 OK"
2026-05-19 11:44:26,672 INFO HTTP Request: GET https://t.me/s/critialnurse?before=56 "HTTP/1.1 200 OK"
2026-05-19 11:44:27,438 INFO HTTP Request: GET https://t.me/s/critialnurse?before=32 "HTTP/1.1 200 OK"
2026-05-19 11:44:28,225 INFO HTTP Request: GET https://t.me/s/critialnurse?before=9 "HTTP/1.1 200 OK"
2026-05-19 11:44:28,929 INFO HTTP Request: GET https://t.me/s/critialnurse?before=1 "HTTP/1.1 200 OK"
2026-05-19 11:44:28,958 INFO [159/167] @critialnurse posts=465 source=tme_full_preview
2026-05-19 11:44:29,459 INFO Trying t.me/s/psypdf ...
2026-05-19 11:44:30,256 INFO HTTP Request: GET https://t.me/s/psypdf "HTTP/1.1 302 Found"
2026-05-19 11:44:30,543 INFO HTTP Request: GET https://t.me/psypdf "HTTP/1.1 200 OK"
2026-05-19 11:44:30,543 INFO TGStat sample for psypdf (no public preview)
2026-05-19 11:44:32,197 INFO HTTP Request: GET https://tgstat.com/channel/@psypdf "HTTP/1.1 200 OK"
2026-05-19 11:44:33,322 INFO HTTP Request: GET https://tgstat.com/channel/@psypdf "HTTP/1.1 200 OK"
2026-05-19 11:44:34,463 INFO HTTP Request: GET https://tgstat.com/channel/@Psypdf "HTTP/1.1 200 OK"
2026-05-19 11:44:35,230 INFO [160/167] @psypdf posts=0 source=no_public_data
2026-05-19 11:44:35,746 INFO Trying t.me/s/dentistrylibrary ...
2026-05-19 11:44:36,534 INFO HTTP Request: GET https://t.me/s/dentistrylibrary "HTTP/1.1 302 Found"
2026-05-19 11:44:36,811 INFO HTTP Request: GET https://t.me/dentistrylibrary "HTTP/1.1 200 OK"
2026-05-19 11:44:36,812 INFO TGStat sample for dentistrylibrary (no public preview)
2026-05-19 11:44:37,489 INFO HTTP Request: GET https://tgstat.com/channel/@dentistrylibrary "HTTP/1.1 200 OK"
2026-05-19 11:44:38,623 INFO HTTP Request: GET https://tgstat.com/channel/@dentistrylibrary "HTTP/1.1 200 OK"
2026-05-19 11:44:39,842 INFO HTTP Request: GET https://tgstat.com/channel/@Dentistrylibrary "HTTP/1.1 200 OK"
2026-05-19 11:44:40,614 INFO [161/167] @dentistrylibrary posts=0 source=no_public_data
2026-05-19 11:44:41,115 INFO Trying t.me/s/pathology_books_pdf ...
2026-05-19 11:44:41,919 INFO HTTP Request: GET https://t.me/s/pathology_books_pdf "HTTP/1.1 302 Found"
2026-05-19 11:44:42,200 INFO HTTP Request: GET https://t.me/pathology_books_pdf "HTTP/1.1 200 OK"
2026-05-19 11:44:42,202 INFO TGStat sample for pathology_books_pdf (no public preview)
2026-05-19 11:44:42,871 INFO HTTP Request: GET https://tgstat.com/channel/@pathology_books_pdf "HTTP/1.1 200 OK"
2026-05-19 11:44:43,974 INFO HTTP Request: GET https://tgstat.com/channel/@pathology_books_pdf "HTTP/1.1 200 OK"
2026-05-19 11:44:45,135 INFO HTTP Request: GET https://tgstat.com/channel/@Pathology_Books_Pdf "HTTP/1.1 200 OK"
2026-05-19 11:44:45,914 INFO [162/167] @pathology_books_pdf posts=0 source=no_public_data
2026-05-19 11:44:46,418 INFO Trying t.me/s/pediatricsc ...
2026-05-19 11:44:47,244 INFO HTTP Request: GET https://t.me/s/pediatricsc "HTTP/1.1 302 Found"
2026-05-19 11:44:47,532 INFO HTTP Request: GET https://t.me/pediatricsc "HTTP/1.1 200 OK"
2026-05-19 11:44:47,533 INFO TGStat sample for pediatricsc (no public preview)
2026-05-19 11:44:48,220 INFO HTTP Request: GET https://tgstat.com/channel/@pediatricsc "HTTP/1.1 200 OK"
2026-05-19 11:44:49,385 INFO HTTP Request: GET https://tgstat.com/channel/@pediatricsc "HTTP/1.1 200 OK"
2026-05-19 11:44:50,514 INFO HTTP Request: GET https://tgstat.com/channel/@Pediatricsc "HTTP/1.1 200 OK"
2026-05-19 11:44:51,282 INFO [163/167] @pediatricsc posts=0 source=no_public_data
2026-05-19 11:44:51,786 INFO [164/167] skip @gastroenterology_courses (cached)
2026-05-19 11:44:51,788 INFO Trying t.me/s/pezeshkibooks ...
2026-05-19 11:44:52,620 INFO HTTP Request: GET https://t.me/s/pezeshkibooks "HTTP/1.1 302 Found"
2026-05-19 11:44:52,905 INFO HTTP Request: GET https://t.me/pezeshkibooks "HTTP/1.1 200 OK"
2026-05-19 11:44:52,905 INFO TGStat sample for pezeshkibooks (no public preview)
2026-05-19 11:44:53,640 INFO HTTP Request: GET https://tgstat.com/channel/@pezeshkibooks "HTTP/1.1 200 OK"
2026-05-19 11:44:54,764 INFO HTTP Request: GET https://tgstat.com/channel/@pezeshkibooks "HTTP/1.1 200 OK"
2026-05-19 11:44:56,030 INFO HTTP Request: GET https://tgstat.com/channel/@Pezeshkibooks "HTTP/1.1 200 OK"
2026-05-19 11:44:56,802 INFO [165/167] @pezeshkibooks posts=0 source=no_public_data
2026-05-19 11:44:57,319 INFO Trying t.me/s/crazypills ...
2026-05-19 11:44:58,146 INFO HTTP Request: GET https://t.me/s/crazypills "HTTP/1.1 302 Found"
2026-05-19 11:44:58,426 INFO HTTP Request: GET https://t.me/crazypills "HTTP/1.1 200 OK"
2026-05-19 11:44:58,427 INFO TGStat sample for crazypills (no public preview)
2026-05-19 11:44:59,126 INFO HTTP Request: GET https://tgstat.com/channel/@crazypills "HTTP/1.1 200 OK"
2026-05-19 11:45:00,236 INFO HTTP Request: GET https://tgstat.com/channel/@crazypills "HTTP/1.1 200 OK"
2026-05-19 11:45:01,419 INFO HTTP Request: GET https://tgstat.com/channel/@Crazypills "HTTP/1.1 200 OK"
2026-05-19 11:45:02,204 INFO [166/167] @crazypills posts=0 source=no_public_data
2026-05-19 11:45:02,719 INFO Trying t.me/s/pediatrics_course ...
2026-05-19 11:45:03,547 INFO HTTP Request: GET https://t.me/s/pediatrics_course "HTTP/1.1 302 Found"
2026-05-19 11:45:03,830 INFO HTTP Request: GET https://t.me/pediatrics_course "HTTP/1.1 200 OK"
2026-05-19 11:45:03,831 INFO TGStat sample for pediatrics_course (no public preview)
2026-05-19 11:45:04,568 INFO HTTP Request: GET https://tgstat.com/channel/@pediatrics_course "HTTP/1.1 200 OK"
2026-05-19 11:45:05,668 INFO HTTP Request: GET https://tgstat.com/channel/@pediatrics_course "HTTP/1.1 200 OK"
2026-05-19 11:45:06,795 INFO HTTP Request: GET https://tgstat.com/channel/@Pediatrics_Course "HTTP/1.1 200 OK"
2026-05-19 11:45:07,586 INFO [167/167] @pediatrics_course posts=0 source=no_public_data
2026-05-19 11:45:08,100 INFO Batch scrape complete
2026-05-19 11:57:26,282 INFO Scraping 196 qualified channels (max_pages=120)
2026-05-19 11:57:26,284 INFO [1/196] skip @ebooks (cached)
2026-05-19 11:57:26,286 INFO [2/196] skip @speedybook (cached)
2026-05-19 11:57:26,288 INFO Trying t.me/s/jpbookpdf ...
2026-05-19 11:57:28,654 INFO HTTP Request: GET https://t.me/s/jpbookpdf "HTTP/1.1 302 Found"
2026-05-19 11:57:28,940 INFO HTTP Request: GET https://t.me/jpbookpdf "HTTP/1.1 200 OK"
2026-05-19 11:57:28,941 INFO TGStat sample for jpbookpdf (no public preview)
2026-05-19 11:57:30,671 INFO HTTP Request: GET https://tgstat.com/channel/@jpbookpdf "HTTP/1.1 200 OK"
2026-05-19 11:57:31,887 INFO HTTP Request: GET https://tgstat.com/channel/@jpbookpdf "HTTP/1.1 200 OK"
2026-05-19 11:57:33,015 INFO HTTP Request: GET https://tgstat.com/channel/@Jpbookpdf "HTTP/1.1 200 OK"
2026-05-19 11:57:33,796 INFO [3/196] @jpbookpdf posts=0 source=no_public_data
2026-05-19 11:57:34,330 INFO [4/196] skip @medicine_way2 (cached)
2026-05-19 11:57:34,335 INFO [5/196] skip @medicinevideoss (cached)
2026-05-19 11:57:34,336 INFO [6/196] skip @pdfbo0ok (cached)
2026-05-19 11:57:34,338 INFO Trying t.me/s/mmedicalbookss ...
2026-05-19 11:57:35,137 INFO HTTP Request: GET https://t.me/s/mmedicalbookss "HTTP/1.1 302 Found"
2026-05-19 11:57:35,413 INFO HTTP Request: GET https://t.me/mmedicalbookss "HTTP/1.1 200 OK"
2026-05-19 11:57:35,413 INFO TGStat sample for mmedicalbookss (no public preview)
2026-05-19 11:57:36,103 INFO HTTP Request: GET https://tgstat.com/channel/@mmedicalbookss "HTTP/1.1 200 OK"
2026-05-19 11:57:37,285 INFO HTTP Request: GET https://tgstat.com/channel/@mmedicalbookss "HTTP/1.1 200 OK"
2026-05-19 11:57:38,444 INFO HTTP Request: GET https://tgstat.com/channel/@Mmedicalbookss "HTTP/1.1 200 OK"
2026-05-19 11:57:39,270 INFO [7/196] @mmedicalbookss posts=0 source=no_public_data
2026-05-19 11:57:39,801 INFO [8/196] skip @sketchymedical (cached)
2026-05-19 11:57:39,801 INFO [9/196] skip @anatomyvideoss (cached)
2026-05-19 11:57:39,803 INFO [10/196] skip @surgeryvideos (cached)
2026-05-19 11:57:39,804 INFO Trying t.me/s/anesthesia_books ...
2026-05-19 11:57:40,671 INFO HTTP Request: GET https://t.me/s/anesthesia_books "HTTP/1.1 302 Found"
2026-05-19 11:57:40,955 INFO HTTP Request: GET https://t.me/anesthesia_books "HTTP/1.1 200 OK"
2026-05-19 11:57:40,956 INFO TGStat sample for anesthesia_books (no public preview)
2026-05-19 11:57:41,648 INFO HTTP Request: GET https://tgstat.com/channel/@anesthesia_books "HTTP/1.1 200 OK"
2026-05-19 11:57:42,770 INFO HTTP Request: GET https://tgstat.com/channel/@anesthesia_books "HTTP/1.1 200 OK"
2026-05-19 11:57:44,904 INFO HTTP Request: GET https://tgstat.com/channel/@Anesthesia_Books "HTTP/1.1 200 OK"
2026-05-19 11:57:45,704 INFO [11/196] @anesthesia_books posts=0 source=no_public_data
2026-05-19 11:57:46,301 INFO [12/196] skip @medipoints (cached)
2026-05-19 11:57:46,303 INFO [13/196] skip @medicalprep (cached)
2026-05-19 11:57:46,304 INFO Trying t.me/s/plab_mrcp ...
2026-05-19 11:57:47,131 INFO HTTP Request: GET https://t.me/s/plab_mrcp "HTTP/1.1 302 Found"
2026-05-19 11:57:47,413 INFO HTTP Request: GET https://t.me/plab_mrcp "HTTP/1.1 200 OK"
2026-05-19 11:57:47,414 INFO TGStat sample for plab_mrcp (no public preview)
2026-05-19 11:57:48,150 INFO HTTP Request: GET https://tgstat.com/channel/@plab_mrcp "HTTP/1.1 200 OK"
2026-05-19 11:57:49,292 INFO HTTP Request: GET https://tgstat.com/channel/@plab_mrcp "HTTP/1.1 200 OK"
2026-05-19 11:57:50,449 INFO HTTP Request: GET https://tgstat.com/channel/@Plab_Mrcp "HTTP/1.1 200 OK"
2026-05-19 11:57:51,232 INFO [14/196] @plab_mrcp posts=0 source=no_public_data
2026-05-19 11:57:52,287 INFO Trying t.me/s/booksdana ...
2026-05-19 11:57:53,126 INFO HTTP Request: GET https://t.me/s/booksdana "HTTP/1.1 302 Found"
2026-05-19 11:57:53,407 INFO HTTP Request: GET https://t.me/booksdana "HTTP/1.1 200 OK"
2026-05-19 11:57:53,408 INFO TGStat sample for booksdana (no public preview)
2026-05-19 11:57:54,144 INFO HTTP Request: GET https://tgstat.com/channel/@booksdana "HTTP/1.1 200 OK"
2026-05-19 11:57:55,297 INFO HTTP Request: GET https://tgstat.com/channel/@booksdana "HTTP/1.1 200 OK"
2026-05-19 11:57:56,473 INFO HTTP Request: GET https://tgstat.com/channel/@Booksdana "HTTP/1.1 200 OK"
2026-05-19 11:57:57,262 INFO [15/196] @booksdana posts=0 source=no_public_data
2026-05-19 11:57:57,984 INFO [16/196] skip @biochemistry_videos (cached)
2026-05-19 11:57:57,987 INFO Trying t.me/s/ophthalmology_books_2016 ...
2026-05-19 11:57:58,817 INFO HTTP Request: GET https://t.me/s/ophthalmology_books_2016 "HTTP/1.1 302 Found"
2026-05-19 11:57:59,101 INFO HTTP Request: GET https://t.me/ophthalmology_books_2016 "HTTP/1.1 200 OK"
2026-05-19 11:57:59,102 INFO TGStat sample for ophthalmology_books_2016 (no public preview)
2026-05-19 11:57:59,846 INFO HTTP Request: GET https://tgstat.com/channel/@ophthalmology_books_2016 "HTTP/1.1 200 OK"
2026-05-19 11:58:00,988 INFO HTTP Request: GET https://tgstat.com/channel/@ophthalmology_books_2016 "HTTP/1.1 200 OK"
2026-05-19 11:58:02,151 INFO HTTP Request: GET https://tgstat.com/channel/@Ophthalmology_Books_2016 "HTTP/1.1 200 OK"
2026-05-19 11:58:02,961 INFO [17/196] @ophthalmology_books_2016 posts=0 source=no_public_data
2026-05-19 11:58:03,506 INFO Trying t.me/s/medical_books_storess ...
2026-05-19 11:58:04,447 INFO HTTP Request: GET https://t.me/s/medical_books_storess "HTTP/1.1 200 OK"
2026-05-19 11:58:05,174 INFO HTTP Request: GET https://t.me/s/medical_books_storess?before=1 "HTTP/1.1 200 OK"
2026-05-19 11:58:05,187 INFO [18/196] @medical_books_storess posts=2 source=tme_partial_preview
2026-05-19 11:58:05,698 INFO Trying t.me/s/medical_book772 ...
2026-05-19 11:58:06,538 INFO HTTP Request: GET https://t.me/s/medical_book772 "HTTP/1.1 302 Found"
2026-05-19 11:58:06,819 INFO HTTP Request: GET https://t.me/medical_book772 "HTTP/1.1 200 OK"
2026-05-19 11:58:06,820 INFO TGStat sample for medical_book772 (no public preview)
2026-05-19 11:58:07,521 INFO HTTP Request: GET https://tgstat.com/channel/@medical_book772 "HTTP/1.1 200 OK"
2026-05-19 11:58:08,709 INFO HTTP Request: GET https://tgstat.com/channel/@medical_book772 "HTTP/1.1 200 OK"
2026-05-19 11:58:09,891 INFO HTTP Request: GET https://tgstat.com/channel/@Medical_Book772 "HTTP/1.1 200 OK"
2026-05-19 11:58:10,681 INFO [19/196] @medical_book772 posts=0 source=no_public_data
2026-05-19 11:58:11,197 INFO Trying t.me/s/libraryedent ...
2026-05-19 11:58:12,074 INFO HTTP Request: GET https://t.me/s/libraryedent "HTTP/1.1 302 Found"
2026-05-19 11:58:12,366 INFO HTTP Request: GET https://t.me/libraryedent "HTTP/1.1 200 OK"
2026-05-19 11:58:12,367 INFO TGStat sample for libraryedent (no public preview)
2026-05-19 11:58:13,088 INFO HTTP Request: GET https://tgstat.com/channel/@libraryedent "HTTP/1.1 200 OK"
2026-05-19 11:58:14,341 INFO HTTP Request: GET https://tgstat.com/channel/@libraryedent "HTTP/1.1 200 OK"
2026-05-19 11:58:15,480 INFO HTTP Request: GET https://tgstat.com/channel/@Libraryedent "HTTP/1.1 200 OK"
2026-05-19 11:58:16,543 INFO [20/196] @libraryedent posts=0 source=no_public_data
2026-05-19 11:58:17,063 INFO Trying t.me/s/thedentists ...
2026-05-19 11:58:17,976 INFO HTTP Request: GET https://t.me/s/thedentists "HTTP/1.1 302 Found"
2026-05-19 11:58:18,264 INFO HTTP Request: GET https://t.me/thedentists "HTTP/1.1 200 OK"
2026-05-19 11:58:18,265 INFO TGStat sample for thedentists (no public preview)
2026-05-19 11:58:18,977 INFO HTTP Request: GET https://tgstat.com/channel/@thedentists "HTTP/1.1 200 OK"
2026-05-19 11:58:20,143 INFO HTTP Request: GET https://tgstat.com/channel/@thedentists "HTTP/1.1 200 OK"
2026-05-19 11:58:21,309 INFO HTTP Request: GET https://tgstat.com/channel/@Thedentists "HTTP/1.1 200 OK"
2026-05-19 11:58:22,098 INFO [21/196] @thedentists posts=0 source=no_public_data
2026-05-19 11:58:22,626 INFO [22/196] skip @medicalrefrencess (cached)
2026-05-19 11:58:22,630 INFO [23/196] skip @paedsvideos (cached)
2026-05-19 11:58:22,643 INFO Trying t.me/s/bscnursing ...
2026-05-19 11:58:23,467 INFO HTTP Request: GET https://t.me/s/bscnursing "HTTP/1.1 302 Found"
2026-05-19 11:58:23,752 INFO HTTP Request: GET https://t.me/bscnursing "HTTP/1.1 200 OK"
2026-05-19 11:58:23,754 INFO TGStat sample for bscnursing (no public preview)
2026-05-19 11:58:24,427 INFO HTTP Request: GET https://tgstat.com/channel/@bscnursing "HTTP/1.1 200 OK"
2026-05-19 11:58:25,583 INFO HTTP Request: GET https://tgstat.com/channel/@bscnursing "HTTP/1.1 200 OK"
2026-05-19 11:58:26,746 INFO HTTP Request: GET https://tgstat.com/channel/@Bscnursing "HTTP/1.1 200 OK"
2026-05-19 11:58:27,541 INFO [24/196] @bscnursing posts=0 source=no_public_data
2026-05-19 11:58:28,075 INFO Trying t.me/s/radiology_videos ...
2026-05-19 11:58:29,259 INFO HTTP Request: GET https://t.me/s/radiology_videos "HTTP/1.1 200 OK"
2026-05-19 11:58:30,405 INFO HTTP Request: GET https://t.me/s/radiology_videos?before=1130 "HTTP/1.1 200 OK"
2026-05-19 11:58:31,620 INFO HTTP Request: GET https://t.me/s/radiology_videos?before=1110 "HTTP/1.1 200 OK"
2026-05-19 11:58:32,719 INFO HTTP Request: GET https://t.me/s/radiology_videos?before=1089 "HTTP/1.1 200 OK"
2026-05-19 11:58:33,785 INFO HTTP Request: GET https://t.me/s/radiology_videos?before=1065 "HTTP/1.1 200 OK"
2026-05-19 11:58:34,991 INFO HTTP Request: GET https://t.me/s/radiology_videos?before=1042 "HTTP/1.1 200 OK"
2026-05-19 11:58:36,111 INFO HTTP Request: GET https://t.me/s/radiology_videos?before=1022 "HTTP/1.1 200 OK"
2026-05-19 11:58:37,294 INFO HTTP Request: GET https://t.me/s/radiology_videos?before=1002 "HTTP/1.1 200 OK"
2026-05-19 11:58:38,447 INFO HTTP Request: GET https://t.me/s/radiology_videos?before=982 "HTTP/1.1 200 OK"
2026-05-19 11:58:39,813 INFO HTTP Request: GET https://t.me/s/radiology_videos?before=962 "HTTP/1.1 200 OK"
2026-05-19 11:58:40,936 INFO HTTP Request: GET https://t.me/s/radiology_videos?before=942 "HTTP/1.1 200 OK"
2026-05-19 11:58:41,953 INFO HTTP Request: GET https://t.me/s/radiology_videos?before=922 "HTTP/1.1 200 OK"
2026-05-19 11:58:44,263 INFO HTTP Request: GET https://t.me/s/radiology_videos?before=902 "HTTP/1.1 200 OK"
2026-05-19 11:58:45,903 INFO HTTP Request: GET https://t.me/s/radiology_videos?before=882 "HTTP/1.1 200 OK"
2026-05-19 11:58:47,388 INFO HTTP Request: GET https://t.me/s/radiology_videos?before=862 "HTTP/1.1 200 OK"
2026-05-19 11:58:48,875 INFO HTTP Request: GET https://t.me/s/radiology_videos?before=842 "HTTP/1.1 200 OK"
2026-05-19 11:58:50,308 INFO HTTP Request: GET https://t.me/s/radiology_videos?before=822 "HTTP/1.1 200 OK"
2026-05-19 11:58:51,960 INFO HTTP Request: GET https://t.me/s/radiology_videos?before=802 "HTTP/1.1 200 OK"
2026-05-19 11:58:53,731 INFO HTTP Request: GET https://t.me/s/radiology_videos?before=781 "HTTP/1.1 200 OK"
2026-05-19 11:58:55,192 INFO HTTP Request: GET https://t.me/s/radiology_videos?before=758 "HTTP/1.1 200 OK"
2026-05-19 11:58:56,718 INFO HTTP Request: GET https://t.me/s/radiology_videos?before=733 "HTTP/1.1 200 OK"
2026-05-19 11:58:58,155 INFO HTTP Request: GET https://t.me/s/radiology_videos?before=708 "HTTP/1.1 200 OK"
2026-05-19 11:58:59,569 INFO HTTP Request: GET https://t.me/s/radiology_videos?before=687 "HTTP/1.1 200 OK"
2026-05-19 11:59:01,019 INFO HTTP Request: GET https://t.me/s/radiology_videos?before=662 "HTTP/1.1 200 OK"
2026-05-19 11:59:02,610 INFO HTTP Request: GET https://t.me/s/radiology_videos?before=639 "HTTP/1.1 200 OK"
2026-05-19 11:59:04,101 INFO HTTP Request: GET https://t.me/s/radiology_videos?before=613 "HTTP/1.1 200 OK"
2026-05-19 11:59:05,548 INFO HTTP Request: GET https://t.me/s/radiology_videos?before=589 "HTTP/1.1 200 OK"
2026-05-19 11:59:06,828 INFO HTTP Request: GET https://t.me/s/radiology_videos?before=565 "HTTP/1.1 200 OK"
2026-05-19 11:59:08,154 INFO HTTP Request: GET https://t.me/s/radiology_videos?before=533 "HTTP/1.1 200 OK"
2026-05-19 11:59:11,321 INFO HTTP Request: GET https://t.me/s/radiology_videos?before=499 "HTTP/1.1 200 OK"
2026-05-19 11:59:12,582 INFO HTTP Request: GET https://t.me/s/radiology_videos?before=459 "HTTP/1.1 200 OK"
2026-05-19 11:59:14,043 INFO HTTP Request: GET https://t.me/s/radiology_videos?before=414 "HTTP/1.1 200 OK"
2026-05-19 11:59:15,315 INFO HTTP Request: GET https://t.me/s/radiology_videos?before=196 "HTTP/1.1 200 OK"
2026-05-19 11:59:16,828 INFO HTTP Request: GET https://t.me/s/radiology_videos?before=167 "HTTP/1.1 200 OK"
2026-05-19 11:59:18,278 INFO HTTP Request: GET https://t.me/s/radiology_videos?before=114 "HTTP/1.1 200 OK"
2026-05-19 11:59:19,587 INFO HTTP Request: GET https://t.me/s/radiology_videos?before=93 "HTTP/1.1 200 OK"
2026-05-19 11:59:21,032 INFO HTTP Request: GET https://t.me/s/radiology_videos?before=73 "HTTP/1.1 200 OK"
2026-05-19 11:59:22,316 INFO HTTP Request: GET https://t.me/s/radiology_videos?before=53 "HTTP/1.1 200 OK"
2026-05-19 11:59:23,970 INFO HTTP Request: GET https://t.me/s/radiology_videos?before=33 "HTTP/1.1 200 OK"
2026-05-19 11:59:25,138 INFO HTTP Request: GET https://t.me/s/radiology_videos?before=12 "HTTP/1.1 200 OK"
2026-05-19 11:59:25,996 INFO HTTP Request: GET https://t.me/s/radiology_videos?before=1 "HTTP/1.1 200 OK"
2026-05-19 11:59:26,118 INFO [25/196] @radiology_videos posts=790 source=tme_full_preview
2026-05-19 11:59:26,643 INFO Trying t.me/s/imd_app ...
2026-05-19 11:59:27,792 INFO HTTP Request: GET https://t.me/s/imd_app "HTTP/1.1 200 OK"
2026-05-19 11:59:29,008 INFO HTTP Request: GET https://t.me/s/imd_app?before=400 "HTTP/1.1 200 OK"
2026-05-19 11:59:30,560 INFO HTTP Request: GET https://t.me/s/imd_app?before=379 "HTTP/1.1 200 OK"
2026-05-19 11:59:31,841 INFO HTTP Request: GET https://t.me/s/imd_app?before=347 "HTTP/1.1 200 OK"
2026-05-19 11:59:33,412 INFO HTTP Request: GET https://t.me/s/imd_app?before=326 "HTTP/1.1 200 OK"
2026-05-19 11:59:34,386 INFO HTTP Request: GET https://t.me/s/imd_app?before=1 "HTTP/1.1 200 OK"
2026-05-19 11:59:34,422 INFO [26/196] @imd_app posts=97 source=tme_full_preview
2026-05-19 11:59:34,943 INFO Trying t.me/s/pharmabookscollection ...
2026-05-19 11:59:35,779 INFO HTTP Request: GET https://t.me/s/pharmabookscollection "HTTP/1.1 302 Found"
2026-05-19 11:59:36,067 INFO HTTP Request: GET https://t.me/pharmabookscollection "HTTP/1.1 200 OK"
2026-05-19 11:59:36,067 INFO TGStat sample for pharmabookscollection (no public preview)
2026-05-19 11:59:37,515 INFO HTTP Request: GET https://tgstat.com/channel/@pharmabookscollection "HTTP/1.1 200 OK"
2026-05-19 11:59:38,644 INFO HTTP Request: GET https://tgstat.com/channel/@pharmabookscollection "HTTP/1.1 200 OK"
2026-05-19 11:59:39,797 INFO HTTP Request: GET https://tgstat.com/channel/@Pharmabookscollection "HTTP/1.1 200 OK"
2026-05-19 11:59:40,598 INFO [27/196] @pharmabookscollection posts=0 source=no_public_data
2026-05-19 11:59:41,137 INFO Trying t.me/s/fisioterapiaykinesiologia ...
2026-05-19 11:59:41,988 INFO HTTP Request: GET https://t.me/s/fisioterapiaykinesiologia "HTTP/1.1 302 Found"
2026-05-19 11:59:42,277 INFO HTTP Request: GET https://t.me/fisioterapiaykinesiologia "HTTP/1.1 200 OK"
2026-05-19 11:59:42,277 INFO TGStat sample for fisioterapiaykinesiologia (no public preview)
2026-05-19 11:59:42,993 INFO HTTP Request: GET https://tgstat.com/channel/@fisioterapiaykinesiologia "HTTP/1.1 200 OK"
2026-05-19 11:59:44,160 INFO HTTP Request: GET https://tgstat.com/channel/@fisioterapiaykinesiologia "HTTP/1.1 200 OK"
2026-05-19 11:59:45,343 INFO HTTP Request: GET https://tgstat.com/channel/@Fisioterapiaykinesiologia "HTTP/1.1 200 OK"
2026-05-19 11:59:46,144 INFO [28/196] @fisioterapiaykinesiologia posts=0 source=no_public_data
2026-05-19 11:59:46,672 INFO [29/196] skip @medical_patna (cached)
2026-05-19 11:59:46,674 INFO Trying t.me/s/pathologybooks ...
2026-05-19 11:59:47,530 INFO HTTP Request: GET https://t.me/s/pathologybooks "HTTP/1.1 302 Found"
2026-05-19 11:59:47,814 INFO HTTP Request: GET https://t.me/pathologybooks "HTTP/1.1 200 OK"
2026-05-19 11:59:47,815 INFO TGStat sample for pathologybooks (no public preview)
2026-05-19 11:59:48,535 INFO HTTP Request: GET https://tgstat.com/channel/@pathologybooks "HTTP/1.1 200 OK"
2026-05-19 11:59:49,630 INFO HTTP Request: GET https://tgstat.com/channel/@pathologybooks "HTTP/1.1 200 OK"
2026-05-19 11:59:50,781 INFO HTTP Request: GET https://tgstat.com/channel/@Pathologybooks "HTTP/1.1 200 OK"
2026-05-19 11:59:51,584 INFO [30/196] @pathologybooks posts=0 source=no_public_data
2026-05-19 11:59:52,092 INFO [31/196] skip @vetbooksir (cached)
2026-05-19 11:59:52,096 INFO Trying t.me/s/medicalbooksstorea ...
2026-05-19 11:59:52,904 INFO HTTP Request: GET https://t.me/s/medicalbooksstorea "HTTP/1.1 302 Found"
2026-05-19 11:59:53,190 INFO HTTP Request: GET https://t.me/medicalbooksstorea "HTTP/1.1 200 OK"
2026-05-19 11:59:53,192 INFO TGStat sample for medicalbooksstorea (no public preview)
2026-05-19 11:59:53,892 INFO HTTP Request: GET https://tgstat.com/channel/@medicalbooksstorea "HTTP/1.1 200 OK"
2026-05-19 11:59:55,040 INFO HTTP Request: GET https://tgstat.com/channel/@medicalbooksstorea "HTTP/1.1 200 OK"
2026-05-19 11:59:56,219 INFO HTTP Request: GET https://tgstat.com/channel/@Medicalbooksstorea "HTTP/1.1 200 OK"
2026-05-19 11:59:57,052 INFO [32/196] @medicalbooksstorea posts=0 source=no_public_data
2026-05-19 11:59:57,587 INFO [33/196] skip @entvideos (cached)
2026-05-19 11:59:57,592 INFO Trying t.me/s/freesurgerybooks28 ...
2026-05-19 11:59:58,419 INFO HTTP Request: GET https://t.me/s/freesurgerybooks28 "HTTP/1.1 302 Found"
2026-05-19 11:59:58,701 INFO HTTP Request: GET https://t.me/freesurgerybooks28 "HTTP/1.1 200 OK"
2026-05-19 11:59:58,702 INFO TGStat sample for freesurgerybooks28 (no public preview)
2026-05-19 11:59:59,382 INFO HTTP Request: GET https://tgstat.com/channel/@freesurgerybooks28 "HTTP/1.1 200 OK"
2026-05-19 12:00:00,511 INFO HTTP Request: GET https://tgstat.com/channel/@freesurgerybooks28 "HTTP/1.1 200 OK"
2026-05-19 12:00:01,641 INFO HTTP Request: GET https://tgstat.com/channel/@Freesurgerybooks28 "HTTP/1.1 200 OK"
2026-05-19 12:00:02,432 INFO [34/196] @freesurgerybooks28 posts=0 source=no_public_data
2026-05-19 12:00:02,951 INFO [35/196] skip @sdgtbookstore (cached)
2026-05-19 12:00:02,952 INFO Trying t.me/s/emergencymedicinechannel ...
2026-05-19 12:00:03,817 INFO HTTP Request: GET https://t.me/s/emergencymedicinechannel "HTTP/1.1 302 Found"
2026-05-19 12:00:04,099 INFO HTTP Request: GET https://t.me/emergencymedicinechannel "HTTP/1.1 200 OK"
2026-05-19 12:00:04,100 INFO TGStat sample for emergencymedicinechannel (no public preview)
2026-05-19 12:00:04,802 INFO HTTP Request: GET https://tgstat.com/channel/@emergencymedicinechannel "HTTP/1.1 200 OK"
2026-05-19 12:00:06,084 INFO HTTP Request: GET https://tgstat.com/channel/@emergencymedicinechannel "HTTP/1.1 200 OK"
2026-05-19 12:00:07,223 INFO HTTP Request: GET https://tgstat.com/channel/@Emergencymedicinechannel "HTTP/1.1 200 OK"
2026-05-19 12:00:08,026 INFO [36/196] @emergencymedicinechannel posts=0 source=no_public_data
2026-05-19 12:00:08,543 INFO Trying t.me/s/pdf4yo ...
2026-05-19 12:00:09,394 INFO HTTP Request: GET https://t.me/s/pdf4yo "HTTP/1.1 302 Found"
2026-05-19 12:00:09,682 INFO HTTP Request: GET https://t.me/pdf4yo "HTTP/1.1 200 OK"
2026-05-19 12:00:09,684 INFO TGStat sample for pdf4yo (no public preview)
2026-05-19 12:00:10,375 INFO HTTP Request: GET https://tgstat.com/channel/@pdf4yo "HTTP/1.1 200 OK"
2026-05-19 12:00:11,806 INFO HTTP Request: GET https://tgstat.com/channel/@pdf4yo "HTTP/1.1 200 OK"
2026-05-19 12:00:12,979 INFO HTTP Request: GET https://tgstat.com/channel/@Pdf4Yo "HTTP/1.1 200 OK"
2026-05-19 12:00:13,771 INFO [37/196] @pdf4yo posts=0 source=no_public_data
2026-05-19 12:00:14,315 INFO [38/196] skip @wafaobgyn (cached)
2026-05-19 12:00:14,319 INFO Trying t.me/s/physiotherapy_books_wpo ...
2026-05-19 12:00:15,150 INFO HTTP Request: GET https://t.me/s/physiotherapy_books_wpo "HTTP/1.1 302 Found"
2026-05-19 12:00:15,432 INFO HTTP Request: GET https://t.me/physiotherapy_books_wpo "HTTP/1.1 200 OK"
2026-05-19 12:00:15,434 INFO TGStat sample for physiotherapy_books_wpo (no public preview)
2026-05-19 12:00:16,175 INFO HTTP Request: GET https://tgstat.com/channel/@physiotherapy_books_wpo "HTTP/1.1 200 OK"
2026-05-19 12:00:17,335 INFO HTTP Request: GET https://tgstat.com/channel/@physiotherapy_books_wpo "HTTP/1.1 200 OK"
2026-05-19 12:00:18,610 INFO HTTP Request: GET https://tgstat.com/channel/@Physiotherapy_Books_Wpo "HTTP/1.1 200 OK"
2026-05-19 12:00:19,438 INFO [39/196] @physiotherapy_books_wpo posts=0 source=no_public_data
2026-05-19 12:00:19,963 INFO Trying t.me/s/ilmnafsi ...
2026-05-19 12:00:20,798 INFO HTTP Request: GET https://t.me/s/ilmnafsi "HTTP/1.1 302 Found"
2026-05-19 12:00:21,083 INFO HTTP Request: GET https://t.me/ilmnafsi "HTTP/1.1 200 OK"
2026-05-19 12:00:21,085 INFO TGStat sample for ilmnafsi (no public preview)
2026-05-19 12:00:21,804 INFO HTTP Request: GET https://tgstat.com/channel/@ilmnafsi "HTTP/1.1 200 OK"
2026-05-19 12:00:22,944 INFO HTTP Request: GET https://tgstat.com/channel/@ilmnafsi "HTTP/1.1 200 OK"
2026-05-19 12:00:24,100 INFO HTTP Request: GET https://tgstat.com/channel/@Ilmnafsi "HTTP/1.1 200 OK"
2026-05-19 12:00:24,914 INFO [40/196] @ilmnafsi posts=0 source=no_public_data
2026-05-19 12:00:25,442 INFO Trying t.me/s/dentist_book ...
2026-05-19 12:00:26,259 INFO HTTP Request: GET https://t.me/s/dentist_book "HTTP/1.1 302 Found"
2026-05-19 12:00:26,545 INFO HTTP Request: GET https://t.me/dentist_book "HTTP/1.1 200 OK"
2026-05-19 12:00:26,546 INFO TGStat sample for dentist_book (no public preview)
2026-05-19 12:00:27,238 INFO HTTP Request: GET https://tgstat.com/channel/@dentist_book "HTTP/1.1 200 OK"
2026-05-19 12:00:28,369 INFO HTTP Request: GET https://tgstat.com/channel/@dentist_book "HTTP/1.1 200 OK"
2026-05-19 12:00:29,530 INFO HTTP Request: GET https://tgstat.com/channel/@Dentist_Book "HTTP/1.1 200 OK"
2026-05-19 12:00:30,331 INFO [41/196] @dentist_book posts=0 source=no_public_data
2026-05-19 12:00:30,845 INFO Trying t.me/s/pdfbookschannel ...
2026-05-19 12:00:31,759 INFO HTTP Request: GET https://t.me/s/pdfbookschannel "HTTP/1.1 200 OK"
2026-05-19 12:00:32,514 INFO HTTP Request: GET https://t.me/s/pdfbookschannel?before=1 "HTTP/1.1 200 OK"
2026-05-19 12:00:32,528 INFO [42/196] @pdfbookschannel posts=5 source=tme_partial_preview
2026-05-19 12:00:33,036 INFO Trying t.me/s/bdsmdsdentalbooks ...
2026-05-19 12:00:33,899 INFO HTTP Request: GET https://t.me/s/bdsmdsdentalbooks "HTTP/1.1 302 Found"
2026-05-19 12:00:34,186 INFO HTTP Request: GET https://t.me/bdsmdsdentalbooks "HTTP/1.1 200 OK"
2026-05-19 12:00:34,187 INFO TGStat sample for bdsmdsdentalbooks (no public preview)
2026-05-19 12:00:34,902 INFO HTTP Request: GET https://tgstat.com/channel/@bdsmdsdentalbooks "HTTP/1.1 200 OK"
2026-05-19 12:00:36,034 INFO HTTP Request: GET https://tgstat.com/channel/@bdsmdsdentalbooks "HTTP/1.1 200 OK"
2026-05-19 12:00:37,190 INFO HTTP Request: GET https://tgstat.com/channel/@Bdsmdsdentalbooks "HTTP/1.1 200 OK"
2026-05-19 12:00:37,986 INFO [43/196] @bdsmdsdentalbooks posts=0 source=no_public_data
2026-05-19 12:00:38,491 INFO Trying t.me/s/usmlestep1233 ...
2026-05-19 12:00:39,425 INFO HTTP Request: GET https://t.me/s/usmlestep1233 "HTTP/1.1 302 Found"
2026-05-19 12:00:39,711 INFO HTTP Request: GET https://t.me/usmlestep1233 "HTTP/1.1 200 OK"
2026-05-19 12:00:39,712 INFO TGStat sample for usmlestep1233 (no public preview)
2026-05-19 12:00:40,433 INFO HTTP Request: GET https://tgstat.com/channel/@usmlestep1233 "HTTP/1.1 200 OK"
2026-05-19 12:00:41,548 INFO HTTP Request: GET https://tgstat.com/channel/@usmlestep1233 "HTTP/1.1 200 OK"
2026-05-19 12:00:42,695 INFO HTTP Request: GET https://tgstat.com/channel/@Usmlestep1233 "HTTP/1.1 200 OK"
2026-05-19 12:00:43,472 INFO [44/196] @usmlestep1233 posts=0 source=no_public_data
2026-05-19 12:00:44,003 INFO Trying t.me/s/orthobooks ...
2026-05-19 12:00:44,818 INFO HTTP Request: GET https://t.me/s/orthobooks "HTTP/1.1 302 Found"
2026-05-19 12:00:45,098 INFO HTTP Request: GET https://t.me/orthobooks "HTTP/1.1 200 OK"
2026-05-19 12:00:45,099 INFO TGStat sample for orthobooks (no public preview)
2026-05-19 12:00:45,821 INFO HTTP Request: GET https://tgstat.com/channel/@orthobooks "HTTP/1.1 200 OK"
2026-05-19 12:00:46,935 INFO HTTP Request: GET https://tgstat.com/channel/@orthobooks "HTTP/1.1 200 OK"
2026-05-19 12:00:48,065 INFO HTTP Request: GET https://tgstat.com/channel/@Orthobooks "HTTP/1.1 200 OK"
2026-05-19 12:00:48,871 INFO [45/196] @orthobooks posts=0 source=no_public_data
2026-05-19 12:00:49,384 INFO [46/196] skip @store_atm (cached)
2026-05-19 12:00:49,387 INFO Trying t.me/s/fisioterapiapdf ...
2026-05-19 12:00:50,207 INFO HTTP Request: GET https://t.me/s/fisioterapiapdf "HTTP/1.1 302 Found"
2026-05-19 12:00:50,486 INFO HTTP Request: GET https://t.me/fisioterapiapdf "HTTP/1.1 200 OK"
2026-05-19 12:00:50,486 INFO TGStat sample for fisioterapiapdf (no public preview)
2026-05-19 12:00:51,179 INFO HTTP Request: GET https://tgstat.com/channel/@fisioterapiapdf "HTTP/1.1 200 OK"
2026-05-19 12:00:52,303 INFO HTTP Request: GET https://tgstat.com/channel/@fisioterapiapdf "HTTP/1.1 200 OK"
2026-05-19 12:00:53,422 INFO HTTP Request: GET https://tgstat.com/channel/@Fisioterapiapdf "HTTP/1.1 200 OK"
2026-05-19 12:00:54,228 INFO [47/196] @fisioterapiapdf posts=0 source=no_public_data
2026-05-19 12:00:54,774 INFO [48/196] skip @usmlestep_1_2 (cached)
2026-05-19 12:00:54,803 INFO [49/196] skip @pediatrics1s (cached)
2026-05-19 12:00:54,805 INFO Trying t.me/s/drbooks ...
2026-05-19 12:00:55,634 INFO HTTP Request: GET https://t.me/s/drbooks "HTTP/1.1 302 Found"
2026-05-19 12:00:55,915 INFO HTTP Request: GET https://t.me/drbooks "HTTP/1.1 200 OK"
2026-05-19 12:00:55,916 INFO TGStat sample for drbooks (no public preview)
2026-05-19 12:00:56,583 INFO HTTP Request: GET https://tgstat.com/channel/@drbooks "HTTP/1.1 200 OK"
2026-05-19 12:00:57,683 INFO HTTP Request: GET https://tgstat.com/channel/@drbooks "HTTP/1.1 200 OK"
2026-05-19 12:00:58,796 INFO HTTP Request: GET https://tgstat.com/channel/@Drbooks "HTTP/1.1 200 OK"
2026-05-19 12:00:59,601 INFO [50/196] @drbooks posts=0 source=no_public_data
2026-05-19 12:01:00,122 INFO [51/196] skip @psychiatry_vid (cached)
2026-05-19 12:01:00,123 INFO Trying t.me/s/medpdf ...
2026-05-19 12:01:00,933 INFO HTTP Request: GET https://t.me/s/medpdf "HTTP/1.1 302 Found"
2026-05-19 12:01:01,212 INFO HTTP Request: GET https://t.me/medpdf "HTTP/1.1 200 OK"
2026-05-19 12:01:01,213 INFO TGStat sample for medpdf (no public preview)
2026-05-19 12:01:01,934 INFO HTTP Request: GET https://tgstat.com/channel/@medpdf "HTTP/1.1 200 OK"
2026-05-19 12:01:03,122 INFO HTTP Request: GET https://tgstat.com/channel/@medpdf "HTTP/1.1 200 OK"
2026-05-19 12:01:04,259 INFO HTTP Request: GET https://tgstat.com/channel/@Medpdf "HTTP/1.1 200 OK"
2026-05-19 12:01:05,047 INFO [52/196] @medpdf posts=0 source=no_public_data
2026-05-19 12:01:05,567 INFO [53/196] skip @usmlestore (cached)
2026-05-19 12:01:05,569 INFO Trying t.me/s/radiologiaenpdf ...
2026-05-19 12:01:06,386 INFO HTTP Request: GET https://t.me/s/radiologiaenpdf "HTTP/1.1 302 Found"
2026-05-19 12:01:06,664 INFO HTTP Request: GET https://t.me/radiologiaenpdf "HTTP/1.1 200 OK"
2026-05-19 12:01:06,665 INFO TGStat sample for radiologiaenpdf (no public preview)
2026-05-19 12:01:07,394 INFO HTTP Request: GET https://tgstat.com/channel/@radiologiaenpdf "HTTP/1.1 200 OK"
2026-05-19 12:01:08,530 INFO HTTP Request: GET https://tgstat.com/channel/@radiologiaenpdf "HTTP/1.1 200 OK"
2026-05-19 12:01:09,702 INFO HTTP Request: GET https://tgstat.com/channel/@Radiologiaenpdf "HTTP/1.1 200 OK"
2026-05-19 12:01:10,503 INFO [54/196] @radiologiaenpdf posts=0 source=no_public_data
2026-05-19 12:01:11,015 INFO [55/196] skip @usmle_pharma (cached)
2026-05-19 12:01:11,017 INFO Trying t.me/s/uroresources ...
2026-05-19 12:01:11,845 INFO HTTP Request: GET https://t.me/s/uroresources "HTTP/1.1 302 Found"
2026-05-19 12:01:12,124 INFO HTTP Request: GET https://t.me/uroresources "HTTP/1.1 200 OK"
2026-05-19 12:01:12,125 INFO TGStat sample for uroresources (no public preview)
2026-05-19 12:01:12,780 INFO HTTP Request: GET https://tgstat.com/channel/@uroresources "HTTP/1.1 200 OK"
2026-05-19 12:01:13,963 INFO HTTP Request: GET https://tgstat.com/channel/@uroresources "HTTP/1.1 200 OK"
2026-05-19 12:01:15,305 INFO HTTP Request: GET https://tgstat.com/channel/@Uroresources "HTTP/1.1 200 OK"
2026-05-19 12:01:16,139 INFO [56/196] @uroresources posts=0 source=no_public_data
2026-05-19 12:01:16,644 INFO Trying t.me/s/orthobooksandlectures ...
2026-05-19 12:01:17,492 INFO HTTP Request: GET https://t.me/s/orthobooksandlectures "HTTP/1.1 302 Found"
2026-05-19 12:01:17,776 INFO HTTP Request: GET https://t.me/orthobooksandlectures "HTTP/1.1 200 OK"
2026-05-19 12:01:17,777 INFO TGStat sample for orthobooksandlectures (no public preview)
2026-05-19 12:01:18,506 INFO HTTP Request: GET https://tgstat.com/channel/@orthobooksandlectures "HTTP/1.1 200 OK"
2026-05-19 12:01:19,712 INFO HTTP Request: GET https://tgstat.com/channel/@orthobooksandlectures "HTTP/1.1 200 OK"
2026-05-19 12:01:20,894 INFO HTTP Request: GET https://tgstat.com/channel/@Orthobooksandlectures "HTTP/1.1 200 OK"
2026-05-19 12:01:21,718 INFO [57/196] @orthobooksandlectures posts=0 source=no_public_data
2026-05-19 12:01:22,233 INFO [58/196] skip @dental_den (cached)
2026-05-19 12:01:22,236 INFO Trying t.me/s/psychiatrylibrarybooks ...
2026-05-19 12:01:23,069 INFO HTTP Request: GET https://t.me/s/psychiatrylibrarybooks "HTTP/1.1 302 Found"
2026-05-19 12:01:23,343 INFO HTTP Request: GET https://t.me/psychiatrylibrarybooks "HTTP/1.1 200 OK"
2026-05-19 12:01:23,345 INFO TGStat sample for psychiatrylibrarybooks (no public preview)
2026-05-19 12:01:24,082 INFO HTTP Request: GET https://tgstat.com/channel/@psychiatrylibrarybooks "HTTP/1.1 200 OK"
2026-05-19 12:01:25,246 INFO HTTP Request: GET https://tgstat.com/channel/@psychiatrylibrarybooks "HTTP/1.1 200 OK"
2026-05-19 12:01:26,473 INFO HTTP Request: GET https://tgstat.com/channel/@Psychiatrylibrarybooks "HTTP/1.1 200 OK"
2026-05-19 12:01:27,298 INFO [59/196] @psychiatrylibrarybooks posts=0 source=no_public_data
2026-05-19 12:01:27,807 INFO Trying t.me/s/medical_laboratory_1 ...
2026-05-19 12:01:28,954 INFO HTTP Request: GET https://t.me/s/medical_laboratory_1 "HTTP/1.1 200 OK"
2026-05-19 12:01:30,199 INFO HTTP Request: GET https://t.me/s/medical_laboratory_1?before=12452 "HTTP/1.1 200 OK"
2026-05-19 12:01:31,479 INFO HTTP Request: GET https://t.me/s/medical_laboratory_1?before=12428 "HTTP/1.1 200 OK"
2026-05-19 12:01:32,897 INFO HTTP Request: GET https://t.me/s/medical_laboratory_1?before=12403 "HTTP/1.1 200 OK"
2026-05-19 12:01:34,530 INFO HTTP Request: GET https://t.me/s/medical_laboratory_1?before=12382 "HTTP/1.1 200 OK"
2026-05-19 12:01:35,876 INFO HTTP Request: GET https://t.me/s/medical_laboratory_1?before=12360 "HTTP/1.1 200 OK"
2026-05-19 12:01:37,340 INFO HTTP Request: GET https://t.me/s/medical_laboratory_1?before=12328 "HTTP/1.1 200 OK"
2026-05-19 12:01:38,682 INFO HTTP Request: GET https://t.me/s/medical_laboratory_1?before=12308 "HTTP/1.1 200 OK"
2026-05-19 12:01:39,923 INFO HTTP Request: GET https://t.me/s/medical_laboratory_1?before=12285 "HTTP/1.1 200 OK"
2026-05-19 12:01:41,130 INFO HTTP Request: GET https://t.me/s/medical_laboratory_1?before=12261 "HTTP/1.1 200 OK"
2026-05-19 12:01:42,462 INFO HTTP Request: GET https://t.me/s/medical_laboratory_1?before=12237 "HTTP/1.1 200 OK"
2026-05-19 12:01:43,534 INFO HTTP Request: GET https://t.me/s/medical_laboratory_1?before=12213 "HTTP/1.1 200 OK"
2026-05-19 12:01:44,774 INFO HTTP Request: GET https://t.me/s/medical_laboratory_1?before=12193 "HTTP/1.1 200 OK"
2026-05-19 12:01:45,971 INFO HTTP Request: GET https://t.me/s/medical_laboratory_1?before=12172 "HTTP/1.1 200 OK"
2026-05-19 12:01:47,056 INFO HTTP Request: GET https://t.me/s/medical_laboratory_1?before=12148 "HTTP/1.1 200 OK"
2026-05-19 12:01:48,347 INFO HTTP Request: GET https://t.me/s/medical_laboratory_1?before=12125 "HTTP/1.1 200 OK"
2026-05-19 12:01:49,715 INFO HTTP Request: GET https://t.me/s/medical_laboratory_1?before=12105 "HTTP/1.1 200 OK"
2026-05-19 12:01:51,137 INFO HTTP Request: GET https://t.me/s/medical_laboratory_1?before=12081 "HTTP/1.1 200 OK"
2026-05-19 12:01:52,690 INFO HTTP Request: GET https://t.me/s/medical_laboratory_1?before=12061 "HTTP/1.1 200 OK"
2026-05-19 12:01:53,783 INFO HTTP Request: GET https://t.me/s/medical_laboratory_1?before=12040 "HTTP/1.1 200 OK"
2026-05-19 12:01:54,912 INFO HTTP Request: GET https://t.me/s/medical_laboratory_1?before=12014 "HTTP/1.1 200 OK"
2026-05-19 12:01:56,182 INFO HTTP Request: GET https://t.me/s/medical_laboratory_1?before=11994 "HTTP/1.1 200 OK"
2026-05-19 12:01:57,778 INFO HTTP Request: GET https://t.me/s/medical_laboratory_1?before=11974 "HTTP/1.1 200 OK"
2026-05-19 12:01:59,137 INFO HTTP Request: GET https://t.me/s/medical_laboratory_1?before=11953 "HTTP/1.1 200 OK"
2026-05-19 12:02:00,444 INFO HTTP Request: GET https://t.me/s/medical_laboratory_1?before=11917 "HTTP/1.1 200 OK"
2026-05-19 12:02:01,543 INFO HTTP Request: GET https://t.me/s/medical_laboratory_1?before=11891 "HTTP/1.1 200 OK"
2026-05-19 12:02:02,685 INFO HTTP Request: GET https://t.me/s/medical_laboratory_1?before=11869 "HTTP/1.1 200 OK"
2026-05-19 12:02:03,857 INFO HTTP Request: GET https://t.me/s/medical_laboratory_1?before=11839 "HTTP/1.1 200 OK"
2026-05-19 12:02:05,139 INFO HTTP Request: GET https://t.me/s/medical_laboratory_1?before=11818 "HTTP/1.1 200 OK"
2026-05-19 12:02:06,451 INFO HTTP Request: GET https://t.me/s/medical_laboratory_1?before=11798 "HTTP/1.1 200 OK"
2026-05-19 12:02:07,613 INFO HTTP Request: GET https://t.me/s/medical_laboratory_1?before=11777 "HTTP/1.1 200 OK"
2026-05-19 12:02:08,786 INFO HTTP Request: GET https://t.me/s/medical_laboratory_1?before=11755 "HTTP/1.1 200 OK"
2026-05-19 12:02:10,113 INFO HTTP Request: GET https://t.me/s/medical_laboratory_1?before=11735 "HTTP/1.1 200 OK"
2026-05-19 12:02:11,554 INFO HTTP Request: GET https://t.me/s/medical_laboratory_1?before=11715 "HTTP/1.1 200 OK"
2026-05-19 12:02:12,661 INFO HTTP Request: GET https://t.me/s/medical_laboratory_1?before=11693 "HTTP/1.1 200 OK"
2026-05-19 12:02:13,790 INFO HTTP Request: GET https://t.me/s/medical_laboratory_1?before=11670 "HTTP/1.1 200 OK"
2026-05-19 12:02:15,168 INFO HTTP Request: GET https://t.me/s/medical_laboratory_1?before=11642 "HTTP/1.1 200 OK"
2026-05-19 12:02:16,348 INFO HTTP Request: GET https://t.me/s/medical_laboratory_1?before=11620 "HTTP/1.1 200 OK"
2026-05-19 12:02:17,463 INFO HTTP Request: GET https://t.me/s/medical_laboratory_1?before=11598 "HTTP/1.1 200 OK"
2026-05-19 12:02:18,510 INFO HTTP Request: GET https://t.me/s/medical_laboratory_1?before=11577 "HTTP/1.1 200 OK"
2026-05-19 12:02:19,604 INFO HTTP Request: GET https://t.me/s/medical_laboratory_1?before=11556 "HTTP/1.1 200 OK"
2026-05-19 12:02:20,690 INFO HTTP Request: GET https://t.me/s/medical_laboratory_1?before=11525 "HTTP/1.1 200 OK"
2026-05-19 12:02:21,868 INFO HTTP Request: GET https://t.me/s/medical_laboratory_1?before=11505 "HTTP/1.1 200 OK"
2026-05-19 12:02:22,998 INFO HTTP Request: GET https://t.me/s/medical_laboratory_1?before=11484 "HTTP/1.1 200 OK"
2026-05-19 12:02:24,006 INFO HTTP Request: GET https://t.me/s/medical_laboratory_1?before=11463 "HTTP/1.1 200 OK"
2026-05-19 12:02:25,119 INFO HTTP Request: GET https://t.me/s/medical_laboratory_1?before=11442 "HTTP/1.1 200 OK"
2026-05-19 12:02:26,355 INFO HTTP Request: GET https://t.me/s/medical_laboratory_1?before=11419 "HTTP/1.1 200 OK"
2026-05-19 12:02:27,424 INFO HTTP Request: GET https://t.me/s/medical_laboratory_1?before=11399 "HTTP/1.1 200 OK"
2026-05-19 12:02:28,462 INFO HTTP Request: GET https://t.me/s/medical_laboratory_1?before=11377 "HTTP/1.1 200 OK"
2026-05-19 12:02:29,550 INFO HTTP Request: GET https://t.me/s/medical_laboratory_1?before=11353 "HTTP/1.1 200 OK"
2026-05-19 12:02:30,552 INFO HTTP Request: GET https://t.me/s/medical_laboratory_1?before=11333 "HTTP/1.1 200 OK"
2026-05-19 12:02:31,616 INFO HTTP Request: GET https://t.me/s/medical_laboratory_1?before=11312 "HTTP/1.1 200 OK"
2026-05-19 12:02:32,692 INFO HTTP Request: GET https://t.me/s/medical_laboratory_1?before=11292 "HTTP/1.1 200 OK"
2026-05-19 12:02:33,753 INFO HTTP Request: GET https://t.me/s/medical_laboratory_1?before=11269 "HTTP/1.1 200 OK"
2026-05-19 12:02:34,725 INFO HTTP Request: GET https://t.me/s/medical_laboratory_1?before=11249 "HTTP/1.1 200 OK"
2026-05-19 12:02:35,752 INFO HTTP Request: GET https://t.me/s/medical_laboratory_1?before=11226 "HTTP/1.1 200 OK"
2026-05-19 12:02:36,850 INFO HTTP Request: GET https://t.me/s/medical_laboratory_1?before=11206 "HTTP/1.1 200 OK"
2026-05-19 12:02:37,815 INFO HTTP Request: GET https://t.me/s/medical_laboratory_1?before=11186 "HTTP/1.1 200 OK"
2026-05-19 12:02:38,816 INFO HTTP Request: GET https://t.me/s/medical_laboratory_1?before=11165 "HTTP/1.1 200 OK"
2026-05-19 12:02:39,703 INFO HTTP Request: GET https://t.me/s/medical_laboratory_1?before=11143 "HTTP/1.1 200 OK"
2026-05-19 12:02:40,669 INFO HTTP Request: GET https://t.me/s/medical_laboratory_1?before=11122 "HTTP/1.1 200 OK"
2026-05-19 12:02:41,576 INFO HTTP Request: GET https://t.me/s/medical_laboratory_1?before=11097 "HTTP/1.1 200 OK"
2026-05-19 12:02:42,662 INFO HTTP Request: GET https://t.me/s/medical_laboratory_1?before=11077 "HTTP/1.1 200 OK"
2026-05-19 12:02:43,701 INFO HTTP Request: GET https://t.me/s/medical_laboratory_1?before=11057 "HTTP/1.1 200 OK"
2026-05-19 12:02:44,806 INFO HTTP Request: GET https://t.me/s/medical_laboratory_1?before=11034 "HTTP/1.1 200 OK"
2026-05-19 12:02:45,873 INFO HTTP Request: GET https://t.me/s/medical_laboratory_1?before=11012 "HTTP/1.1 200 OK"
2026-05-19 12:02:47,018 INFO HTTP Request: GET https://t.me/s/medical_laboratory_1?before=10991 "HTTP/1.1 200 OK"
2026-05-19 12:02:48,085 INFO HTTP Request: GET https://t.me/s/medical_laboratory_1?before=10969 "HTTP/1.1 200 OK"
2026-05-19 12:02:49,150 INFO HTTP Request: GET https://t.me/s/medical_laboratory_1?before=10948 "HTTP/1.1 200 OK"
2026-05-19 12:02:50,180 INFO HTTP Request: GET https://t.me/s/medical_laboratory_1?before=10927 "HTTP/1.1 200 OK"
2026-05-19 12:02:51,469 INFO HTTP Request: GET https://t.me/s/medical_laboratory_1?before=10906 "HTTP/1.1 200 OK"
2026-05-19 12:02:52,595 INFO HTTP Request: GET https://t.me/s/medical_laboratory_1?before=10884 "HTTP/1.1 200 OK"
2026-05-19 12:02:53,798 INFO HTTP Request: GET https://t.me/s/medical_laboratory_1?before=10864 "HTTP/1.1 200 OK"
2026-05-19 12:02:54,873 INFO HTTP Request: GET https://t.me/s/medical_laboratory_1?before=10833 "HTTP/1.1 200 OK"
2026-05-19 12:02:55,973 INFO HTTP Request: GET https://t.me/s/medical_laboratory_1?before=10809 "HTTP/1.1 200 OK"
2026-05-19 12:02:57,081 INFO HTTP Request: GET https://t.me/s/medical_laboratory_1?before=10785 "HTTP/1.1 200 OK"
2026-05-19 12:02:58,302 INFO HTTP Request: GET https://t.me/s/medical_laboratory_1?before=10755 "HTTP/1.1 200 OK"
2026-05-19 12:02:59,385 INFO HTTP Request: GET https://t.me/s/medical_laboratory_1?before=10735 "HTTP/1.1 200 OK"
2026-05-19 12:03:00,598 INFO HTTP Request: GET https://t.me/s/medical_laboratory_1?before=10713 "HTTP/1.1 200 OK"
2026-05-19 12:03:01,562 INFO HTTP Request: GET https://t.me/s/medical_laboratory_1?before=10686 "HTTP/1.1 200 OK"
2026-05-19 12:03:02,638 INFO HTTP Request: GET https://t.me/s/medical_laboratory_1?before=10660 "HTTP/1.1 200 OK"
2026-05-19 12:03:03,733 INFO HTTP Request: GET https://t.me/s/medical_laboratory_1?before=10637 "HTTP/1.1 200 OK"
2026-05-19 12:03:04,718 INFO HTTP Request: GET https://t.me/s/medical_laboratory_1?before=10615 "HTTP/1.1 200 OK"
2026-05-19 12:03:05,921 INFO HTTP Request: GET https://t.me/s/medical_laboratory_1?before=10594 "HTTP/1.1 200 OK"
2026-05-19 12:03:07,039 INFO HTTP Request: GET https://t.me/s/medical_laboratory_1?before=10574 "HTTP/1.1 200 OK"
2026-05-19 12:03:08,169 INFO HTTP Request: GET https://t.me/s/medical_laboratory_1?before=10554 "HTTP/1.1 200 OK"
2026-05-19 12:03:09,208 INFO HTTP Request: GET https://t.me/s/medical_laboratory_1?before=10531 "HTTP/1.1 200 OK"
2026-05-19 12:03:10,520 INFO HTTP Request: GET https://t.me/s/medical_laboratory_1?before=10509 "HTTP/1.1 200 OK"
2026-05-19 12:03:11,535 INFO HTTP Request: GET https://t.me/s/medical_laboratory_1?before=10487 "HTTP/1.1 200 OK"
2026-05-19 12:03:12,635 INFO HTTP Request: GET https://t.me/s/medical_laboratory_1?before=10462 "HTTP/1.1 200 OK"
2026-05-19 12:03:14,087 INFO HTTP Request: GET https://t.me/s/medical_laboratory_1?before=10440 "HTTP/1.1 200 OK"
2026-05-19 12:03:15,206 INFO HTTP Request: GET https://t.me/s/medical_laboratory_1?before=10414 "HTTP/1.1 200 OK"
2026-05-19 12:03:16,244 INFO HTTP Request: GET https://t.me/s/medical_laboratory_1?before=10385 "HTTP/1.1 200 OK"
2026-05-19 12:03:17,259 INFO HTTP Request: GET https://t.me/s/medical_laboratory_1?before=10365 "HTTP/1.1 200 OK"
2026-05-19 12:03:18,393 INFO HTTP Request: GET https://t.me/s/medical_laboratory_1?before=10345 "HTTP/1.1 200 OK"
2026-05-19 12:03:19,521 INFO HTTP Request: GET https://t.me/s/medical_laboratory_1?before=10320 "HTTP/1.1 200 OK"
2026-05-19 12:03:20,651 INFO HTTP Request: GET https://t.me/s/medical_laboratory_1?before=10299 "HTTP/1.1 200 OK"
2026-05-19 12:03:21,587 INFO HTTP Request: GET https://t.me/s/medical_laboratory_1?before=10278 "HTTP/1.1 200 OK"
2026-05-19 12:03:22,635 INFO HTTP Request: GET https://t.me/s/medical_laboratory_1?before=10257 "HTTP/1.1 200 OK"
2026-05-19 12:03:23,780 INFO HTTP Request: GET https://t.me/s/medical_laboratory_1?before=10233 "HTTP/1.1 200 OK"
2026-05-19 12:03:24,827 INFO HTTP Request: GET https://t.me/s/medical_laboratory_1?before=10213 "HTTP/1.1 200 OK"
2026-05-19 12:03:25,840 INFO HTTP Request: GET https://t.me/s/medical_laboratory_1?before=10188 "HTTP/1.1 200 OK"
2026-05-19 12:03:26,911 INFO HTTP Request: GET https://t.me/s/medical_laboratory_1?before=10166 "HTTP/1.1 200 OK"
2026-05-19 12:03:28,021 INFO HTTP Request: GET https://t.me/s/medical_laboratory_1?before=10146 "HTTP/1.1 200 OK"
2026-05-19 12:03:29,140 INFO HTTP Request: GET https://t.me/s/medical_laboratory_1?before=10123 "HTTP/1.1 200 OK"
2026-05-19 12:03:30,323 INFO HTTP Request: GET https://t.me/s/medical_laboratory_1?before=10101 "HTTP/1.1 200 OK"
2026-05-19 12:03:31,367 INFO HTTP Request: GET https://t.me/s/medical_laboratory_1?before=10080 "HTTP/1.1 200 OK"
2026-05-19 12:03:32,641 INFO HTTP Request: GET https://t.me/s/medical_laboratory_1?before=10059 "HTTP/1.1 200 OK"
2026-05-19 12:03:33,701 INFO HTTP Request: GET https://t.me/s/medical_laboratory_1?before=10035 "HTTP/1.1 200 OK"
2026-05-19 12:03:34,757 INFO HTTP Request: GET https://t.me/s/medical_laboratory_1?before=10013 "HTTP/1.1 200 OK"
2026-05-19 12:03:35,816 INFO HTTP Request: GET https://t.me/s/medical_laboratory_1?before=9984 "HTTP/1.1 200 OK"
2026-05-19 12:03:36,939 INFO HTTP Request: GET https://t.me/s/medical_laboratory_1?before=9961 "HTTP/1.1 200 OK"
2026-05-19 12:03:38,016 INFO HTTP Request: GET https://t.me/s/medical_laboratory_1?before=9939 "HTTP/1.1 200 OK"
2026-05-19 12:03:39,044 INFO HTTP Request: GET https://t.me/s/medical_laboratory_1?before=9918 "HTTP/1.1 200 OK"
2026-05-19 12:03:40,259 INFO HTTP Request: GET https://t.me/s/medical_laboratory_1?before=9898 "HTTP/1.1 200 OK"
2026-05-19 12:03:41,278 INFO HTTP Request: GET https://t.me/s/medical_laboratory_1?before=9878 "HTTP/1.1 200 OK"
2026-05-19 12:03:42,338 INFO HTTP Request: GET https://t.me/s/medical_laboratory_1?before=9858 "HTTP/1.1 200 OK"
2026-05-19 12:03:43,309 INFO HTTP Request: GET https://t.me/s/medical_laboratory_1?before=9834 "HTTP/1.1 200 OK"
2026-05-19 12:03:44,557 INFO HTTP Request: GET https://t.me/s/medical_laboratory_1?before=9812 "HTTP/1.1 200 OK"
2026-05-19 12:03:45,567 INFO HTTP Request: GET https://t.me/s/medical_laboratory_1?before=9783 "HTTP/1.1 200 OK"
2026-05-19 12:03:46,657 INFO [60/196] @medical_laboratory_1 posts=1870 source=tme_full_preview
2026-05-19 12:03:47,160 INFO [61/196] skip @usmle_micro (cached)
2026-05-19 12:03:47,162 INFO [62/196] skip @medipdfofficial (cached)
2026-05-19 12:03:47,163 INFO [63/196] skip @medbooksvn2 (cached)
2026-05-19 12:03:47,164 INFO Trying t.me/s/booksmedicospdf ...
2026-05-19 12:03:48,002 INFO HTTP Request: GET https://t.me/s/booksmedicospdf "HTTP/1.1 302 Found"
2026-05-19 12:03:48,294 INFO HTTP Request: GET https://t.me/booksmedicospdf "HTTP/1.1 200 OK"
2026-05-19 12:03:48,295 INFO TGStat sample for booksmedicospdf (no public preview)
2026-05-19 12:03:49,898 INFO HTTP Request: GET https://tgstat.com/channel/@booksmedicospdf "HTTP/1.1 200 OK"
2026-05-19 12:03:50,980 INFO HTTP Request: GET https://tgstat.com/channel/@booksmedicospdf "HTTP/1.1 200 OK"
2026-05-19 12:03:52,088 INFO HTTP Request: GET https://tgstat.com/channel/@Booksmedicospdf "HTTP/1.1 200 OK"
2026-05-19 12:03:52,899 INFO [64/196] @booksmedicospdf posts=0 source=no_public_data
2026-05-19 12:03:53,409 INFO [65/196] skip @lraq_ed (cached)
2026-05-19 12:03:53,410 INFO Trying t.me/s/respiratoryupdates ...
2026-05-19 12:03:54,234 INFO HTTP Request: GET https://t.me/s/respiratoryupdates "HTTP/1.1 302 Found"
2026-05-19 12:03:54,534 INFO HTTP Request: GET https://t.me/respiratoryupdates "HTTP/1.1 200 OK"
2026-05-19 12:03:54,536 INFO TGStat sample for respiratoryupdates (no public preview)
2026-05-19 12:03:55,234 INFO HTTP Request: GET https://tgstat.com/channel/@respiratoryupdates "HTTP/1.1 200 OK"
2026-05-19 12:03:56,351 INFO HTTP Request: GET https://tgstat.com/channel/@respiratoryupdates "HTTP/1.1 200 OK"
2026-05-19 12:03:57,478 INFO HTTP Request: GET https://tgstat.com/channel/@Respiratoryupdates "HTTP/1.1 200 OK"
2026-05-19 12:03:58,257 INFO [66/196] @respiratoryupdates posts=0 source=no_public_data
2026-05-19 12:03:58,765 INFO Trying t.me/s/neonatology ...
2026-05-19 12:03:59,604 INFO HTTP Request: GET https://t.me/s/neonatology "HTTP/1.1 302 Found"
2026-05-19 12:03:59,884 INFO HTTP Request: GET https://t.me/neonatology "HTTP/1.1 200 OK"
2026-05-19 12:03:59,885 INFO TGStat sample for neonatology (no public preview)
2026-05-19 12:04:00,577 INFO HTTP Request: GET https://tgstat.com/channel/@neonatology "HTTP/1.1 200 OK"
2026-05-19 12:04:01,718 INFO HTTP Request: GET https://tgstat.com/channel/@neonatology "HTTP/1.1 200 OK"
2026-05-19 12:04:02,892 INFO HTTP Request: GET https://tgstat.com/channel/@Neonatology "HTTP/1.1 200 OK"
2026-05-19 12:04:03,702 INFO [67/196] @neonatology posts=0 source=no_public_data
2026-05-19 12:04:04,210 INFO Trying t.me/s/pharmacy_sources ...
2026-05-19 12:04:05,017 INFO HTTP Request: GET https://t.me/s/pharmacy_sources "HTTP/1.1 302 Found"
2026-05-19 12:04:05,303 INFO HTTP Request: GET https://t.me/pharmacy_sources "HTTP/1.1 200 OK"
2026-05-19 12:04:05,304 INFO TGStat sample for pharmacy_sources (no public preview)
2026-05-19 12:04:05,971 INFO HTTP Request: GET https://tgstat.com/channel/@pharmacy_sources "HTTP/1.1 200 OK"
2026-05-19 12:04:07,098 INFO HTTP Request: GET https://tgstat.com/channel/@pharmacy_sources "HTTP/1.1 200 OK"
2026-05-19 12:04:08,186 INFO HTTP Request: GET https://tgstat.com/channel/@Pharmacy_Sources "HTTP/1.1 200 OK"
2026-05-19 12:04:08,964 INFO [68/196] @pharmacy_sources posts=0 source=no_public_data
2026-05-19 12:04:09,533 INFO Trying t.me/s/ophthalmology_books ...
2026-05-19 12:04:10,381 INFO HTTP Request: GET https://t.me/s/ophthalmology_books "HTTP/1.1 302 Found"
2026-05-19 12:04:10,658 INFO HTTP Request: GET https://t.me/ophthalmology_books "HTTP/1.1 200 OK"
2026-05-19 12:04:10,659 INFO TGStat sample for ophthalmology_books (no public preview)
2026-05-19 12:04:11,314 INFO HTTP Request: GET https://tgstat.com/channel/@ophthalmology_books "HTTP/1.1 200 OK"
2026-05-19 12:04:12,433 INFO HTTP Request: GET https://tgstat.com/channel/@ophthalmology_books "HTTP/1.1 200 OK"
2026-05-19 12:04:13,575 INFO HTTP Request: GET https://tgstat.com/channel/@Ophthalmology_Books "HTTP/1.1 200 OK"
2026-05-19 12:04:14,378 INFO [69/196] @ophthalmology_books posts=0 source=no_public_data
2026-05-19 12:04:14,896 INFO [70/196] skip @medicalegypt (cached)
2026-05-19 12:04:14,898 INFO Trying t.me/s/medicalbooksstore55 ...
2026-05-19 12:04:15,716 INFO HTTP Request: GET https://t.me/s/medicalbooksstore55 "HTTP/1.1 302 Found"
2026-05-19 12:04:16,001 INFO HTTP Request: GET https://t.me/medicalbooksstore55 "HTTP/1.1 200 OK"
2026-05-19 12:04:16,002 INFO TGStat sample for medicalbooksstore55 (no public preview)
2026-05-19 12:04:16,694 INFO HTTP Request: GET https://tgstat.com/channel/@medicalbooksstore55 "HTTP/1.1 200 OK"
2026-05-19 12:04:17,780 INFO HTTP Request: GET https://tgstat.com/channel/@medicalbooksstore55 "HTTP/1.1 200 OK"
2026-05-19 12:04:18,870 INFO HTTP Request: GET https://tgstat.com/channel/@Medicalbooksstore55 "HTTP/1.1 200 OK"
2026-05-19 12:04:19,694 INFO [71/196] @medicalbooksstore55 posts=0 source=no_public_data
2026-05-19 12:04:20,201 INFO Trying t.me/s/kaplan_atm ...
2026-05-19 12:04:21,019 INFO HTTP Request: GET https://t.me/s/kaplan_atm "HTTP/1.1 302 Found"
2026-05-19 12:04:21,306 INFO HTTP Request: GET https://t.me/kaplan_atm "HTTP/1.1 200 OK"
2026-05-19 12:04:21,306 INFO TGStat sample for kaplan_atm (no public preview)
2026-05-19 12:04:21,981 INFO HTTP Request: GET https://tgstat.com/channel/@kaplan_atm "HTTP/1.1 200 OK"
2026-05-19 12:04:23,085 INFO HTTP Request: GET https://tgstat.com/channel/@kaplan_atm "HTTP/1.1 200 OK"
2026-05-19 12:04:24,241 INFO HTTP Request: GET https://tgstat.com/channel/@Kaplan_Atm "HTTP/1.1 200 OK"
2026-05-19 12:04:25,017 INFO [72/196] @kaplan_atm posts=0 source=no_public_data
2026-05-19 12:04:25,533 INFO Trying t.me/s/neuro_ophthalmology_books ...
2026-05-19 12:04:26,340 INFO HTTP Request: GET https://t.me/s/neuro_ophthalmology_books "HTTP/1.1 302 Found"
2026-05-19 12:04:26,634 INFO HTTP Request: GET https://t.me/neuro_ophthalmology_books "HTTP/1.1 200 OK"
2026-05-19 12:04:26,636 INFO TGStat sample for neuro_ophthalmology_books (no public preview)
2026-05-19 12:04:27,299 INFO HTTP Request: GET https://tgstat.com/channel/@neuro_ophthalmology_books "HTTP/1.1 200 OK"
2026-05-19 12:04:28,358 INFO HTTP Request: GET https://tgstat.com/channel/@neuro_ophthalmology_books "HTTP/1.1 200 OK"
2026-05-19 12:04:29,473 INFO HTTP Request: GET https://tgstat.com/channel/@Neuro_Ophthalmology_Books "HTTP/1.1 200 OK"
2026-05-19 12:04:30,266 INFO [73/196] @neuro_ophthalmology_books posts=0 source=no_public_data
2026-05-19 12:04:30,769 INFO [74/196] skip @veterinaryebook (cached)
2026-05-19 12:04:30,770 INFO Trying t.me/s/radiologist_library ...
2026-05-19 12:04:31,586 INFO HTTP Request: GET https://t.me/s/radiologist_library "HTTP/1.1 302 Found"
2026-05-19 12:04:31,863 INFO HTTP Request: GET https://t.me/radiologist_library "HTTP/1.1 200 OK"
2026-05-19 12:04:31,864 INFO TGStat sample for radiologist_library (no public preview)
2026-05-19 12:04:32,537 INFO HTTP Request: GET https://tgstat.com/channel/@radiologist_library "HTTP/1.1 200 OK"
2026-05-19 12:04:33,641 INFO HTTP Request: GET https://tgstat.com/channel/@radiologist_library "HTTP/1.1 200 OK"
2026-05-19 12:04:34,741 INFO HTTP Request: GET https://tgstat.com/channel/@Radiologist_Library "HTTP/1.1 200 OK"
2026-05-19 12:04:35,520 INFO [75/196] @radiologist_library posts=0 source=no_public_data
2026-05-19 12:04:36,036 INFO [76/196] skip @pediatric_books (cached)
2026-05-19 12:04:36,037 INFO Trying t.me/s/amcexam1 ...
2026-05-19 12:04:36,855 INFO HTTP Request: GET https://t.me/s/amcexam1 "HTTP/1.1 302 Found"
2026-05-19 12:04:37,131 INFO HTTP Request: GET https://t.me/amcexam1 "HTTP/1.1 200 OK"
2026-05-19 12:04:37,132 INFO TGStat sample for amcexam1 (no public preview)
2026-05-19 12:04:37,774 INFO HTTP Request: GET https://tgstat.com/channel/@amcexam1 "HTTP/1.1 200 OK"
2026-05-19 12:04:38,861 INFO HTTP Request: GET https://tgstat.com/channel/@amcexam1 "HTTP/1.1 200 OK"
2026-05-19 12:04:39,963 INFO HTTP Request: GET https://tgstat.com/channel/@Amcexam1 "HTTP/1.1 200 OK"
2026-05-19 12:04:40,738 INFO [77/196] @amcexam1 posts=0 source=no_public_data
2026-05-19 12:04:41,258 INFO Trying t.me/s/boards_beyonds ...
2026-05-19 12:04:42,079 INFO HTTP Request: GET https://t.me/s/boards_beyonds "HTTP/1.1 302 Found"
2026-05-19 12:04:42,369 INFO HTTP Request: GET https://t.me/boards_beyonds "HTTP/1.1 200 OK"
2026-05-19 12:04:42,370 INFO TGStat sample for boards_beyonds (no public preview)
2026-05-19 12:04:43,064 INFO HTTP Request: GET https://tgstat.com/channel/@boards_beyonds "HTTP/1.1 200 OK"
2026-05-19 12:04:44,212 INFO HTTP Request: GET https://tgstat.com/channel/@boards_beyonds "HTTP/1.1 200 OK"
2026-05-19 12:04:45,362 INFO HTTP Request: GET https://tgstat.com/channel/@Boards_Beyonds "HTTP/1.1 200 OK"
2026-05-19 12:04:46,138 INFO [78/196] @boards_beyonds posts=0 source=no_public_data
2026-05-19 12:04:46,641 INFO [79/196] skip @urgenciasyemergencias (cached)
2026-05-19 12:04:46,642 INFO Trying t.me/s/optometry_books2040 ...
2026-05-19 12:04:47,450 INFO HTTP Request: GET https://t.me/s/optometry_books2040 "HTTP/1.1 302 Found"
2026-05-19 12:04:47,732 INFO HTTP Request: GET https://t.me/optometry_books2040 "HTTP/1.1 200 OK"
2026-05-19 12:04:47,733 INFO TGStat sample for optometry_books2040 (no public preview)
2026-05-19 12:04:48,435 INFO HTTP Request: GET https://tgstat.com/channel/@optometry_books2040 "HTTP/1.1 200 OK"
2026-05-19 12:04:49,581 INFO HTTP Request: GET https://tgstat.com/channel/@optometry_books2040 "HTTP/1.1 200 OK"
2026-05-19 12:04:50,717 INFO HTTP Request: GET https://tgstat.com/channel/@Optometry_Books2040 "HTTP/1.1 200 OK"
2026-05-19 12:04:51,505 INFO [80/196] @optometry_books2040 posts=0 source=no_public_data
2026-05-19 12:04:52,013 INFO Trying t.me/s/cardiology_premium_videos ...
2026-05-19 12:04:52,835 INFO HTTP Request: GET https://t.me/s/cardiology_premium_videos "HTTP/1.1 302 Found"
2026-05-19 12:04:53,112 INFO HTTP Request: GET https://t.me/cardiology_premium_videos "HTTP/1.1 200 OK"
2026-05-19 12:04:53,113 INFO TGStat sample for cardiology_premium_videos (no public preview)
2026-05-19 12:04:53,775 INFO HTTP Request: GET https://tgstat.com/channel/@cardiology_premium_videos "HTTP/1.1 200 OK"
2026-05-19 12:04:54,888 INFO HTTP Request: GET https://tgstat.com/channel/@cardiology_premium_videos "HTTP/1.1 200 OK"
2026-05-19 12:04:56,039 INFO HTTP Request: GET https://tgstat.com/channel/@Cardiology_Premium_Videos "HTTP/1.1 200 OK"
2026-05-19 12:04:56,865 INFO [81/196] @cardiology_premium_videos posts=0 source=no_public_data
2026-05-19 12:04:57,381 INFO Trying t.me/s/newdermbooks ...
2026-05-19 12:04:58,227 INFO HTTP Request: GET https://t.me/s/newdermbooks "HTTP/1.1 302 Found"
2026-05-19 12:04:58,518 INFO HTTP Request: GET https://t.me/newdermbooks "HTTP/1.1 200 OK"
2026-05-19 12:04:58,519 INFO TGStat sample for newdermbooks (no public preview)
2026-05-19 12:04:59,175 INFO HTTP Request: GET https://tgstat.com/channel/@newdermbooks "HTTP/1.1 200 OK"
2026-05-19 12:05:00,350 INFO HTTP Request: GET https://tgstat.com/channel/@newdermbooks "HTTP/1.1 200 OK"
2026-05-19 12:05:01,572 INFO HTTP Request: GET https://tgstat.com/channel/@Newdermbooks "HTTP/1.1 200 OK"
2026-05-19 12:05:02,344 INFO [82/196] @newdermbooks posts=0 source=no_public_data
2026-05-19 12:05:02,860 INFO Trying t.me/s/pathology_books ...
2026-05-19 12:05:04,019 INFO HTTP Request: GET https://t.me/s/pathology_books "HTTP/1.1 200 OK"
2026-05-19 12:05:05,041 INFO HTTP Request: GET https://t.me/s/pathology_books?before=222 "HTTP/1.1 200 OK"
2026-05-19 12:05:06,043 INFO HTTP Request: GET https://t.me/s/pathology_books?before=198 "HTTP/1.1 200 OK"
2026-05-19 12:05:07,083 INFO HTTP Request: GET https://t.me/s/pathology_books?before=174 "HTTP/1.1 200 OK"
2026-05-19 12:05:08,141 INFO HTTP Request: GET https://t.me/s/pathology_books?before=152 "HTTP/1.1 200 OK"
2026-05-19 12:05:09,284 INFO HTTP Request: GET https://t.me/s/pathology_books?before=127 "HTTP/1.1 200 OK"
2026-05-19 12:05:10,002 INFO HTTP Request: GET https://t.me/s/pathology_books?before=1 "HTTP/1.1 200 OK"
2026-05-19 12:05:10,073 INFO [83/196] @pathology_books posts=103 source=tme_full_preview
2026-05-19 12:05:10,577 INFO [84/196] skip @surgerynb (cached)
2026-05-19 12:05:10,584 INFO Trying t.me/s/medstudyvideos ...
2026-05-19 12:05:12,216 INFO HTTP Request: GET https://t.me/s/medstudyvideos "HTTP/1.1 302 Found"
2026-05-19 12:05:12,496 INFO HTTP Request: GET https://t.me/medstudyvideos "HTTP/1.1 200 OK"
2026-05-19 12:05:12,497 INFO TGStat sample for medstudyvideos (no public preview)
2026-05-19 12:05:13,236 INFO HTTP Request: GET https://tgstat.com/channel/@medstudyvideos "HTTP/1.1 200 OK"
2026-05-19 12:05:14,554 INFO HTTP Request: GET https://tgstat.com/channel/@medstudyvideos "HTTP/1.1 200 OK"
2026-05-19 12:05:15,738 INFO HTTP Request: GET https://tgstat.com/channel/@Medstudyvideos "HTTP/1.1 200 OK"
2026-05-19 12:05:16,550 INFO [85/196] @medstudyvideos posts=0 source=no_public_data
2026-05-19 12:05:17,062 INFO Trying t.me/s/medical_library25 ...
2026-05-19 12:05:18,062 INFO HTTP Request: GET https://t.me/s/medical_library25 "HTTP/1.1 200 OK"
2026-05-19 12:05:19,348 INFO HTTP Request: GET https://t.me/s/medical_library25?before=537 "HTTP/1.1 200 OK"
2026-05-19 12:05:20,455 INFO HTTP Request: GET https://t.me/s/medical_library25?before=515 "HTTP/1.1 200 OK"
2026-05-19 12:05:21,694 INFO HTTP Request: GET https://t.me/s/medical_library25?before=489 "HTTP/1.1 200 OK"
2026-05-19 12:05:22,917 INFO HTTP Request: GET https://t.me/s/medical_library25?before=465 "HTTP/1.1 200 OK"
2026-05-19 12:05:24,031 INFO HTTP Request: GET https://t.me/s/medical_library25?before=445 "HTTP/1.1 200 OK"
2026-05-19 12:05:25,275 INFO HTTP Request: GET https://t.me/s/medical_library25?before=422 "HTTP/1.1 200 OK"
2026-05-19 12:05:26,393 INFO HTTP Request: GET https://t.me/s/medical_library25?before=348 "HTTP/1.1 200 OK"
2026-05-19 12:05:27,625 INFO HTTP Request: GET https://t.me/s/medical_library25?before=308 "HTTP/1.1 200 OK"
2026-05-19 12:05:28,478 INFO HTTP Request: GET https://t.me/s/medical_library25?before=1 "HTTP/1.1 200 OK"
2026-05-19 12:05:28,528 INFO [86/196] @medical_library25 posts=170 source=tme_full_preview
2026-05-19 12:05:29,034 INFO Trying t.me/s/medic_store ...
2026-05-19 12:05:30,165 INFO HTTP Request: GET https://t.me/s/medic_store "HTTP/1.1 200 OK"
2026-05-19 12:05:32,072 INFO HTTP Request: GET https://t.me/s/medic_store?before=142 "HTTP/1.1 200 OK"
2026-05-19 12:05:33,841 INFO HTTP Request: GET https://t.me/s/medic_store?before=120 "HTTP/1.1 200 OK"
2026-05-19 12:05:35,366 INFO HTTP Request: GET https://t.me/s/medic_store?before=87 "HTTP/1.1 200 OK"
2026-05-19 12:05:36,823 INFO HTTP Request: GET https://t.me/s/medic_store?before=51 "HTTP/1.1 200 OK"
2026-05-19 12:05:37,610 INFO HTTP Request: GET https://t.me/s/medic_store?before=1 "HTTP/1.1 200 OK"
2026-05-19 12:05:37,660 INFO [87/196] @medic_store posts=86 source=tme_full_preview
2026-05-19 12:05:38,181 INFO Trying t.me/s/radiology_ebooks ...
2026-05-19 12:05:39,062 INFO HTTP Request: GET https://t.me/s/radiology_ebooks "HTTP/1.1 302 Found"
2026-05-19 12:05:39,342 INFO HTTP Request: GET https://t.me/radiology_ebooks "HTTP/1.1 200 OK"
2026-05-19 12:05:39,344 INFO TGStat sample for radiology_ebooks (no public preview)
2026-05-19 12:05:40,018 INFO HTTP Request: GET https://tgstat.com/channel/@radiology_ebooks "HTTP/1.1 200 OK"
2026-05-19 12:05:41,169 INFO HTTP Request: GET https://tgstat.com/channel/@radiology_ebooks "HTTP/1.1 200 OK"
2026-05-19 12:05:42,429 INFO HTTP Request: GET https://tgstat.com/channel/@Radiology_Ebooks "HTTP/1.1 200 OK"
2026-05-19 12:05:43,274 INFO [88/196] @radiology_ebooks posts=0 source=no_public_data
2026-05-19 12:05:43,785 INFO [89/196] skip @thesurgerytimes (cached)
2026-05-19 12:05:43,789 INFO Trying t.me/s/surgerybyhamoud ...
2026-05-19 12:05:44,614 INFO HTTP Request: GET https://t.me/s/surgerybyhamoud "HTTP/1.1 302 Found"
2026-05-19 12:05:44,897 INFO HTTP Request: GET https://t.me/surgerybyhamoud "HTTP/1.1 200 OK"
2026-05-19 12:05:44,898 INFO TGStat sample for surgerybyhamoud (no public preview)
2026-05-19 12:05:45,566 INFO HTTP Request: GET https://tgstat.com/channel/@surgerybyhamoud "HTTP/1.1 200 OK"
2026-05-19 12:05:46,758 INFO HTTP Request: GET https://tgstat.com/channel/@surgerybyhamoud "HTTP/1.1 200 OK"
2026-05-19 12:05:47,932 INFO HTTP Request: GET https://tgstat.com/channel/@Surgerybyhamoud "HTTP/1.1 200 OK"
2026-05-19 12:05:48,758 INFO [90/196] @surgerybyhamoud posts=0 source=no_public_data
2026-05-19 12:05:49,275 INFO Trying t.me/s/medicallibrarymax ...
2026-05-19 12:05:50,232 INFO HTTP Request: GET https://t.me/s/medicallibrarymax "HTTP/1.1 200 OK"
2026-05-19 12:05:51,198 INFO HTTP Request: GET https://t.me/s/medicallibrarymax?before=220 "HTTP/1.1 200 OK"
2026-05-19 12:05:52,157 INFO HTTP Request: GET https://t.me/s/medicallibrarymax?before=200 "HTTP/1.1 200 OK"
2026-05-19 12:05:53,177 INFO HTTP Request: GET https://t.me/s/medicallibrarymax?before=180 "HTTP/1.1 200 OK"
2026-05-19 12:05:54,360 INFO HTTP Request: GET https://t.me/s/medicallibrarymax?before=160 "HTTP/1.1 200 OK"
2026-05-19 12:05:55,379 INFO HTTP Request: GET https://t.me/s/medicallibrarymax?before=140 "HTTP/1.1 200 OK"
2026-05-19 12:05:56,342 INFO HTTP Request: GET https://t.me/s/medicallibrarymax?before=120 "HTTP/1.1 200 OK"
2026-05-19 12:05:57,340 INFO HTTP Request: GET https://t.me/s/medicallibrarymax?before=91 "HTTP/1.1 200 OK"
2026-05-19 12:05:58,432 INFO HTTP Request: GET https://t.me/s/medicallibrarymax?before=63 "HTTP/1.1 200 OK"
2026-05-19 12:05:59,420 INFO HTTP Request: GET https://t.me/s/medicallibrarymax?before=38 "HTTP/1.1 200 OK"
2026-05-19 12:06:00,219 INFO HTTP Request: GET https://t.me/s/medicallibrarymax?before=1 "HTTP/1.1 200 OK"
2026-05-19 12:06:00,273 INFO [91/196] @medicallibrarymax posts=185 source=tme_full_preview
2026-05-19 12:06:00,791 INFO Trying t.me/s/medical_ebook_pdfs ...
2026-05-19 12:06:01,627 INFO HTTP Request: GET https://t.me/s/medical_ebook_pdfs "HTTP/1.1 302 Found"
2026-05-19 12:06:01,919 INFO HTTP Request: GET https://t.me/medical_ebook_pdfs "HTTP/1.1 200 OK"
2026-05-19 12:06:01,920 INFO TGStat sample for medical_ebook_pdfs (no public preview)
2026-05-19 12:06:02,620 INFO HTTP Request: GET https://tgstat.com/channel/@medical_ebook_pdfs "HTTP/1.1 200 OK"
2026-05-19 12:06:03,797 INFO HTTP Request: GET https://tgstat.com/channel/@medical_ebook_pdfs "HTTP/1.1 200 OK"
2026-05-19 12:06:04,945 INFO HTTP Request: GET https://tgstat.com/channel/@Medical_Ebook_Pdfs "HTTP/1.1 200 OK"
2026-05-19 12:06:05,768 INFO [92/196] @medical_ebook_pdfs posts=0 source=no_public_data
2026-05-19 12:06:06,285 INFO Trying t.me/s/neurosurgerych ...
2026-05-19 12:06:07,091 INFO HTTP Request: GET https://t.me/s/neurosurgerych "HTTP/1.1 302 Found"
2026-05-19 12:06:07,374 INFO HTTP Request: GET https://t.me/neurosurgerych "HTTP/1.1 200 OK"
2026-05-19 12:06:07,374 INFO TGStat sample for neurosurgerych (no public preview)
2026-05-19 12:06:08,062 INFO HTTP Request: GET https://tgstat.com/channel/@neurosurgerych "HTTP/1.1 200 OK"
2026-05-19 12:06:09,208 INFO HTTP Request: GET https://tgstat.com/channel/@neurosurgerych "HTTP/1.1 200 OK"
2026-05-19 12:06:10,321 INFO HTTP Request: GET https://tgstat.com/channel/@Neurosurgerych "HTTP/1.1 200 OK"
2026-05-19 12:06:11,132 INFO [93/196] @neurosurgerych posts=0 source=no_public_data
2026-05-19 12:06:11,655 INFO Trying t.me/s/radiologygoldenbooks ...
2026-05-19 12:06:12,530 INFO HTTP Request: GET https://t.me/s/radiologygoldenbooks "HTTP/1.1 302 Found"
2026-05-19 12:06:12,807 INFO HTTP Request: GET https://t.me/radiologygoldenbooks "HTTP/1.1 200 OK"
2026-05-19 12:06:12,808 INFO TGStat sample for radiologygoldenbooks (no public preview)
2026-05-19 12:06:13,528 INFO HTTP Request: GET https://tgstat.com/channel/@radiologygoldenbooks "HTTP/1.1 200 OK"
2026-05-19 12:06:14,658 INFO HTTP Request: GET https://tgstat.com/channel/@radiologygoldenbooks "HTTP/1.1 200 OK"
2026-05-19 12:06:15,790 INFO HTTP Request: GET https://tgstat.com/channel/@Radiologygoldenbooks "HTTP/1.1 200 OK"
2026-05-19 12:06:16,570 INFO [94/196] @radiologygoldenbooks posts=0 source=no_public_data
2026-05-19 12:06:17,086 INFO Trying t.me/s/uro_first ...
2026-05-19 12:06:17,934 INFO HTTP Request: GET https://t.me/s/uro_first "HTTP/1.1 302 Found"
2026-05-19 12:06:18,221 INFO HTTP Request: GET https://t.me/uro_first "HTTP/1.1 200 OK"
2026-05-19 12:06:18,222 INFO TGStat sample for uro_first (no public preview)
2026-05-19 12:06:18,905 INFO HTTP Request: GET https://tgstat.com/channel/@uro_first "HTTP/1.1 200 OK"
2026-05-19 12:06:20,012 INFO HTTP Request: GET https://tgstat.com/channel/@uro_first "HTTP/1.1 200 OK"
2026-05-19 12:06:21,125 INFO HTTP Request: GET https://tgstat.com/channel/@Uro_First "HTTP/1.1 200 OK"
2026-05-19 12:06:21,936 INFO [95/196] @uro_first posts=0 source=no_public_data
2026-05-19 12:06:22,463 INFO Trying t.me/s/amcrecall ...
2026-05-19 12:06:23,266 INFO HTTP Request: GET https://t.me/s/amcrecall "HTTP/1.1 302 Found"
2026-05-19 12:06:23,549 INFO HTTP Request: GET https://t.me/amcrecall "HTTP/1.1 200 OK"
2026-05-19 12:06:23,550 INFO TGStat sample for amcrecall (no public preview)
2026-05-19 12:06:24,247 INFO HTTP Request: GET https://tgstat.com/channel/@amcrecall "HTTP/1.1 200 OK"
2026-05-19 12:06:25,367 INFO HTTP Request: GET https://tgstat.com/channel/@amcrecall "HTTP/1.1 200 OK"
2026-05-19 12:06:26,514 INFO HTTP Request: GET https://tgstat.com/channel/@Amcrecall "HTTP/1.1 200 OK"
2026-05-19 12:06:27,304 INFO [96/196] @amcrecall posts=0 source=no_public_data
2026-05-19 12:06:27,822 INFO [97/196] skip @maragia (cached)
2026-05-19 12:06:27,824 INFO Trying t.me/s/physiotherapybooks ...
2026-05-19 12:06:28,645 INFO HTTP Request: GET https://t.me/s/physiotherapybooks "HTTP/1.1 302 Found"
2026-05-19 12:06:28,930 INFO HTTP Request: GET https://t.me/physiotherapybooks "HTTP/1.1 200 OK"
2026-05-19 12:06:28,939 INFO TGStat sample for physiotherapybooks (no public preview)
2026-05-19 12:06:29,668 INFO HTTP Request: GET https://tgstat.com/channel/@physiotherapybooks "HTTP/1.1 200 OK"
2026-05-19 12:06:30,772 INFO HTTP Request: GET https://tgstat.com/channel/@physiotherapybooks "HTTP/1.1 200 OK"
2026-05-19 12:06:31,879 INFO HTTP Request: GET https://tgstat.com/channel/@Physiotherapybooks "HTTP/1.1 200 OK"
2026-05-19 12:06:32,654 INFO [98/196] @physiotherapybooks posts=0 source=no_public_data
2026-05-19 12:06:33,163 INFO [99/196] skip @kmtcnursing (cached)
2026-05-19 12:06:33,164 INFO Trying t.me/s/pharmacologybooks ...
2026-05-19 12:06:33,994 INFO HTTP Request: GET https://t.me/s/pharmacologybooks "HTTP/1.1 302 Found"
2026-05-19 12:06:34,282 INFO HTTP Request: GET https://t.me/pharmacologybooks "HTTP/1.1 200 OK"
2026-05-19 12:06:34,283 INFO TGStat sample for pharmacologybooks (no public preview)
2026-05-19 12:06:34,964 INFO HTTP Request: GET https://tgstat.com/channel/@pharmacologybooks "HTTP/1.1 200 OK"
2026-05-19 12:06:36,119 INFO HTTP Request: GET https://tgstat.com/channel/@pharmacologybooks "HTTP/1.1 200 OK"
2026-05-19 12:06:37,233 INFO HTTP Request: GET https://tgstat.com/channel/@Pharmacologybooks "HTTP/1.1 200 OK"
2026-05-19 12:06:38,022 INFO [100/196] @pharmacologybooks posts=0 source=no_public_data
2026-05-19 12:06:38,538 INFO [101/196] skip @yurchenkomd (cached)
2026-05-19 12:06:38,539 INFO [102/196] skip @amcmcq (cached)
2026-05-19 12:06:38,540 INFO [103/196] skip @yogabookspdf (cached)
2026-05-19 12:06:38,542 INFO Trying t.me/s/bibliomed02 ...
2026-05-19 12:06:39,351 INFO HTTP Request: GET https://t.me/s/bibliomed02 "HTTP/1.1 302 Found"
2026-05-19 12:06:39,632 INFO HTTP Request: GET https://t.me/bibliomed02 "HTTP/1.1 200 OK"
2026-05-19 12:06:39,633 INFO TGStat sample for bibliomed02 (no public preview)
2026-05-19 12:06:40,340 INFO HTTP Request: GET https://tgstat.com/channel/@bibliomed02 "HTTP/1.1 200 OK"
2026-05-19 12:06:41,435 INFO HTTP Request: GET https://tgstat.com/channel/@bibliomed02 "HTTP/1.1 200 OK"
2026-05-19 12:06:42,533 INFO HTTP Request: GET https://tgstat.com/channel/@Bibliomed02 "HTTP/1.1 200 OK"
2026-05-19 12:06:43,323 INFO [104/196] @bibliomed02 posts=0 source=no_public_data
2026-05-19 12:06:43,836 INFO Trying t.me/s/kitap_pdf ...
2026-05-19 12:06:44,652 INFO HTTP Request: GET https://t.me/s/kitap_pdf "HTTP/1.1 302 Found"
2026-05-19 12:06:44,932 INFO HTTP Request: GET https://t.me/kitap_pdf "HTTP/1.1 200 OK"
2026-05-19 12:06:44,932 INFO TGStat sample for kitap_pdf (no public preview)
2026-05-19 12:06:45,584 INFO HTTP Request: GET https://tgstat.com/channel/@kitap_pdf "HTTP/1.1 200 OK"
2026-05-19 12:06:46,706 INFO HTTP Request: GET https://tgstat.com/channel/@kitap_pdf "HTTP/1.1 200 OK"
2026-05-19 12:06:47,825 INFO HTTP Request: GET https://tgstat.com/channel/@Kitap_Pdf "HTTP/1.1 200 OK"
2026-05-19 12:06:48,615 INFO [105/196] @kitap_pdf posts=0 source=no_public_data
2026-05-19 12:06:49,132 INFO Trying t.me/s/anesthesia ...
2026-05-19 12:06:50,076 INFO HTTP Request: GET https://t.me/s/anesthesia "HTTP/1.1 200 OK"
2026-05-19 12:06:51,093 INFO HTTP Request: GET https://t.me/s/anesthesia?before=745 "HTTP/1.1 200 OK"
2026-05-19 12:06:52,045 INFO HTTP Request: GET https://t.me/s/anesthesia?before=723 "HTTP/1.1 200 OK"
2026-05-19 12:06:53,037 INFO HTTP Request: GET https://t.me/s/anesthesia?before=701 "HTTP/1.1 200 OK"
2026-05-19 12:06:53,989 INFO HTTP Request: GET https://t.me/s/anesthesia?before=679 "HTTP/1.1 200 OK"
2026-05-19 12:06:54,967 INFO HTTP Request: GET https://t.me/s/anesthesia?before=659 "HTTP/1.1 200 OK"
2026-05-19 12:06:55,969 INFO HTTP Request: GET https://t.me/s/anesthesia?before=639 "HTTP/1.1 200 OK"
2026-05-19 12:06:57,000 INFO HTTP Request: GET https://t.me/s/anesthesia?before=618 "HTTP/1.1 200 OK"
2026-05-19 12:06:58,435 INFO HTTP Request: GET https://t.me/s/anesthesia?before=596 "HTTP/1.1 200 OK"
2026-05-19 12:06:59,592 INFO HTTP Request: GET https://t.me/s/anesthesia?before=571 "HTTP/1.1 200 OK"
2026-05-19 12:07:00,739 INFO HTTP Request: GET https://t.me/s/anesthesia?before=549 "HTTP/1.1 200 OK"
2026-05-19 12:07:01,974 INFO HTTP Request: GET https://t.me/s/anesthesia?before=508 "HTTP/1.1 200 OK"
2026-05-19 12:07:03,232 INFO HTTP Request: GET https://t.me/s/anesthesia?before=486 "HTTP/1.1 200 OK"
2026-05-19 12:07:04,391 INFO HTTP Request: GET https://t.me/s/anesthesia?before=458 "HTTP/1.1 200 OK"
2026-05-19 12:07:05,642 INFO HTTP Request: GET https://t.me/s/anesthesia?before=434 "HTTP/1.1 200 OK"
2026-05-19 12:07:07,120 INFO HTTP Request: GET https://t.me/s/anesthesia?before=410 "HTTP/1.1 200 OK"
2026-05-19 12:07:08,325 INFO HTTP Request: GET https://t.me/s/anesthesia?before=389 "HTTP/1.1 200 OK"
2026-05-19 12:07:09,360 INFO HTTP Request: GET https://t.me/s/anesthesia?before=360 "HTTP/1.1 200 OK"
2026-05-19 12:07:10,551 INFO HTTP Request: GET https://t.me/s/anesthesia?before=339 "HTTP/1.1 200 OK"
2026-05-19 12:07:11,763 INFO HTTP Request: GET https://t.me/s/anesthesia?before=319 "HTTP/1.1 200 OK"
2026-05-19 12:07:13,174 INFO HTTP Request: GET https://t.me/s/anesthesia?before=297 "HTTP/1.1 200 OK"
2026-05-19 12:07:14,563 INFO HTTP Request: GET https://t.me/s/anesthesia?before=272 "HTTP/1.1 200 OK"
2026-05-19 12:07:15,985 INFO HTTP Request: GET https://t.me/s/anesthesia?before=248 "HTTP/1.1 200 OK"
2026-05-19 12:07:17,216 INFO HTTP Request: GET https://t.me/s/anesthesia?before=215 "HTTP/1.1 200 OK"
2026-05-19 12:07:18,204 INFO HTTP Request: GET https://t.me/s/anesthesia?before=191 "HTTP/1.1 200 OK"
2026-05-19 12:07:19,123 INFO HTTP Request: GET https://t.me/s/anesthesia?before=170 "HTTP/1.1 200 OK"
2026-05-19 12:07:20,155 INFO HTTP Request: GET https://t.me/s/anesthesia?before=150 "HTTP/1.1 200 OK"
2026-05-19 12:07:21,289 INFO HTTP Request: GET https://t.me/s/anesthesia?before=126 "HTTP/1.1 200 OK"
2026-05-19 12:07:22,483 INFO HTTP Request: GET https://t.me/s/anesthesia?before=106 "HTTP/1.1 200 OK"
2026-05-19 12:07:23,537 INFO HTTP Request: GET https://t.me/s/anesthesia?before=86 "HTTP/1.1 200 OK"
2026-05-19 12:07:24,601 INFO HTTP Request: GET https://t.me/s/anesthesia?before=66 "HTTP/1.1 200 OK"
2026-05-19 12:07:25,579 INFO HTTP Request: GET https://t.me/s/anesthesia?before=46 "HTTP/1.1 200 OK"
2026-05-19 12:07:26,633 INFO HTTP Request: GET https://t.me/s/anesthesia?before=26 "HTTP/1.1 200 OK"
2026-05-19 12:07:27,705 INFO HTTP Request: GET https://t.me/s/anesthesia?before=6 "HTTP/1.1 200 OK"
2026-05-19 12:07:28,466 INFO HTTP Request: GET https://t.me/s/anesthesia?before=1 "HTTP/1.1 200 OK"
2026-05-19 12:07:28,585 INFO [106/196] @anesthesia posts=656 source=tme_full_preview
2026-05-19 12:07:29,097 INFO [107/196] skip @ophthbooks (cached)
2026-05-19 12:07:29,098 INFO [108/196] skip @hematologys (cached)
2026-05-19 12:07:29,098 INFO Trying t.me/s/mcceepreparation ...
2026-05-19 12:07:29,942 INFO HTTP Request: GET https://t.me/s/mcceepreparation "HTTP/1.1 302 Found"
2026-05-19 12:07:30,225 INFO HTTP Request: GET https://t.me/mcceepreparation "HTTP/1.1 200 OK"
2026-05-19 12:07:30,226 INFO TGStat sample for mcceepreparation (no public preview)
2026-05-19 12:07:31,671 INFO HTTP Request: GET https://tgstat.com/channel/@mcceepreparation "HTTP/1.1 200 OK"
2026-05-19 12:07:33,123 INFO HTTP Request: GET https://tgstat.com/channel/@mcceepreparation "HTTP/1.1 200 OK"
2026-05-19 12:07:34,327 INFO HTTP Request: GET https://tgstat.com/channel/@Mcceepreparation "HTTP/1.1 200 OK"
2026-05-19 12:07:35,143 INFO [109/196] @mcceepreparation posts=0 source=no_public_data
2026-05-19 12:07:35,657 INFO Trying t.me/s/mcqradiology ...
2026-05-19 12:07:36,490 INFO HTTP Request: GET https://t.me/s/mcqradiology "HTTP/1.1 302 Found"
2026-05-19 12:07:36,771 INFO HTTP Request: GET https://t.me/mcqradiology "HTTP/1.1 200 OK"
2026-05-19 12:07:36,772 INFO TGStat sample for mcqradiology (no public preview)
2026-05-19 12:07:37,463 INFO HTTP Request: GET https://tgstat.com/channel/@mcqradiology "HTTP/1.1 200 OK"
2026-05-19 12:07:40,699 INFO HTTP Request: GET https://tgstat.com/channel/@mcqradiology "HTTP/1.1 200 OK"
2026-05-19 12:07:41,968 INFO HTTP Request: GET https://tgstat.com/channel/@Mcqradiology "HTTP/1.1 200 OK"
2026-05-19 12:07:42,785 INFO [110/196] @mcqradiology posts=0 source=no_public_data
2026-05-19 12:07:43,291 INFO Trying t.me/s/pediatric_pdfs ...
2026-05-19 12:07:44,105 INFO HTTP Request: GET https://t.me/s/pediatric_pdfs "HTTP/1.1 302 Found"
2026-05-19 12:07:44,392 INFO HTTP Request: GET https://t.me/pediatric_pdfs "HTTP/1.1 200 OK"
2026-05-19 12:07:44,393 INFO TGStat sample for pediatric_pdfs (no public preview)
2026-05-19 12:07:45,088 INFO HTTP Request: GET https://tgstat.com/channel/@pediatric_pdfs "HTTP/1.1 200 OK"
2026-05-19 12:07:46,244 INFO HTTP Request: GET https://tgstat.com/channel/@pediatric_pdfs "HTTP/1.1 200 OK"
2026-05-19 12:07:47,378 INFO HTTP Request: GET https://tgstat.com/channel/@Pediatric_Pdfs "HTTP/1.1 200 OK"
2026-05-19 12:07:48,160 INFO [111/196] @pediatric_pdfs posts=0 source=no_public_data
2026-05-19 12:07:48,686 INFO Trying t.me/s/dtunewsmedicine ...
2026-05-19 12:07:49,518 INFO HTTP Request: GET https://t.me/s/dtunewsmedicine "HTTP/1.1 302 Found"
2026-05-19 12:07:49,808 INFO HTTP Request: GET https://t.me/dtunewsmedicine "HTTP/1.1 200 OK"
2026-05-19 12:07:49,809 INFO TGStat sample for dtunewsmedicine (no public preview)
2026-05-19 12:07:50,535 INFO HTTP Request: GET https://tgstat.com/channel/@dtunewsmedicine "HTTP/1.1 200 OK"
2026-05-19 12:07:51,604 INFO HTTP Request: GET https://tgstat.com/channel/@dtunewsmedicine "HTTP/1.1 200 OK"
2026-05-19 12:07:52,702 INFO HTTP Request: GET https://tgstat.com/channel/@Dtunewsmedicine "HTTP/1.1 200 OK"
2026-05-19 12:07:53,510 INFO [112/196] @dtunewsmedicine posts=0 source=no_public_data
2026-05-19 12:07:54,019 INFO Trying t.me/s/internalmedicinebookss ...
2026-05-19 12:07:54,816 INFO HTTP Request: GET https://t.me/s/internalmedicinebookss "HTTP/1.1 302 Found"
2026-05-19 12:07:55,104 INFO HTTP Request: GET https://t.me/internalmedicinebookss "HTTP/1.1 200 OK"
2026-05-19 12:07:55,105 INFO TGStat sample for internalmedicinebookss (no public preview)
2026-05-19 12:07:55,779 INFO HTTP Request: GET https://tgstat.com/channel/@internalmedicinebookss "HTTP/1.1 200 OK"
2026-05-19 12:07:56,944 INFO HTTP Request: GET https://tgstat.com/channel/@internalmedicinebookss "HTTP/1.1 200 OK"
2026-05-19 12:07:58,055 INFO HTTP Request: GET https://tgstat.com/channel/@Internalmedicinebookss "HTTP/1.1 200 OK"
2026-05-19 12:07:58,853 INFO [113/196] @internalmedicinebookss posts=0 source=no_public_data
2026-05-19 12:07:59,381 INFO Trying t.me/s/christianebooklibrary ...
2026-05-19 12:08:00,207 INFO HTTP Request: GET https://t.me/s/christianebooklibrary "HTTP/1.1 302 Found"
2026-05-19 12:08:00,491 INFO HTTP Request: GET https://t.me/christianebooklibrary "HTTP/1.1 200 OK"
2026-05-19 12:08:00,492 INFO TGStat sample for christianebooklibrary (no public preview)
2026-05-19 12:08:01,189 INFO HTTP Request: GET https://tgstat.com/channel/@christianebooklibrary "HTTP/1.1 200 OK"
2026-05-19 12:08:02,270 INFO HTTP Request: GET https://tgstat.com/channel/@christianebooklibrary "HTTP/1.1 200 OK"
2026-05-19 12:08:03,389 INFO HTTP Request: GET https://tgstat.com/channel/@Christianebooklibrary "HTTP/1.1 200 OK"
2026-05-19 12:08:04,207 INFO [114/196] @christianebooklibrary posts=0 source=no_public_data
2026-05-19 12:08:04,723 INFO Trying t.me/s/punjabipdfbooks ...
2026-05-19 12:08:05,555 INFO HTTP Request: GET https://t.me/s/punjabipdfbooks "HTTP/1.1 302 Found"
2026-05-19 12:08:05,841 INFO HTTP Request: GET https://t.me/punjabipdfbooks "HTTP/1.1 200 OK"
2026-05-19 12:08:05,841 INFO TGStat sample for punjabipdfbooks (no public preview)
2026-05-19 12:08:06,530 INFO HTTP Request: GET https://tgstat.com/channel/@punjabipdfbooks "HTTP/1.1 200 OK"
2026-05-19 12:08:07,678 INFO HTTP Request: GET https://tgstat.com/channel/@punjabipdfbooks "HTTP/1.1 200 OK"
2026-05-19 12:08:08,781 INFO HTTP Request: GET https://tgstat.com/channel/@Punjabipdfbooks "HTTP/1.1 200 OK"
2026-05-19 12:08:09,563 INFO [115/196] @punjabipdfbooks posts=0 source=no_public_data
2026-05-19 12:08:10,081 INFO Trying t.me/s/fm_notes ...
2026-05-19 12:08:11,182 INFO HTTP Request: GET https://t.me/s/fm_notes "HTTP/1.1 200 OK"
2026-05-19 12:08:12,139 INFO HTTP Request: GET https://t.me/s/fm_notes?before=1274 "HTTP/1.1 200 OK"
2026-05-19 12:08:13,283 INFO HTTP Request: GET https://t.me/s/fm_notes?before=1247 "HTTP/1.1 200 OK"
2026-05-19 12:08:14,321 INFO HTTP Request: GET https://t.me/s/fm_notes?before=1217 "HTTP/1.1 200 OK"
2026-05-19 12:08:15,370 INFO HTTP Request: GET https://t.me/s/fm_notes?before=1196 "HTTP/1.1 200 OK"
2026-05-19 12:08:16,389 INFO HTTP Request: GET https://t.me/s/fm_notes?before=1174 "HTTP/1.1 200 OK"
2026-05-19 12:08:17,408 INFO HTTP Request: GET https://t.me/s/fm_notes?before=1152 "HTTP/1.1 200 OK"
2026-05-19 12:08:18,410 INFO HTTP Request: GET https://t.me/s/fm_notes?before=1128 "HTTP/1.1 200 OK"
2026-05-19 12:08:19,388 INFO HTTP Request: GET https://t.me/s/fm_notes?before=1108 "HTTP/1.1 200 OK"
2026-05-19 12:08:20,372 INFO HTTP Request: GET https://t.me/s/fm_notes?before=1087 "HTTP/1.1 200 OK"
2026-05-19 12:08:21,459 INFO HTTP Request: GET https://t.me/s/fm_notes?before=1067 "HTTP/1.1 200 OK"
2026-05-19 12:08:22,475 INFO HTTP Request: GET https://t.me/s/fm_notes?before=1037 "HTTP/1.1 200 OK"
2026-05-19 12:08:23,396 INFO HTTP Request: GET https://t.me/s/fm_notes?before=1016 "HTTP/1.1 200 OK"
2026-05-19 12:08:24,354 INFO HTTP Request: GET https://t.me/s/fm_notes?before=994 "HTTP/1.1 200 OK"
2026-05-19 12:08:25,404 INFO HTTP Request: GET https://t.me/s/fm_notes?before=973 "HTTP/1.1 200 OK"
2026-05-19 12:08:26,449 INFO HTTP Request: GET https://t.me/s/fm_notes?before=951 "HTTP/1.1 200 OK"
2026-05-19 12:08:27,447 INFO HTTP Request: GET https://t.me/s/fm_notes?before=928 "HTTP/1.1 200 OK"
2026-05-19 12:08:28,611 INFO HTTP Request: GET https://t.me/s/fm_notes?before=904 "HTTP/1.1 200 OK"
2026-05-19 12:08:29,793 INFO HTTP Request: GET https://t.me/s/fm_notes?before=883 "HTTP/1.1 200 OK"
2026-05-19 12:08:30,859 INFO HTTP Request: GET https://t.me/s/fm_notes?before=861 "HTTP/1.1 200 OK"
2026-05-19 12:08:31,894 INFO HTTP Request: GET https://t.me/s/fm_notes?before=840 "HTTP/1.1 200 OK"
2026-05-19 12:08:32,930 INFO HTTP Request: GET https://t.me/s/fm_notes?before=820 "HTTP/1.1 200 OK"
2026-05-19 12:08:33,865 INFO HTTP Request: GET https://t.me/s/fm_notes?before=797 "HTTP/1.1 200 OK"
2026-05-19 12:08:35,367 INFO HTTP Request: GET https://t.me/s/fm_notes?before=774 "HTTP/1.1 200 OK"
2026-05-19 12:08:36,283 INFO HTTP Request: GET https://t.me/s/fm_notes?before=751 "HTTP/1.1 200 OK"
2026-05-19 12:08:37,254 INFO HTTP Request: GET https://t.me/s/fm_notes?before=723 "HTTP/1.1 200 OK"
2026-05-19 12:08:38,359 INFO HTTP Request: GET https://t.me/s/fm_notes?before=696 "HTTP/1.1 200 OK"
2026-05-19 12:08:39,392 INFO HTTP Request: GET https://t.me/s/fm_notes?before=673 "HTTP/1.1 200 OK"
2026-05-19 12:08:40,376 INFO HTTP Request: GET https://t.me/s/fm_notes?before=650 "HTTP/1.1 200 OK"
2026-05-19 12:08:41,450 INFO HTTP Request: GET https://t.me/s/fm_notes?before=625 "HTTP/1.1 200 OK"
2026-05-19 12:08:42,416 INFO HTTP Request: GET https://t.me/s/fm_notes?before=603 "HTTP/1.1 200 OK"
2026-05-19 12:08:43,427 INFO HTTP Request: GET https://t.me/s/fm_notes?before=581 "HTTP/1.1 200 OK"
2026-05-19 12:08:44,398 INFO HTTP Request: GET https://t.me/s/fm_notes?before=559 "HTTP/1.1 200 OK"
2026-05-19 12:08:45,374 INFO HTTP Request: GET https://t.me/s/fm_notes?before=537 "HTTP/1.1 200 OK"
2026-05-19 12:08:46,320 INFO HTTP Request: GET https://t.me/s/fm_notes?before=511 "HTTP/1.1 200 OK"
2026-05-19 12:08:47,414 INFO HTTP Request: GET https://t.me/s/fm_notes?before=487 "HTTP/1.1 200 OK"
2026-05-19 12:08:48,380 INFO HTTP Request: GET https://t.me/s/fm_notes?before=466 "HTTP/1.1 200 OK"
2026-05-19 12:08:49,385 INFO HTTP Request: GET https://t.me/s/fm_notes?before=440 "HTTP/1.1 200 OK"
2026-05-19 12:08:50,418 INFO HTTP Request: GET https://t.me/s/fm_notes?before=411 "HTTP/1.1 200 OK"
2026-05-19 12:08:51,361 INFO HTTP Request: GET https://t.me/s/fm_notes?before=384 "HTTP/1.1 200 OK"
2026-05-19 12:08:52,312 INFO HTTP Request: GET https://t.me/s/fm_notes?before=364 "HTTP/1.1 200 OK"
2026-05-19 12:08:53,266 INFO HTTP Request: GET https://t.me/s/fm_notes?before=339 "HTTP/1.1 200 OK"
2026-05-19 12:08:54,289 INFO HTTP Request: GET https://t.me/s/fm_notes?before=311 "HTTP/1.1 200 OK"
2026-05-19 12:08:55,252 INFO HTTP Request: GET https://t.me/s/fm_notes?before=291 "HTTP/1.1 200 OK"
2026-05-19 12:08:56,206 INFO HTTP Request: GET https://t.me/s/fm_notes?before=271 "HTTP/1.1 200 OK"
2026-05-19 12:08:57,287 INFO HTTP Request: GET https://t.me/s/fm_notes?before=250 "HTTP/1.1 200 OK"
2026-05-19 12:08:58,349 INFO HTTP Request: GET https://t.me/s/fm_notes?before=225 "HTTP/1.1 200 OK"
2026-05-19 12:08:59,347 INFO HTTP Request: GET https://t.me/s/fm_notes?before=205 "HTTP/1.1 200 OK"
2026-05-19 12:09:00,317 INFO HTTP Request: GET https://t.me/s/fm_notes?before=179 "HTTP/1.1 200 OK"
2026-05-19 12:09:01,359 INFO HTTP Request: GET https://t.me/s/fm_notes?before=152 "HTTP/1.1 200 OK"
2026-05-19 12:09:02,354 INFO HTTP Request: GET https://t.me/s/fm_notes?before=132 "HTTP/1.1 200 OK"
2026-05-19 12:09:03,306 INFO HTTP Request: GET https://t.me/s/fm_notes?before=106 "HTTP/1.1 200 OK"
2026-05-19 12:09:04,411 INFO HTTP Request: GET https://t.me/s/fm_notes?before=86 "HTTP/1.1 200 OK"
2026-05-19 12:09:05,288 INFO HTTP Request: GET https://t.me/s/fm_notes?before=63 "HTTP/1.1 200 OK"
2026-05-19 12:09:06,167 INFO HTTP Request: GET https://t.me/s/fm_notes?before=43 "HTTP/1.1 200 OK"
2026-05-19 12:09:07,145 INFO HTTP Request: GET https://t.me/s/fm_notes?before=20 "HTTP/1.1 200 OK"
2026-05-19 12:09:07,953 INFO HTTP Request: GET https://t.me/s/fm_notes?before=1 "HTTP/1.1 200 OK"
2026-05-19 12:09:08,033 INFO [116/196] @fm_notes posts=764 source=tme_full_preview
2026-05-19 12:09:08,549 INFO Trying t.me/s/jalallah ...
2026-05-19 12:09:09,387 INFO HTTP Request: GET https://t.me/s/jalallah "HTTP/1.1 302 Found"
2026-05-19 12:09:09,675 INFO HTTP Request: GET https://t.me/jalallah "HTTP/1.1 200 OK"
2026-05-19 12:09:09,678 INFO TGStat sample for jalallah (no public preview)
2026-05-19 12:09:11,315 INFO HTTP Request: GET https://tgstat.com/channel/@jalallah "HTTP/1.1 200 OK"
2026-05-19 12:09:12,441 INFO HTTP Request: GET https://tgstat.com/channel/@jalallah "HTTP/1.1 200 OK"
2026-05-19 12:09:13,570 INFO HTTP Request: GET https://tgstat.com/channel/@Jalallah "HTTP/1.1 200 OK"
2026-05-19 12:09:14,380 INFO [117/196] @jalallah posts=0 source=no_public_data
2026-05-19 12:09:14,899 INFO Trying t.me/s/mccqe_1 ...
2026-05-19 12:09:15,709 INFO HTTP Request: GET https://t.me/s/mccqe_1 "HTTP/1.1 302 Found"
2026-05-19 12:09:15,991 INFO HTTP Request: GET https://t.me/mccqe_1 "HTTP/1.1 200 OK"
2026-05-19 12:09:15,992 INFO TGStat sample for mccqe_1 (no public preview)
2026-05-19 12:09:16,734 INFO HTTP Request: GET https://tgstat.com/channel/@mccqe_1 "HTTP/1.1 200 OK"
2026-05-19 12:09:18,176 INFO HTTP Request: GET https://tgstat.com/channel/@mccqe_1 "HTTP/1.1 200 OK"
2026-05-19 12:09:19,272 INFO HTTP Request: GET https://tgstat.com/channel/@Mccqe_1 "HTTP/1.1 200 OK"
2026-05-19 12:09:20,068 INFO [118/196] @mccqe_1 posts=0 source=no_public_data
2026-05-19 12:09:20,594 INFO [119/196] skip @pedsurgery (cached)
2026-05-19 12:09:20,602 INFO Trying t.me/s/hematology_oncology ...
2026-05-19 12:09:21,442 INFO HTTP Request: GET https://t.me/s/hematology_oncology "HTTP/1.1 302 Found"
2026-05-19 12:09:21,722 INFO HTTP Request: GET https://t.me/hematology_oncology "HTTP/1.1 200 OK"
2026-05-19 12:09:21,723 INFO TGStat sample for hematology_oncology (no public preview)
2026-05-19 12:09:22,429 INFO HTTP Request: GET https://tgstat.com/channel/@hematology_oncology "HTTP/1.1 200 OK"
2026-05-19 12:09:23,591 INFO HTTP Request: GET https://tgstat.com/channel/@hematology_oncology "HTTP/1.1 200 OK"
2026-05-19 12:09:24,704 INFO HTTP Request: GET https://tgstat.com/channel/@Hematology_Oncology "HTTP/1.1 200 OK"
2026-05-19 12:09:25,490 INFO [120/196] @hematology_oncology posts=0 source=no_public_data
2026-05-19 12:09:26,002 INFO Trying t.me/s/gastrointestinal_books ...
2026-05-19 12:09:26,847 INFO HTTP Request: GET https://t.me/s/gastrointestinal_books "HTTP/1.1 302 Found"
2026-05-19 12:09:27,130 INFO HTTP Request: GET https://t.me/gastrointestinal_books "HTTP/1.1 200 OK"
2026-05-19 12:09:27,131 INFO TGStat sample for gastrointestinal_books (no public preview)
2026-05-19 12:09:27,777 INFO HTTP Request: GET https://tgstat.com/channel/@gastrointestinal_books "HTTP/1.1 200 OK"
2026-05-19 12:09:28,933 INFO HTTP Request: GET https://tgstat.com/channel/@gastrointestinal_books "HTTP/1.1 200 OK"
2026-05-19 12:09:30,029 INFO HTTP Request: GET https://tgstat.com/channel/@Gastrointestinal_Books "HTTP/1.1 200 OK"
2026-05-19 12:09:30,854 INFO [121/196] @gastrointestinal_books posts=0 source=no_public_data
2026-05-19 12:09:31,375 INFO Trying t.me/s/orthopedic_book ...
2026-05-19 12:09:32,189 INFO HTTP Request: GET https://t.me/s/orthopedic_book "HTTP/1.1 302 Found"
2026-05-19 12:09:32,468 INFO HTTP Request: GET https://t.me/orthopedic_book "HTTP/1.1 200 OK"
2026-05-19 12:09:32,469 INFO TGStat sample for orthopedic_book (no public preview)
2026-05-19 12:09:33,178 INFO HTTP Request: GET https://tgstat.com/channel/@orthopedic_book "HTTP/1.1 200 OK"
2026-05-19 12:09:34,336 INFO HTTP Request: GET https://tgstat.com/channel/@orthopedic_book "HTTP/1.1 200 OK"
2026-05-19 12:09:35,487 INFO HTTP Request: GET https://tgstat.com/channel/@Orthopedic_Book "HTTP/1.1 200 OK"
2026-05-19 12:09:36,281 INFO [122/196] @orthopedic_book posts=0 source=no_public_data
2026-05-19 12:09:36,806 INFO Trying t.me/s/pediatric_materials ...
2026-05-19 12:09:37,626 INFO HTTP Request: GET https://t.me/s/pediatric_materials "HTTP/1.1 302 Found"
2026-05-19 12:09:37,907 INFO HTTP Request: GET https://t.me/pediatric_materials "HTTP/1.1 200 OK"
2026-05-19 12:09:37,908 INFO TGStat sample for pediatric_materials (no public preview)
2026-05-19 12:09:38,618 INFO HTTP Request: GET https://tgstat.com/channel/@pediatric_materials "HTTP/1.1 200 OK"
2026-05-19 12:09:39,721 INFO HTTP Request: GET https://tgstat.com/channel/@pediatric_materials "HTTP/1.1 200 OK"
2026-05-19 12:09:40,866 INFO HTTP Request: GET https://tgstat.com/channel/@Pediatric_Materials "HTTP/1.1 200 OK"
2026-05-19 12:09:41,689 INFO [123/196] @pediatric_materials posts=0 source=no_public_data
2026-05-19 12:09:42,212 INFO [124/196] skip @ophthalmologyvideos (cached)
2026-05-19 12:09:42,215 INFO Trying t.me/s/amedexltd ...
2026-05-19 12:09:43,194 INFO HTTP Request: GET https://t.me/s/amedexltd "HTTP/1.1 200 OK"
2026-05-19 12:09:44,350 INFO HTTP Request: GET https://t.me/s/amedexltd?before=152 "HTTP/1.1 200 OK"
2026-05-19 12:09:45,431 INFO HTTP Request: GET https://t.me/s/amedexltd?before=131 "HTTP/1.1 200 OK"
2026-05-19 12:09:46,420 INFO HTTP Request: GET https://t.me/s/amedexltd?before=108 "HTTP/1.1 200 OK"
2026-05-19 12:09:47,471 INFO HTTP Request: GET https://t.me/s/amedexltd?before=84 "HTTP/1.1 200 OK"
2026-05-19 12:09:48,555 INFO HTTP Request: GET https://t.me/s/amedexltd?before=63 "HTTP/1.1 200 OK"
2026-05-19 12:09:49,696 INFO HTTP Request: GET https://t.me/s/amedexltd?before=41 "HTTP/1.1 200 OK"
2026-05-19 12:09:50,663 INFO HTTP Request: GET https://t.me/s/amedexltd?before=15 "HTTP/1.1 200 OK"
2026-05-19 12:09:51,486 INFO HTTP Request: GET https://t.me/s/amedexltd?before=1 "HTTP/1.1 200 OK"
2026-05-19 12:09:51,513 INFO [125/196] @amedexltd posts=151 source=tme_full_preview
2026-05-19 12:09:52,020 INFO Trying t.me/s/neurobank_books ...
2026-05-19 12:09:52,833 INFO HTTP Request: GET https://t.me/s/neurobank_books "HTTP/1.1 302 Found"
2026-05-19 12:09:53,116 INFO HTTP Request: GET https://t.me/neurobank_books "HTTP/1.1 200 OK"
2026-05-19 12:09:53,117 INFO TGStat sample for neurobank_books (no public preview)
2026-05-19 12:09:53,812 INFO HTTP Request: GET https://tgstat.com/channel/@neurobank_books "HTTP/1.1 200 OK"
2026-05-19 12:09:54,954 INFO HTTP Request: GET https://tgstat.com/channel/@neurobank_books "HTTP/1.1 200 OK"
2026-05-19 12:09:56,104 INFO HTTP Request: GET https://tgstat.com/channel/@Neurobank_Books "HTTP/1.1 200 OK"
2026-05-19 12:09:56,904 INFO [126/196] @neurobank_books posts=0 source=no_public_data
2026-05-19 12:09:57,419 INFO [127/196] skip @obstetricsgynecology1 (cached)
2026-05-19 12:09:57,420 INFO Trying t.me/s/tonyrobbinson ...
2026-05-19 12:09:58,501 INFO HTTP Request: GET https://t.me/s/tonyrobbinson "HTTP/1.1 200 OK"
2026-05-19 12:09:59,578 INFO HTTP Request: GET https://t.me/s/tonyrobbinson?before=1449 "HTTP/1.1 200 OK"
2026-05-19 12:10:00,969 INFO HTTP Request: GET https://t.me/s/tonyrobbinson?before=1422 "HTTP/1.1 200 OK"
2026-05-19 12:10:02,198 INFO HTTP Request: GET https://t.me/s/tonyrobbinson?before=1392 "HTTP/1.1 200 OK"
2026-05-19 12:10:03,227 INFO HTTP Request: GET https://t.me/s/tonyrobbinson?before=1371 "HTTP/1.1 200 OK"
2026-05-19 12:10:04,643 INFO HTTP Request: GET https://t.me/s/tonyrobbinson?before=1335 "HTTP/1.1 200 OK"
2026-05-19 12:10:06,300 INFO HTTP Request: GET https://t.me/s/tonyrobbinson?before=1313 "HTTP/1.1 200 OK"
2026-05-19 12:10:07,978 INFO HTTP Request: GET https://t.me/s/tonyrobbinson?before=1287 "HTTP/1.1 200 OK"
2026-05-19 12:10:09,465 INFO HTTP Request: GET https://t.me/s/tonyrobbinson?before=1264 "HTTP/1.1 200 OK"
2026-05-19 12:10:11,105 INFO HTTP Request: GET https://t.me/s/tonyrobbinson?before=1237 "HTTP/1.1 200 OK"
2026-05-19 12:10:12,734 INFO HTTP Request: GET https://t.me/s/tonyrobbinson?before=1192 "HTTP/1.1 200 OK"
2026-05-19 12:10:13,922 INFO HTTP Request: GET https://t.me/s/tonyrobbinson?before=1165 "HTTP/1.1 200 OK"
2026-05-19 12:10:15,248 INFO HTTP Request: GET https://t.me/s/tonyrobbinson?before=1144 "HTTP/1.1 200 OK"
2026-05-19 12:10:16,372 INFO HTTP Request: GET https://t.me/s/tonyrobbinson?before=1124 "HTTP/1.1 200 OK"
2026-05-19 12:10:17,832 INFO HTTP Request: GET https://t.me/s/tonyrobbinson?before=1100 "HTTP/1.1 200 OK"
2026-05-19 12:10:19,268 INFO HTTP Request: GET https://t.me/s/tonyrobbinson?before=1062 "HTTP/1.1 200 OK"
2026-05-19 12:10:20,625 INFO HTTP Request: GET https://t.me/s/tonyrobbinson?before=1039 "HTTP/1.1 200 OK"
2026-05-19 12:10:22,202 INFO HTTP Request: GET https://t.me/s/tonyrobbinson?before=1007 "HTTP/1.1 200 OK"
2026-05-19 12:10:23,591 INFO HTTP Request: GET https://t.me/s/tonyrobbinson?before=983 "HTTP/1.1 200 OK"
2026-05-19 12:10:25,315 INFO HTTP Request: GET https://t.me/s/tonyrobbinson?before=960 "HTTP/1.1 200 OK"
2026-05-19 12:10:26,972 INFO HTTP Request: GET https://t.me/s/tonyrobbinson?before=935 "HTTP/1.1 200 OK"
2026-05-19 12:10:28,350 INFO HTTP Request: GET https://t.me/s/tonyrobbinson?before=904 "HTTP/1.1 200 OK"
2026-05-19 12:10:29,778 INFO HTTP Request: GET https://t.me/s/tonyrobbinson?before=876 "HTTP/1.1 200 OK"
2026-05-19 12:10:31,049 INFO HTTP Request: GET https://t.me/s/tonyrobbinson?before=850 "HTTP/1.1 200 OK"
2026-05-19 12:10:32,573 INFO HTTP Request: GET https://t.me/s/tonyrobbinson?before=830 "HTTP/1.1 200 OK"
2026-05-19 12:10:33,774 INFO HTTP Request: GET https://t.me/s/tonyrobbinson?before=808 "HTTP/1.1 200 OK"
2026-05-19 12:10:35,242 INFO HTTP Request: GET https://t.me/s/tonyrobbinson?before=788 "HTTP/1.1 200 OK"
2026-05-19 12:10:36,609 INFO HTTP Request: GET https://t.me/s/tonyrobbinson?before=767 "HTTP/1.1 200 OK"
2026-05-19 12:10:37,968 INFO HTTP Request: GET https://t.me/s/tonyrobbinson?before=739 "HTTP/1.1 200 OK"
2026-05-19 12:10:39,401 INFO HTTP Request: GET https://t.me/s/tonyrobbinson?before=711 "HTTP/1.1 200 OK"
2026-05-19 12:10:41,069 INFO HTTP Request: GET https://t.me/s/tonyrobbinson?before=689 "HTTP/1.1 200 OK"
2026-05-19 12:10:42,932 INFO HTTP Request: GET https://t.me/s/tonyrobbinson?before=666 "HTTP/1.1 200 OK"
2026-05-19 12:10:44,689 INFO HTTP Request: GET https://t.me/s/tonyrobbinson?before=641 "HTTP/1.1 200 OK"
2026-05-19 12:10:46,303 INFO HTTP Request: GET https://t.me/s/tonyrobbinson?before=606 "HTTP/1.1 200 OK"
2026-05-19 12:10:47,478 INFO HTTP Request: GET https://t.me/s/tonyrobbinson?before=578 "HTTP/1.1 200 OK"
2026-05-19 12:10:48,680 INFO HTTP Request: GET https://t.me/s/tonyrobbinson?before=558 "HTTP/1.1 200 OK"
2026-05-19 12:10:49,756 INFO HTTP Request: GET https://t.me/s/tonyrobbinson?before=536 "HTTP/1.1 200 OK"
2026-05-19 12:10:50,991 INFO HTTP Request: GET https://t.me/s/tonyrobbinson?before=514 "HTTP/1.1 200 OK"
2026-05-19 12:10:52,278 INFO HTTP Request: GET https://t.me/s/tonyrobbinson?before=492 "HTTP/1.1 200 OK"
2026-05-19 12:10:53,687 INFO HTTP Request: GET https://t.me/s/tonyrobbinson?before=471 "HTTP/1.1 200 OK"
2026-05-19 12:10:55,081 INFO HTTP Request: GET https://t.me/s/tonyrobbinson?before=442 "HTTP/1.1 200 OK"
2026-05-19 12:10:56,472 INFO HTTP Request: GET https://t.me/s/tonyrobbinson?before=422 "HTTP/1.1 200 OK"
2026-05-19 12:10:57,778 INFO HTTP Request: GET https://t.me/s/tonyrobbinson?before=394 "HTTP/1.1 200 OK"
2026-05-19 12:10:59,487 INFO HTTP Request: GET https://t.me/s/tonyrobbinson?before=372 "HTTP/1.1 200 OK"
2026-05-19 12:11:01,174 INFO HTTP Request: GET https://t.me/s/tonyrobbinson?before=351 "HTTP/1.1 200 OK"
2026-05-19 12:11:02,431 INFO HTTP Request: GET https://t.me/s/tonyrobbinson?before=324 "HTTP/1.1 200 OK"
2026-05-19 12:11:04,048 INFO HTTP Request: GET https://t.me/s/tonyrobbinson?before=293 "HTTP/1.1 200 OK"
2026-05-19 12:11:05,546 INFO HTTP Request: GET https://t.me/s/tonyrobbinson?before=265 "HTTP/1.1 200 OK"
2026-05-19 12:11:06,948 INFO HTTP Request: GET https://t.me/s/tonyrobbinson?before=227 "HTTP/1.1 200 OK"
2026-05-19 12:11:08,144 INFO HTTP Request: GET https://t.me/s/tonyrobbinson?before=176 "HTTP/1.1 200 OK"
2026-05-19 12:11:09,488 INFO HTTP Request: GET https://t.me/s/tonyrobbinson?before=133 "HTTP/1.1 200 OK"
2026-05-19 12:11:10,688 INFO HTTP Request: GET https://t.me/s/tonyrobbinson?before=96 "HTTP/1.1 200 OK"
2026-05-19 12:11:11,791 INFO HTTP Request: GET https://t.me/s/tonyrobbinson?before=71 "HTTP/1.1 200 OK"
2026-05-19 12:11:13,196 INFO HTTP Request: GET https://t.me/s/tonyrobbinson?before=46 "HTTP/1.1 200 OK"
2026-05-19 12:11:14,275 INFO HTTP Request: GET https://t.me/s/tonyrobbinson?before=22 "HTTP/1.1 200 OK"
2026-05-19 12:11:15,121 INFO HTTP Request: GET https://t.me/s/tonyrobbinson?before=1 "HTTP/1.1 200 OK"
2026-05-19 12:11:15,251 INFO [128/196] @tonyrobbinson posts=891 source=tme_full_preview
2026-05-19 12:11:15,774 INFO Trying t.me/s/patho_videos ...
2026-05-19 12:11:16,585 INFO HTTP Request: GET https://t.me/s/patho_videos "HTTP/1.1 302 Found"
2026-05-19 12:11:16,876 INFO HTTP Request: GET https://t.me/patho_videos "HTTP/1.1 200 OK"
2026-05-19 12:11:16,877 INFO TGStat sample for patho_videos (no public preview)
2026-05-19 12:11:18,289 INFO HTTP Request: GET https://tgstat.com/channel/@patho_videos "HTTP/1.1 200 OK"
2026-05-19 12:11:19,453 INFO HTTP Request: GET https://tgstat.com/channel/@patho_videos "HTTP/1.1 200 OK"
2026-05-19 12:11:20,636 INFO HTTP Request: GET https://tgstat.com/channel/@Patho_Videos "HTTP/1.1 200 OK"
2026-05-19 12:11:21,502 INFO [129/196] @patho_videos posts=0 source=no_public_data
2026-05-19 12:11:22,012 INFO Trying t.me/s/iamoptolibrary ...
2026-05-19 12:11:22,920 INFO HTTP Request: GET https://t.me/s/iamoptolibrary "HTTP/1.1 302 Found"
2026-05-19 12:11:23,199 INFO HTTP Request: GET https://t.me/iamoptolibrary "HTTP/1.1 200 OK"
2026-05-19 12:11:23,201 INFO TGStat sample for iamoptolibrary (no public preview)
2026-05-19 12:11:23,910 INFO HTTP Request: GET https://tgstat.com/channel/@iamoptolibrary "HTTP/1.1 200 OK"
2026-05-19 12:11:25,129 INFO HTTP Request: GET https://tgstat.com/channel/@iamoptolibrary "HTTP/1.1 200 OK"
2026-05-19 12:11:26,363 INFO HTTP Request: GET https://tgstat.com/channel/@Iamoptolibrary "HTTP/1.1 200 OK"
2026-05-19 12:11:27,266 INFO [130/196] @iamoptolibrary posts=0 source=no_public_data
2026-05-19 12:11:27,778 INFO Trying t.me/s/anesthesiavideos2021 ...
2026-05-19 12:11:28,789 INFO HTTP Request: GET https://t.me/s/anesthesiavideos2021 "HTTP/1.1 200 OK"
2026-05-19 12:11:30,190 INFO HTTP Request: GET https://t.me/s/anesthesiavideos2021?before=401 "HTTP/1.1 200 OK"
2026-05-19 12:11:31,590 INFO HTTP Request: GET https://t.me/s/anesthesiavideos2021?before=380 "HTTP/1.1 200 OK"
2026-05-19 12:11:33,416 INFO HTTP Request: GET https://t.me/s/anesthesiavideos2021?before=336 "HTTP/1.1 200 OK"
2026-05-19 12:11:34,802 INFO HTTP Request: GET https://t.me/s/anesthesiavideos2021?before=316 "HTTP/1.1 200 OK"
2026-05-19 12:11:36,136 INFO HTTP Request: GET https://t.me/s/anesthesiavideos2021?before=285 "HTTP/1.1 200 OK"
2026-05-19 12:11:37,370 INFO HTTP Request: GET https://t.me/s/anesthesiavideos2021?before=263 "HTTP/1.1 200 OK"
2026-05-19 12:11:38,626 INFO HTTP Request: GET https://t.me/s/anesthesiavideos2021?before=240 "HTTP/1.1 200 OK"
2026-05-19 12:11:40,159 INFO HTTP Request: GET https://t.me/s/anesthesiavideos2021?before=217 "HTTP/1.1 200 OK"
2026-05-19 12:11:41,474 INFO HTTP Request: GET https://t.me/s/anesthesiavideos2021?before=197 "HTTP/1.1 200 OK"
2026-05-19 12:11:43,279 INFO HTTP Request: GET https://t.me/s/anesthesiavideos2021?before=176 "HTTP/1.1 200 OK"
2026-05-19 12:11:44,922 INFO HTTP Request: GET https://t.me/s/anesthesiavideos2021?before=148 "HTTP/1.1 200 OK"
2026-05-19 12:11:46,352 INFO HTTP Request: GET https://t.me/s/anesthesiavideos2021?before=116 "HTTP/1.1 200 OK"
2026-05-19 12:11:47,912 INFO HTTP Request: GET https://t.me/s/anesthesiavideos2021?before=86 "HTTP/1.1 200 OK"
2026-05-19 12:11:49,246 INFO HTTP Request: GET https://t.me/s/anesthesiavideos2021?before=42 "HTTP/1.1 200 OK"
2026-05-19 12:11:50,146 INFO HTTP Request: GET https://t.me/s/anesthesiavideos2021?before=1 "HTTP/1.1 200 OK"
2026-05-19 12:11:50,279 INFO [131/196] @anesthesiavideos2021 posts=276 source=tme_full_preview
2026-05-19 12:11:50,783 INFO Trying t.me/s/freemedicalbooks ...
2026-05-19 12:11:51,601 INFO HTTP Request: GET https://t.me/s/freemedicalbooks "HTTP/1.1 302 Found"
2026-05-19 12:11:51,881 INFO HTTP Request: GET https://t.me/freemedicalbooks "HTTP/1.1 200 OK"
2026-05-19 12:11:51,882 INFO TGStat sample for freemedicalbooks (no public preview)
2026-05-19 12:11:53,334 INFO HTTP Request: GET https://tgstat.com/channel/@freemedicalbooks "HTTP/1.1 200 OK"
2026-05-19 12:11:54,576 INFO HTTP Request: GET https://tgstat.com/channel/@freemedicalbooks "HTTP/1.1 200 OK"
2026-05-19 12:11:55,786 INFO HTTP Request: GET https://tgstat.com/channel/@Freemedicalbooks "HTTP/1.1 200 OK"
2026-05-19 12:11:56,632 INFO [132/196] @freemedicalbooks posts=0 source=no_public_data
2026-05-19 12:11:57,148 INFO Trying t.me/s/psychoera ...
2026-05-19 12:11:57,995 INFO HTTP Request: GET https://t.me/s/psychoera "HTTP/1.1 302 Found"
2026-05-19 12:11:58,279 INFO HTTP Request: GET https://t.me/psychoera "HTTP/1.1 200 OK"
2026-05-19 12:11:58,279 INFO TGStat sample for psychoera (no public preview)
2026-05-19 12:11:58,998 INFO HTTP Request: GET https://tgstat.com/channel/@psychoera "HTTP/1.1 200 OK"
2026-05-19 12:12:00,246 INFO HTTP Request: GET https://tgstat.com/channel/@psychoera "HTTP/1.1 200 OK"
2026-05-19 12:12:01,423 INFO HTTP Request: GET https://tgstat.com/channel/@Psychoera "HTTP/1.1 200 OK"
2026-05-19 12:12:02,282 INFO [133/196] @psychoera posts=0 source=no_public_data
2026-05-19 12:12:02,786 INFO Trying t.me/s/mrcp2024 ...
2026-05-19 12:12:03,619 INFO HTTP Request: GET https://t.me/s/mrcp2024 "HTTP/1.1 302 Found"
2026-05-19 12:12:03,902 INFO HTTP Request: GET https://t.me/mrcp2024 "HTTP/1.1 200 OK"
2026-05-19 12:12:03,903 INFO TGStat sample for mrcp2024 (no public preview)
2026-05-19 12:12:04,628 INFO HTTP Request: GET https://tgstat.com/channel/@mrcp2024 "HTTP/1.1 200 OK"
2026-05-19 12:12:05,792 INFO HTTP Request: GET https://tgstat.com/channel/@mrcp2024 "HTTP/1.1 200 OK"
2026-05-19 12:12:06,962 INFO HTTP Request: GET https://tgstat.com/channel/@Mrcp2024 "HTTP/1.1 200 OK"
2026-05-19 12:12:07,763 INFO [134/196] @mrcp2024 posts=0 source=no_public_data
2026-05-19 12:12:08,278 INFO Trying t.me/s/chessebooksmy ...
2026-05-19 12:12:09,130 INFO HTTP Request: GET https://t.me/s/chessebooksmy "HTTP/1.1 302 Found"
2026-05-19 12:12:09,436 INFO HTTP Request: GET https://t.me/chessebooksmy "HTTP/1.1 200 OK"
2026-05-19 12:12:09,438 INFO TGStat sample for chessebooksmy (no public preview)
2026-05-19 12:12:10,152 INFO HTTP Request: GET https://tgstat.com/channel/@chessebooksmy "HTTP/1.1 200 OK"
2026-05-19 12:12:11,382 INFO HTTP Request: GET https://tgstat.com/channel/@chessebooksmy "HTTP/1.1 200 OK"
2026-05-19 12:12:12,500 INFO HTTP Request: GET https://tgstat.com/channel/@Chessebooksmy "HTTP/1.1 200 OK"
2026-05-19 12:12:13,338 INFO [135/196] @chessebooksmy posts=0 source=no_public_data
2026-05-19 12:12:13,847 INFO Trying t.me/s/medical_textbooks1 ...
2026-05-19 12:12:14,720 INFO HTTP Request: GET https://t.me/s/medical_textbooks1 "HTTP/1.1 302 Found"
2026-05-19 12:12:15,001 INFO HTTP Request: GET https://t.me/medical_textbooks1 "HTTP/1.1 200 OK"
2026-05-19 12:12:15,002 INFO TGStat sample for medical_textbooks1 (no public preview)
2026-05-19 12:12:15,759 INFO HTTP Request: GET https://tgstat.com/channel/@medical_textbooks1 "HTTP/1.1 200 OK"
2026-05-19 12:12:17,023 INFO HTTP Request: GET https://tgstat.com/channel/@medical_textbooks1 "HTTP/1.1 200 OK"
2026-05-19 12:12:18,253 INFO HTTP Request: GET https://tgstat.com/channel/@Medical_Textbooks1 "HTTP/1.1 200 OK"
2026-05-19 12:12:19,090 INFO [136/196] @medical_textbooks1 posts=0 source=no_public_data
2026-05-19 12:12:19,605 INFO [137/196] skip @micromls1 (cached)
2026-05-19 12:12:19,606 INFO [138/196] skip @ob_gyn_books (cached)
2026-05-19 12:12:19,609 INFO [139/196] skip @tamilbookonline (cached)
2026-05-19 12:12:19,614 INFO Trying t.me/s/dialibrary ...
2026-05-19 12:12:20,462 INFO HTTP Request: GET https://t.me/s/dialibrary "HTTP/1.1 302 Found"
2026-05-19 12:12:20,743 INFO HTTP Request: GET https://t.me/dialibrary "HTTP/1.1 200 OK"
2026-05-19 12:12:20,745 INFO TGStat sample for dialibrary (no public preview)
2026-05-19 12:12:21,515 INFO HTTP Request: GET https://tgstat.com/channel/@dialibrary "HTTP/1.1 200 OK"
2026-05-19 12:12:22,726 INFO HTTP Request: GET https://tgstat.com/channel/@dialibrary "HTTP/1.1 200 OK"
2026-05-19 12:12:23,922 INFO HTTP Request: GET https://tgstat.com/channel/@Dialibrary "HTTP/1.1 200 OK"
2026-05-19 12:12:24,758 INFO [140/196] @dialibrary posts=0 source=no_public_data
2026-05-19 12:12:25,273 INFO Trying t.me/s/ethiopsychiatry ...
2026-05-19 12:12:26,426 INFO HTTP Request: GET https://t.me/s/ethiopsychiatry "HTTP/1.1 200 OK"
2026-05-19 12:12:28,098 INFO HTTP Request: GET https://t.me/s/ethiopsychiatry?before=2824 "HTTP/1.1 200 OK"
2026-05-19 12:12:29,779 INFO HTTP Request: GET https://t.me/s/ethiopsychiatry?before=2802 "HTTP/1.1 200 OK"
2026-05-19 12:12:31,508 INFO HTTP Request: GET https://t.me/s/ethiopsychiatry?before=2782 "HTTP/1.1 200 OK"
2026-05-19 12:12:33,953 INFO HTTP Request: GET https://t.me/s/ethiopsychiatry?before=2759 "HTTP/1.1 200 OK"
2026-05-19 12:12:36,067 INFO HTTP Request: GET https://t.me/s/ethiopsychiatry?before=2737 "HTTP/1.1 200 OK"
2026-05-19 12:12:37,543 INFO HTTP Request: GET https://t.me/s/ethiopsychiatry?before=2716 "HTTP/1.1 200 OK"
2026-05-19 12:12:39,521 INFO HTTP Request: GET https://t.me/s/ethiopsychiatry?before=2694 "HTTP/1.1 200 OK"
2026-05-19 12:12:40,913 INFO HTTP Request: GET https://t.me/s/ethiopsychiatry?before=2673 "HTTP/1.1 200 OK"
2026-05-19 12:12:42,946 INFO HTTP Request: GET https://t.me/s/ethiopsychiatry?before=2645 "HTTP/1.1 200 OK"
2026-05-19 12:12:44,135 INFO HTTP Request: GET https://t.me/s/ethiopsychiatry?before=2616 "HTTP/1.1 200 OK"
2026-05-19 12:12:45,252 INFO HTTP Request: GET https://t.me/s/ethiopsychiatry?before=2594 "HTTP/1.1 200 OK"
2026-05-19 12:12:46,232 INFO HTTP Request: GET https://t.me/s/ethiopsychiatry?before=2567 "HTTP/1.1 200 OK"
2026-05-19 12:12:47,529 INFO HTTP Request: GET https://t.me/s/ethiopsychiatry?before=2545 "HTTP/1.1 200 OK"
2026-05-19 12:12:48,731 INFO HTTP Request: GET https://t.me/s/ethiopsychiatry?before=2523 "HTTP/1.1 200 OK"
2026-05-19 12:12:50,011 INFO HTTP Request: GET https://t.me/s/ethiopsychiatry?before=2491 "HTTP/1.1 200 OK"
2026-05-19 12:12:51,261 INFO HTTP Request: GET https://t.me/s/ethiopsychiatry?before=2464 "HTTP/1.1 200 OK"
2026-05-19 12:12:52,543 INFO HTTP Request: GET https://t.me/s/ethiopsychiatry?before=2432 "HTTP/1.1 200 OK"
2026-05-19 12:12:53,763 INFO HTTP Request: GET https://t.me/s/ethiopsychiatry?before=2407 "HTTP/1.1 200 OK"
2026-05-19 12:12:54,903 INFO HTTP Request: GET https://t.me/s/ethiopsychiatry?before=2368 "HTTP/1.1 200 OK"
2026-05-19 12:12:56,102 INFO HTTP Request: GET https://t.me/s/ethiopsychiatry?before=2343 "HTTP/1.1 200 OK"
2026-05-19 12:12:57,430 INFO HTTP Request: GET https://t.me/s/ethiopsychiatry?before=2317 "HTTP/1.1 200 OK"
2026-05-19 12:12:58,747 INFO HTTP Request: GET https://t.me/s/ethiopsychiatry?before=2293 "HTTP/1.1 200 OK"
2026-05-19 12:12:59,635 INFO HTTP Request: GET https://t.me/s/ethiopsychiatry?before=2262 "HTTP/1.1 200 OK"
2026-05-19 12:13:00,729 INFO HTTP Request: GET https://t.me/s/ethiopsychiatry?before=2242 "HTTP/1.1 200 OK"
2026-05-19 12:13:02,109 INFO HTTP Request: GET https://t.me/s/ethiopsychiatry?before=2217 "HTTP/1.1 200 OK"
2026-05-19 12:13:03,332 INFO HTTP Request: GET https://t.me/s/ethiopsychiatry?before=2183 "HTTP/1.1 200 OK"
2026-05-19 12:13:04,642 INFO HTTP Request: GET https://t.me/s/ethiopsychiatry?before=2159 "HTTP/1.1 200 OK"
2026-05-19 12:13:05,834 INFO HTTP Request: GET https://t.me/s/ethiopsychiatry?before=2139 "HTTP/1.1 200 OK"
2026-05-19 12:13:07,100 INFO HTTP Request: GET https://t.me/s/ethiopsychiatry?before=2111 "HTTP/1.1 200 OK"
2026-05-19 12:13:08,398 INFO HTTP Request: GET https://t.me/s/ethiopsychiatry?before=2087 "HTTP/1.1 200 OK"
2026-05-19 12:13:09,524 INFO HTTP Request: GET https://t.me/s/ethiopsychiatry?before=2065 "HTTP/1.1 200 OK"
2026-05-19 12:13:10,685 INFO HTTP Request: GET https://t.me/s/ethiopsychiatry?before=2043 "HTTP/1.1 200 OK"
2026-05-19 12:13:11,898 INFO HTTP Request: GET https://t.me/s/ethiopsychiatry?before=2023 "HTTP/1.1 200 OK"
2026-05-19 12:13:13,006 INFO HTTP Request: GET https://t.me/s/ethiopsychiatry?before=2002 "HTTP/1.1 200 OK"
2026-05-19 12:13:14,204 INFO HTTP Request: GET https://t.me/s/ethiopsychiatry?before=1981 "HTTP/1.1 200 OK"
2026-05-19 12:13:15,317 INFO HTTP Request: GET https://t.me/s/ethiopsychiatry?before=1957 "HTTP/1.1 200 OK"
2026-05-19 12:13:16,775 INFO HTTP Request: GET https://t.me/s/ethiopsychiatry?before=1937 "HTTP/1.1 200 OK"
2026-05-19 12:13:17,846 INFO HTTP Request: GET https://t.me/s/ethiopsychiatry?before=1914 "HTTP/1.1 200 OK"
2026-05-19 12:13:18,937 INFO HTTP Request: GET https://t.me/s/ethiopsychiatry?before=1894 "HTTP/1.1 200 OK"
2026-05-19 12:13:20,010 INFO HTTP Request: GET https://t.me/s/ethiopsychiatry?before=1868 "HTTP/1.1 200 OK"
2026-05-19 12:13:21,193 INFO HTTP Request: GET https://t.me/s/ethiopsychiatry?before=1842 "HTTP/1.1 200 OK"
2026-05-19 12:13:22,384 INFO HTTP Request: GET https://t.me/s/ethiopsychiatry?before=1822 "HTTP/1.1 200 OK"
2026-05-19 12:13:23,544 INFO HTTP Request: GET https://t.me/s/ethiopsychiatry?before=1791 "HTTP/1.1 200 OK"
2026-05-19 12:13:24,668 INFO HTTP Request: GET https://t.me/s/ethiopsychiatry?before=1768 "HTTP/1.1 200 OK"
2026-05-19 12:13:25,819 INFO HTTP Request: GET https://t.me/s/ethiopsychiatry?before=1747 "HTTP/1.1 200 OK"
2026-05-19 12:13:27,120 INFO HTTP Request: GET https://t.me/s/ethiopsychiatry?before=1723 "HTTP/1.1 200 OK"
2026-05-19 12:13:28,215 INFO HTTP Request: GET https://t.me/s/ethiopsychiatry?before=1703 "HTTP/1.1 200 OK"
2026-05-19 12:13:29,357 INFO HTTP Request: GET https://t.me/s/ethiopsychiatry?before=1679 "HTTP/1.1 200 OK"
2026-05-19 12:13:30,422 INFO HTTP Request: GET https://t.me/s/ethiopsychiatry?before=1656 "HTTP/1.1 200 OK"
2026-05-19 12:13:32,676 INFO HTTP Request: GET https://t.me/s/ethiopsychiatry?before=1632 "HTTP/1.1 200 OK"
2026-05-19 12:13:34,296 INFO HTTP Request: GET https://t.me/s/ethiopsychiatry?before=1608 "HTTP/1.1 200 OK"
2026-05-19 12:13:36,071 INFO HTTP Request: GET https://t.me/s/ethiopsychiatry?before=1581 "HTTP/1.1 200 OK"
2026-05-19 12:13:37,818 INFO HTTP Request: GET https://t.me/s/ethiopsychiatry?before=1554 "HTTP/1.1 200 OK"
2026-05-19 12:13:39,323 INFO HTTP Request: GET https://t.me/s/ethiopsychiatry?before=1529 "HTTP/1.1 200 OK"
2026-05-19 12:13:41,026 INFO HTTP Request: GET https://t.me/s/ethiopsychiatry?before=1506 "HTTP/1.1 200 OK"
2026-05-19 12:13:42,478 INFO HTTP Request: GET https://t.me/s/ethiopsychiatry?before=1484 "HTTP/1.1 200 OK"
2026-05-19 12:13:44,236 INFO HTTP Request: GET https://t.me/s/ethiopsychiatry?before=1463 "HTTP/1.1 200 OK"
2026-05-19 12:13:45,500 INFO HTTP Request: GET https://t.me/s/ethiopsychiatry?before=1441 "HTTP/1.1 200 OK"
2026-05-19 12:13:46,817 INFO HTTP Request: GET https://t.me/s/ethiopsychiatry?before=1420 "HTTP/1.1 200 OK"
2026-05-19 12:13:48,155 INFO HTTP Request: GET https://t.me/s/ethiopsychiatry?before=1396 "HTTP/1.1 200 OK"
2026-05-19 12:13:49,813 INFO HTTP Request: GET https://t.me/s/ethiopsychiatry?before=1372 "HTTP/1.1 200 OK"
2026-05-19 12:13:51,419 INFO HTTP Request: GET https://t.me/s/ethiopsychiatry?before=1351 "HTTP/1.1 200 OK"
2026-05-19 12:13:52,932 INFO HTTP Request: GET https://t.me/s/ethiopsychiatry?before=1331 "HTTP/1.1 200 OK"
2026-05-19 12:13:54,297 INFO HTTP Request: GET https://t.me/s/ethiopsychiatry?before=1307 "HTTP/1.1 200 OK"
2026-05-19 12:13:55,577 INFO HTTP Request: GET https://t.me/s/ethiopsychiatry?before=1282 "HTTP/1.1 200 OK"
2026-05-19 12:13:57,024 INFO HTTP Request: GET https://t.me/s/ethiopsychiatry?before=1255 "HTTP/1.1 200 OK"
2026-05-19 12:13:58,417 INFO HTTP Request: GET https://t.me/s/ethiopsychiatry?before=1232 "HTTP/1.1 200 OK"
2026-05-19 12:13:59,939 INFO HTTP Request: GET https://t.me/s/ethiopsychiatry?before=1194 "HTTP/1.1 200 OK"
2026-05-19 12:14:01,770 INFO HTTP Request: GET https://t.me/s/ethiopsychiatry?before=1161 "HTTP/1.1 200 OK"
2026-05-19 12:14:03,190 INFO HTTP Request: GET https://t.me/s/ethiopsychiatry?before=1116 "HTTP/1.1 200 OK"
2026-05-19 12:14:04,820 INFO HTTP Request: GET https://t.me/s/ethiopsychiatry?before=1087 "HTTP/1.1 200 OK"
2026-05-19 12:14:06,317 INFO HTTP Request: GET https://t.me/s/ethiopsychiatry?before=1055 "HTTP/1.1 200 OK"
2026-05-19 12:14:07,659 INFO HTTP Request: GET https://t.me/s/ethiopsychiatry?before=1014 "HTTP/1.1 200 OK"
2026-05-19 12:14:09,116 INFO HTTP Request: GET https://t.me/s/ethiopsychiatry?before=986 "HTTP/1.1 200 OK"
2026-05-19 12:14:10,617 INFO HTTP Request: GET https://t.me/s/ethiopsychiatry?before=960 "HTTP/1.1 200 OK"
2026-05-19 12:14:11,919 INFO HTTP Request: GET https://t.me/s/ethiopsychiatry?before=936 "HTTP/1.1 200 OK"
2026-05-19 12:14:13,372 INFO HTTP Request: GET https://t.me/s/ethiopsychiatry?before=914 "HTTP/1.1 200 OK"
2026-05-19 12:14:14,798 INFO HTTP Request: GET https://t.me/s/ethiopsychiatry?before=888 "HTTP/1.1 200 OK"
2026-05-19 12:14:16,455 INFO HTTP Request: GET https://t.me/s/ethiopsychiatry?before=857 "HTTP/1.1 200 OK"
2026-05-19 12:14:18,010 INFO HTTP Request: GET https://t.me/s/ethiopsychiatry?before=832 "HTTP/1.1 200 OK"
2026-05-19 12:14:19,421 INFO HTTP Request: GET https://t.me/s/ethiopsychiatry?before=804 "HTTP/1.1 200 OK"
2026-05-19 12:14:20,850 INFO HTTP Request: GET https://t.me/s/ethiopsychiatry?before=775 "HTTP/1.1 200 OK"
2026-05-19 12:14:22,511 INFO HTTP Request: GET https://t.me/s/ethiopsychiatry?before=646 "HTTP/1.1 200 OK"
2026-05-19 12:14:23,771 INFO HTTP Request: GET https://t.me/s/ethiopsychiatry?before=605 "HTTP/1.1 200 OK"
2026-05-19 12:14:25,002 INFO HTTP Request: GET https://t.me/s/ethiopsychiatry?before=579 "HTTP/1.1 200 OK"
2026-05-19 12:14:26,240 INFO HTTP Request: GET https://t.me/s/ethiopsychiatry?before=546 "HTTP/1.1 200 OK"
2026-05-19 12:14:27,408 INFO HTTP Request: GET https://t.me/s/ethiopsychiatry?before=517 "HTTP/1.1 200 OK"
2026-05-19 12:14:28,691 INFO HTTP Request: GET https://t.me/s/ethiopsychiatry?before=454 "HTTP/1.1 200 OK"
2026-05-19 12:14:29,911 INFO HTTP Request: GET https://t.me/s/ethiopsychiatry?before=426 "HTTP/1.1 200 OK"
2026-05-19 12:14:31,445 INFO HTTP Request: GET https://t.me/s/ethiopsychiatry?before=394 "HTTP/1.1 200 OK"
2026-05-19 12:14:32,820 INFO HTTP Request: GET https://t.me/s/ethiopsychiatry?before=352 "HTTP/1.1 200 OK"
2026-05-19 12:14:34,254 INFO HTTP Request: GET https://t.me/s/ethiopsychiatry?before=315 "HTTP/1.1 200 OK"
2026-05-19 12:14:35,541 INFO HTTP Request: GET https://t.me/s/ethiopsychiatry?before=279 "HTTP/1.1 200 OK"
2026-05-19 12:14:36,792 INFO HTTP Request: GET https://t.me/s/ethiopsychiatry?before=254 "HTTP/1.1 200 OK"
2026-05-19 12:14:37,940 INFO HTTP Request: GET https://t.me/s/ethiopsychiatry?before=211 "HTTP/1.1 200 OK"
2026-05-19 12:14:39,463 INFO HTTP Request: GET https://t.me/s/ethiopsychiatry?before=189 "HTTP/1.1 200 OK"
2026-05-19 12:14:40,629 INFO HTTP Request: GET https://t.me/s/ethiopsychiatry?before=164 "HTTP/1.1 200 OK"
2026-05-19 12:14:41,701 INFO HTTP Request: GET https://t.me/s/ethiopsychiatry?before=144 "HTTP/1.1 200 OK"
2026-05-19 12:14:42,894 INFO HTTP Request: GET https://t.me/s/ethiopsychiatry?before=120 "HTTP/1.1 200 OK"
2026-05-19 12:14:44,146 INFO HTTP Request: GET https://t.me/s/ethiopsychiatry?before=97 "HTTP/1.1 200 OK"
2026-05-19 12:14:45,432 INFO HTTP Request: GET https://t.me/s/ethiopsychiatry?before=57 "HTTP/1.1 200 OK"
2026-05-19 12:14:46,563 INFO HTTP Request: GET https://t.me/s/ethiopsychiatry?before=10 "HTTP/1.1 200 OK"
2026-05-19 12:14:47,307 INFO HTTP Request: GET https://t.me/s/ethiopsychiatry?before=1 "HTTP/1.1 200 OK"
2026-05-19 12:14:47,609 INFO [141/196] @ethiopsychiatry posts=1886 source=tme_full_preview
2026-05-19 12:14:48,146 INFO [142/196] skip @dsm_5 (cached)
2026-05-19 12:14:48,147 INFO Trying t.me/s/family_medicine ...
2026-05-19 12:14:49,342 INFO HTTP Request: GET https://t.me/s/family_medicine "HTTP/1.1 200 OK"
2026-05-19 12:14:50,391 INFO HTTP Request: GET https://t.me/s/family_medicine?before=247 "HTTP/1.1 200 OK"
2026-05-19 12:14:51,481 INFO HTTP Request: GET https://t.me/s/family_medicine?before=227 "HTTP/1.1 200 OK"
2026-05-19 12:14:52,391 INFO HTTP Request: GET https://t.me/s/family_medicine?before=207 "HTTP/1.1 200 OK"
2026-05-19 12:14:53,365 INFO HTTP Request: GET https://t.me/s/family_medicine?before=185 "HTTP/1.1 200 OK"
2026-05-19 12:14:54,416 INFO HTTP Request: GET https://t.me/s/family_medicine?before=165 "HTTP/1.1 200 OK"
2026-05-19 12:14:55,450 INFO HTTP Request: GET https://t.me/s/family_medicine?before=144 "HTTP/1.1 200 OK"
2026-05-19 12:14:56,470 INFO HTTP Request: GET https://t.me/s/family_medicine?before=124 "HTTP/1.1 200 OK"
2026-05-19 12:14:57,564 INFO HTTP Request: GET https://t.me/s/family_medicine?before=102 "HTTP/1.1 200 OK"
2026-05-19 12:14:58,547 INFO HTTP Request: GET https://t.me/s/family_medicine?before=82 "HTTP/1.1 200 OK"
2026-05-19 12:14:59,518 INFO HTTP Request: GET https://t.me/s/family_medicine?before=62 "HTTP/1.1 200 OK"
2026-05-19 12:15:00,529 INFO HTTP Request: GET https://t.me/s/family_medicine?before=42 "HTTP/1.1 200 OK"
2026-05-19 12:15:01,757 INFO HTTP Request: GET https://t.me/s/family_medicine?before=22 "HTTP/1.1 200 OK"
2026-05-19 12:15:02,694 INFO HTTP Request: GET https://t.me/s/family_medicine?before=2 "HTTP/1.1 200 OK"
2026-05-19 12:15:03,386 INFO HTTP Request: GET https://t.me/s/family_medicine?before=1 "HTTP/1.1 200 OK"
2026-05-19 12:15:03,418 INFO [143/196] @family_medicine posts=247 source=tme_full_preview
2026-05-19 12:15:04,266 INFO Trying t.me/s/amcmcqrecalls ...
2026-05-19 12:15:05,130 INFO HTTP Request: GET https://t.me/s/amcmcqrecalls "HTTP/1.1 302 Found"
2026-05-19 12:15:05,418 INFO HTTP Request: GET https://t.me/amcmcqrecalls "HTTP/1.1 200 OK"
2026-05-19 12:15:05,419 INFO TGStat sample for amcmcqrecalls (no public preview)
2026-05-19 12:15:07,224 INFO HTTP Request: GET https://tgstat.com/channel/@amcmcqrecalls "HTTP/1.1 200 OK"
2026-05-19 12:15:08,331 INFO HTTP Request: GET https://tgstat.com/channel/@amcmcqrecalls "HTTP/1.1 200 OK"
2026-05-19 12:15:09,636 INFO HTTP Request: GET https://tgstat.com/channel/@Amcmcqrecalls "HTTP/1.1 200 OK"
2026-05-19 12:15:10,436 INFO [144/196] @amcmcqrecalls posts=0 source=no_public_data
2026-05-19 12:15:10,964 INFO Trying t.me/s/cammedhmedicalbooks ...
2026-05-19 12:15:12,101 INFO HTTP Request: GET https://t.me/s/cammedhmedicalbooks "HTTP/1.1 302 Found"
2026-05-19 12:15:12,380 INFO HTTP Request: GET https://t.me/cammedhmedicalbooks "HTTP/1.1 200 OK"
2026-05-19 12:15:12,381 INFO TGStat sample for cammedhmedicalbooks (no public preview)
2026-05-19 12:15:13,033 INFO HTTP Request: GET https://tgstat.com/channel/@cammedhmedicalbooks "HTTP/1.1 200 OK"
2026-05-19 12:15:14,138 INFO HTTP Request: GET https://tgstat.com/channel/@cammedhmedicalbooks "HTTP/1.1 200 OK"
2026-05-19 12:15:15,290 INFO HTTP Request: GET https://tgstat.com/channel/@Cammedhmedicalbooks "HTTP/1.1 200 OK"
2026-05-19 12:15:16,099 INFO [145/196] @cammedhmedicalbooks posts=0 source=no_public_data
2026-05-19 12:15:16,636 INFO [146/196] skip @medical_ebooks_shop (cached)
2026-05-19 12:15:16,637 INFO Trying t.me/s/robins9861 ...
2026-05-19 12:15:17,469 INFO HTTP Request: GET https://t.me/s/robins9861 "HTTP/1.1 302 Found"
2026-05-19 12:15:17,749 INFO HTTP Request: GET https://t.me/robins9861 "HTTP/1.1 200 OK"
2026-05-19 12:15:17,750 INFO TGStat sample for robins9861 (no public preview)
2026-05-19 12:15:18,454 INFO HTTP Request: GET https://tgstat.com/channel/@robins9861 "HTTP/1.1 200 OK"
2026-05-19 12:15:19,549 INFO HTTP Request: GET https://tgstat.com/channel/@robins9861 "HTTP/1.1 200 OK"
2026-05-19 12:15:20,622 INFO HTTP Request: GET https://tgstat.com/channel/@Robins9861 "HTTP/1.1 200 OK"
2026-05-19 12:15:21,418 INFO [147/196] @robins9861 posts=0 source=no_public_data
2026-05-19 12:15:21,932 INFO [148/196] skip @surgery_6 (cached)
2026-05-19 12:15:21,932 INFO Trying t.me/s/endocrinologyanddiabetes ...
2026-05-19 12:15:22,781 INFO HTTP Request: GET https://t.me/s/endocrinologyanddiabetes "HTTP/1.1 302 Found"
2026-05-19 12:15:23,070 INFO HTTP Request: GET https://t.me/endocrinologyanddiabetes "HTTP/1.1 200 OK"
2026-05-19 12:15:23,070 INFO TGStat sample for endocrinologyanddiabetes (no public preview)
2026-05-19 12:15:23,766 INFO HTTP Request: GET https://tgstat.com/channel/@endocrinologyanddiabetes "HTTP/1.1 200 OK"
2026-05-19 12:15:24,912 INFO HTTP Request: GET https://tgstat.com/channel/@endocrinologyanddiabetes "HTTP/1.1 200 OK"
2026-05-19 12:15:26,050 INFO HTTP Request: GET https://tgstat.com/channel/@Endocrinologyanddiabetes "HTTP/1.1 200 OK"
2026-05-19 12:15:26,825 INFO [149/196] @endocrinologyanddiabetes posts=0 source=no_public_data
2026-05-19 12:15:27,351 INFO Trying t.me/s/surgery_pdf_books ...
2026-05-19 12:15:28,240 INFO HTTP Request: GET https://t.me/s/surgery_pdf_books "HTTP/1.1 302 Found"
2026-05-19 12:15:28,532 INFO HTTP Request: GET https://t.me/surgery_pdf_books "HTTP/1.1 200 OK"
2026-05-19 12:15:28,533 INFO TGStat sample for surgery_pdf_books (no public preview)
2026-05-19 12:15:29,191 INFO HTTP Request: GET https://tgstat.com/channel/@surgery_pdf_books "HTTP/1.1 200 OK"
2026-05-19 12:15:30,326 INFO HTTP Request: GET https://tgstat.com/channel/@surgery_pdf_books "HTTP/1.1 200 OK"
2026-05-19 12:15:31,446 INFO HTTP Request: GET https://tgstat.com/channel/@Surgery_Pdf_Books "HTTP/1.1 200 OK"
2026-05-19 12:15:32,236 INFO [150/196] @surgery_pdf_books posts=0 source=no_public_data
2026-05-19 12:15:32,750 INFO [151/196] skip @nephrotube (cached)
2026-05-19 12:15:32,751 INFO Trying t.me/s/indianveterinarypdfbooks121 ...
2026-05-19 12:15:33,602 INFO HTTP Request: GET https://t.me/s/indianveterinarypdfbooks121 "HTTP/1.1 302 Found"
2026-05-19 12:15:33,885 INFO HTTP Request: GET https://t.me/indianveterinarypdfbooks121 "HTTP/1.1 200 OK"
2026-05-19 12:15:33,886 INFO TGStat sample for indianveterinarypdfbooks121 (no public preview)
2026-05-19 12:15:34,542 INFO HTTP Request: GET https://tgstat.com/channel/@indianveterinarypdfbooks121 "HTTP/1.1 200 OK"
2026-05-19 12:15:35,646 INFO HTTP Request: GET https://tgstat.com/channel/@indianveterinarypdfbooks121 "HTTP/1.1 200 OK"
2026-05-19 12:15:36,814 INFO HTTP Request: GET https://tgstat.com/channel/@Indianveterinarypdfbooks121 "HTTP/1.1 200 OK"
2026-05-19 12:15:37,607 INFO [152/196] @indianveterinarypdfbooks121 posts=0 source=no_public_data
2026-05-19 12:15:38,124 INFO Trying t.me/s/amcclinical ...
2026-05-19 12:15:39,128 INFO HTTP Request: GET https://t.me/s/amcclinical "HTTP/1.1 200 OK"
2026-05-19 12:15:40,255 INFO HTTP Request: GET https://t.me/s/amcclinical?before=16 "HTTP/1.1 200 OK"
2026-05-19 12:15:41,045 INFO HTTP Request: GET https://t.me/s/amcclinical?before=1 "HTTP/1.1 200 OK"
2026-05-19 12:15:41,060 INFO [153/196] @amcclinical posts=35 source=tme_full_preview
2026-05-19 12:15:41,563 INFO Trying t.me/s/nursingpastpapers ...
2026-05-19 12:15:42,373 INFO HTTP Request: GET https://t.me/s/nursingpastpapers "HTTP/1.1 302 Found"
2026-05-19 12:15:42,652 INFO HTTP Request: GET https://t.me/nursingpastpapers "HTTP/1.1 200 OK"
2026-05-19 12:15:42,653 INFO TGStat sample for nursingpastpapers (no public preview)
2026-05-19 12:15:43,387 INFO HTTP Request: GET https://tgstat.com/channel/@nursingpastpapers "HTTP/1.1 200 OK"
2026-05-19 12:15:44,512 INFO HTTP Request: GET https://tgstat.com/channel/@nursingpastpapers "HTTP/1.1 200 OK"
2026-05-19 12:15:45,642 INFO HTTP Request: GET https://tgstat.com/channel/@Nursingpastpapers "HTTP/1.1 200 OK"
2026-05-19 12:15:46,446 INFO [154/196] @nursingpastpapers posts=0 source=no_public_data
2026-05-19 12:15:46,960 INFO Trying t.me/s/medmaterialx ...
2026-05-19 12:15:47,833 INFO HTTP Request: GET https://t.me/s/medmaterialx "HTTP/1.1 302 Found"
2026-05-19 12:15:48,112 INFO HTTP Request: GET https://t.me/medmaterialx "HTTP/1.1 200 OK"
2026-05-19 12:15:48,113 INFO TGStat sample for medmaterialx (no public preview)
2026-05-19 12:15:48,832 INFO HTTP Request: GET https://tgstat.com/channel/@medmaterialx "HTTP/1.1 200 OK"
2026-05-19 12:15:49,984 INFO HTTP Request: GET https://tgstat.com/channel/@medmaterialx "HTTP/1.1 200 OK"
2026-05-19 12:15:51,142 INFO HTTP Request: GET https://tgstat.com/channel/@Medmaterialx "HTTP/1.1 200 OK"
2026-05-19 12:15:51,922 INFO [155/196] @medmaterialx posts=0 source=no_public_data
2026-05-19 12:15:52,447 INFO Trying t.me/s/laboratory_books ...
2026-05-19 12:15:53,328 INFO HTTP Request: GET https://t.me/s/laboratory_books "HTTP/1.1 302 Found"
2026-05-19 12:15:53,608 INFO HTTP Request: GET https://t.me/laboratory_books "HTTP/1.1 200 OK"
2026-05-19 12:15:53,609 INFO TGStat sample for laboratory_books (no public preview)
2026-05-19 12:15:54,293 INFO HTTP Request: GET https://tgstat.com/channel/@laboratory_books "HTTP/1.1 200 OK"
2026-05-19 12:15:55,381 INFO HTTP Request: GET https://tgstat.com/channel/@laboratory_books "HTTP/1.1 200 OK"
2026-05-19 12:15:56,483 INFO HTTP Request: GET https://tgstat.com/channel/@Laboratory_Books "HTTP/1.1 200 OK"
2026-05-19 12:15:57,290 INFO [156/196] @laboratory_books posts=0 source=no_public_data
2026-05-19 12:15:57,852 INFO Trying t.me/s/pharmacynotespdf ...
2026-05-19 12:15:58,670 INFO HTTP Request: GET https://t.me/s/pharmacynotespdf "HTTP/1.1 302 Found"
2026-05-19 12:15:58,958 INFO HTTP Request: GET https://t.me/pharmacynotespdf "HTTP/1.1 200 OK"
2026-05-19 12:15:58,959 INFO TGStat sample for pharmacynotespdf (no public preview)
2026-05-19 12:15:59,674 INFO HTTP Request: GET https://tgstat.com/channel/@pharmacynotespdf "HTTP/1.1 200 OK"
2026-05-19 12:16:00,834 INFO HTTP Request: GET https://tgstat.com/channel/@pharmacynotespdf "HTTP/1.1 200 OK"
2026-05-19 12:16:01,962 INFO HTTP Request: GET https://tgstat.com/channel/@Pharmacynotespdf "HTTP/1.1 200 OK"
2026-05-19 12:16:02,765 INFO [157/196] @pharmacynotespdf posts=0 source=no_public_data
2026-05-19 12:16:03,280 INFO [158/196] skip @cardiobooks (cached)
2026-05-19 12:16:03,281 INFO [159/196] skip @gastroenterology_updates (cached)
2026-05-19 12:16:03,282 INFO [160/196] skip @usmlebooks (cached)
2026-05-19 12:16:03,283 INFO Trying t.me/s/medtxt ...
2026-05-19 12:16:05,173 INFO HTTP Request: GET https://t.me/s/medtxt "HTTP/1.1 302 Found"
2026-05-19 12:16:05,459 INFO HTTP Request: GET https://t.me/medtxt "HTTP/1.1 200 OK"
2026-05-19 12:16:05,459 INFO TGStat sample for medtxt (no public preview)
2026-05-19 12:16:06,125 INFO HTTP Request: GET https://tgstat.com/channel/@medtxt "HTTP/1.1 200 OK"
2026-05-19 12:16:07,286 INFO HTTP Request: GET https://tgstat.com/channel/@medtxt "HTTP/1.1 200 OK"
2026-05-19 12:16:08,406 INFO HTTP Request: GET https://tgstat.com/channel/@Medtxt "HTTP/1.1 200 OK"
2026-05-19 12:16:09,205 INFO [161/196] @medtxt posts=0 source=no_public_data
2026-05-19 12:16:09,719 INFO [162/196] skip @anesthesia_books_pdf (cached)
2026-05-19 12:16:09,721 INFO Trying t.me/s/pediatrics_books ...
2026-05-19 12:16:10,562 INFO HTTP Request: GET https://t.me/s/pediatrics_books "HTTP/1.1 302 Found"
2026-05-19 12:16:10,854 INFO HTTP Request: GET https://t.me/pediatrics_books "HTTP/1.1 200 OK"
2026-05-19 12:16:10,855 INFO TGStat sample for pediatrics_books (no public preview)
2026-05-19 12:16:11,536 INFO HTTP Request: GET https://tgstat.com/channel/@pediatrics_books "HTTP/1.1 200 OK"
2026-05-19 12:16:12,668 INFO HTTP Request: GET https://tgstat.com/channel/@pediatrics_books "HTTP/1.1 200 OK"
2026-05-19 12:16:13,769 INFO HTTP Request: GET https://tgstat.com/channel/@Pediatrics_Books "HTTP/1.1 200 OK"
2026-05-19 12:16:14,576 INFO [163/196] @pediatrics_books posts=0 source=no_public_data
2026-05-19 12:16:15,095 INFO Trying t.me/s/relation4ips ...
2026-05-19 12:16:16,308 INFO HTTP Request: GET https://t.me/s/relation4ips "HTTP/1.1 200 OK"
2026-05-19 12:16:17,262 INFO HTTP Request: GET https://t.me/s/relation4ips?before=13863 "HTTP/1.1 200 OK"
2026-05-19 12:16:18,173 INFO HTTP Request: GET https://t.me/s/relation4ips?before=13841 "HTTP/1.1 200 OK"
2026-05-19 12:16:19,239 INFO HTTP Request: GET https://t.me/s/relation4ips?before=13817 "HTTP/1.1 200 OK"
2026-05-19 12:16:20,348 INFO HTTP Request: GET https://t.me/s/relation4ips?before=13796 "HTTP/1.1 200 OK"
2026-05-19 12:16:21,407 INFO HTTP Request: GET https://t.me/s/relation4ips?before=13701 "HTTP/1.1 200 OK"
2026-05-19 12:16:22,418 INFO HTTP Request: GET https://t.me/s/relation4ips?before=13668 "HTTP/1.1 200 OK"
2026-05-19 12:16:23,341 INFO HTTP Request: GET https://t.me/s/relation4ips?before=13628 "HTTP/1.1 200 OK"
2026-05-19 12:16:24,219 INFO HTTP Request: GET https://t.me/s/relation4ips?before=13567 "HTTP/1.1 200 OK"
2026-05-19 12:16:25,164 INFO HTTP Request: GET https://t.me/s/relation4ips?before=13517 "HTTP/1.1 200 OK"
2026-05-19 12:16:26,089 INFO HTTP Request: GET https://t.me/s/relation4ips?before=13470 "HTTP/1.1 200 OK"
2026-05-19 12:16:27,016 INFO HTTP Request: GET https://t.me/s/relation4ips?before=13443 "HTTP/1.1 200 OK"
2026-05-19 12:16:27,911 INFO HTTP Request: GET https://t.me/s/relation4ips?before=13423 "HTTP/1.1 200 OK"
2026-05-19 12:16:28,806 INFO HTTP Request: GET https://t.me/s/relation4ips?before=13403 "HTTP/1.1 200 OK"
2026-05-19 12:16:29,716 INFO HTTP Request: GET https://t.me/s/relation4ips?before=13382 "HTTP/1.1 200 OK"
2026-05-19 12:16:30,576 INFO HTTP Request: GET https://t.me/s/relation4ips?before=13362 "HTTP/1.1 200 OK"
2026-05-19 12:16:31,445 INFO HTTP Request: GET https://t.me/s/relation4ips?before=13341 "HTTP/1.1 200 OK"
2026-05-19 12:16:32,428 INFO HTTP Request: GET https://t.me/s/relation4ips?before=13321 "HTTP/1.1 200 OK"
2026-05-19 12:16:33,316 INFO HTTP Request: GET https://t.me/s/relation4ips?before=13296 "HTTP/1.1 200 OK"
2026-05-19 12:16:34,208 INFO HTTP Request: GET https://t.me/s/relation4ips?before=13274 "HTTP/1.1 200 OK"
2026-05-19 12:16:35,248 INFO HTTP Request: GET https://t.me/s/relation4ips?before=13254 "HTTP/1.1 200 OK"
2026-05-19 12:16:36,276 INFO HTTP Request: GET https://t.me/s/relation4ips?before=13234 "HTTP/1.1 200 OK"
2026-05-19 12:16:37,241 INFO HTTP Request: GET https://t.me/s/relation4ips?before=13212 "HTTP/1.1 200 OK"
2026-05-19 12:16:38,152 INFO HTTP Request: GET https://t.me/s/relation4ips?before=13192 "HTTP/1.1 200 OK"
2026-05-19 12:16:39,109 INFO HTTP Request: GET https://t.me/s/relation4ips?before=13169 "HTTP/1.1 200 OK"
2026-05-19 12:16:40,071 INFO HTTP Request: GET https://t.me/s/relation4ips?before=13146 "HTTP/1.1 200 OK"
2026-05-19 12:16:41,122 INFO HTTP Request: GET https://t.me/s/relation4ips?before=13122 "HTTP/1.1 200 OK"
2026-05-19 12:16:42,262 INFO HTTP Request: GET https://t.me/s/relation4ips?before=13093 "HTTP/1.1 200 OK"
2026-05-19 12:16:43,727 INFO HTTP Request: GET https://t.me/s/relation4ips?before=13069 "HTTP/1.1 200 OK"
2026-05-19 12:16:44,606 INFO HTTP Request: GET https://t.me/s/relation4ips?before=13049 "HTTP/1.1 200 OK"
2026-05-19 12:16:45,609 INFO HTTP Request: GET https://t.me/s/relation4ips?before=13028 "HTTP/1.1 200 OK"
2026-05-19 12:16:46,563 INFO HTTP Request: GET https://t.me/s/relation4ips?before=13004 "HTTP/1.1 200 OK"
2026-05-19 12:16:47,575 INFO HTTP Request: GET https://t.me/s/relation4ips?before=12977 "HTTP/1.1 200 OK"
2026-05-19 12:16:48,505 INFO HTTP Request: GET https://t.me/s/relation4ips?before=12932 "HTTP/1.1 200 OK"
2026-05-19 12:16:49,388 INFO HTTP Request: GET https://t.me/s/relation4ips?before=12896 "HTTP/1.1 200 OK"
2026-05-19 12:16:50,336 INFO HTTP Request: GET https://t.me/s/relation4ips?before=12874 "HTTP/1.1 200 OK"
2026-05-19 12:16:51,312 INFO HTTP Request: GET https://t.me/s/relation4ips?before=12847 "HTTP/1.1 200 OK"
2026-05-19 12:16:52,261 INFO HTTP Request: GET https://t.me/s/relation4ips?before=12824 "HTTP/1.1 200 OK"
2026-05-19 12:16:53,162 INFO HTTP Request: GET https://t.me/s/relation4ips?before=12792 "HTTP/1.1 200 OK"
2026-05-19 12:16:54,179 INFO HTTP Request: GET https://t.me/s/relation4ips?before=12740 "HTTP/1.1 200 OK"
2026-05-19 12:16:55,062 INFO HTTP Request: GET https://t.me/s/relation4ips?before=12706 "HTTP/1.1 200 OK"
2026-05-19 12:16:55,958 INFO HTTP Request: GET https://t.me/s/relation4ips?before=12589 "HTTP/1.1 200 OK"
2026-05-19 12:16:56,887 INFO HTTP Request: GET https://t.me/s/relation4ips?before=12446 "HTTP/1.1 200 OK"
2026-05-19 12:16:57,819 INFO HTTP Request: GET https://t.me/s/relation4ips?before=12418 "HTTP/1.1 200 OK"
2026-05-19 12:16:58,766 INFO HTTP Request: GET https://t.me/s/relation4ips?before=12371 "HTTP/1.1 200 OK"
2026-05-19 12:16:59,684 INFO HTTP Request: GET https://t.me/s/relation4ips?before=12347 "HTTP/1.1 200 OK"
2026-05-19 12:17:00,567 INFO HTTP Request: GET https://t.me/s/relation4ips?before=12325 "HTTP/1.1 200 OK"
2026-05-19 12:17:01,561 INFO HTTP Request: GET https://t.me/s/relation4ips?before=12298 "HTTP/1.1 200 OK"
2026-05-19 12:17:02,562 INFO HTTP Request: GET https://t.me/s/relation4ips?before=12247 "HTTP/1.1 200 OK"
2026-05-19 12:17:03,464 INFO HTTP Request: GET https://t.me/s/relation4ips?before=12161 "HTTP/1.1 200 OK"
2026-05-19 12:17:04,399 INFO HTTP Request: GET https://t.me/s/relation4ips?before=12056 "HTTP/1.1 200 OK"
2026-05-19 12:17:05,320 INFO HTTP Request: GET https://t.me/s/relation4ips?before=12025 "HTTP/1.1 200 OK"
2026-05-19 12:17:06,185 INFO HTTP Request: GET https://t.me/s/relation4ips?before=11961 "HTTP/1.1 200 OK"
2026-05-19 12:17:07,143 INFO HTTP Request: GET https://t.me/s/relation4ips?before=11889 "HTTP/1.1 200 OK"
2026-05-19 12:17:08,057 INFO HTTP Request: GET https://t.me/s/relation4ips?before=11687 "HTTP/1.1 200 OK"
2026-05-19 12:17:09,027 INFO HTTP Request: GET https://t.me/s/relation4ips?before=11530 "HTTP/1.1 200 OK"
2026-05-19 12:17:09,880 INFO HTTP Request: GET https://t.me/s/relation4ips?before=11455 "HTTP/1.1 200 OK"
2026-05-19 12:17:10,833 INFO HTTP Request: GET https://t.me/s/relation4ips?before=11371 "HTTP/1.1 200 OK"
2026-05-19 12:17:11,810 INFO HTTP Request: GET https://t.me/s/relation4ips?before=11300 "HTTP/1.1 200 OK"
2026-05-19 12:17:12,894 INFO HTTP Request: GET https://t.me/s/relation4ips?before=11190 "HTTP/1.1 200 OK"
2026-05-19 12:17:14,014 INFO HTTP Request: GET https://t.me/s/relation4ips?before=11046 "HTTP/1.1 200 OK"
2026-05-19 12:17:15,603 INFO HTTP Request: GET https://t.me/s/relation4ips?before=10960 "HTTP/1.1 200 OK"
2026-05-19 12:17:17,047 INFO HTTP Request: GET https://t.me/s/relation4ips?before=10907 "HTTP/1.1 200 OK"
2026-05-19 12:17:18,472 INFO HTTP Request: GET https://t.me/s/relation4ips?before=10871 "HTTP/1.1 200 OK"
2026-05-19 12:17:19,812 INFO HTTP Request: GET https://t.me/s/relation4ips?before=10838 "HTTP/1.1 200 OK"
2026-05-19 12:17:21,066 INFO HTTP Request: GET https://t.me/s/relation4ips?before=10812 "HTTP/1.1 200 OK"
2026-05-19 12:17:22,379 INFO HTTP Request: GET https://t.me/s/relation4ips?before=10759 "HTTP/1.1 200 OK"
2026-05-19 12:17:23,602 INFO HTTP Request: GET https://t.me/s/relation4ips?before=10736 "HTTP/1.1 200 OK"
2026-05-19 12:17:24,871 INFO HTTP Request: GET https://t.me/s/relation4ips?before=10713 "HTTP/1.1 200 OK"
2026-05-19 12:17:26,067 INFO HTTP Request: GET https://t.me/s/relation4ips?before=10691 "HTTP/1.1 200 OK"
2026-05-19 12:17:27,268 INFO HTTP Request: GET https://t.me/s/relation4ips?before=10646 "HTTP/1.1 200 OK"
2026-05-19 12:17:28,602 INFO HTTP Request: GET https://t.me/s/relation4ips?before=10598 "HTTP/1.1 200 OK"
2026-05-19 12:17:29,754 INFO HTTP Request: GET https://t.me/s/relation4ips?before=10560 "HTTP/1.1 200 OK"
2026-05-19 12:17:30,885 INFO HTTP Request: GET https://t.me/s/relation4ips?before=10512 "HTTP/1.1 200 OK"
2026-05-19 12:17:31,971 INFO HTTP Request: GET https://t.me/s/relation4ips?before=10415 "HTTP/1.1 200 OK"
2026-05-19 12:17:33,193 INFO HTTP Request: GET https://t.me/s/relation4ips?before=10362 "HTTP/1.1 200 OK"
2026-05-19 12:17:34,423 INFO HTTP Request: GET https://t.me/s/relation4ips?before=10095 "HTTP/1.1 200 OK"
2026-05-19 12:17:35,545 INFO HTTP Request: GET https://t.me/s/relation4ips?before=10010 "HTTP/1.1 200 OK"
2026-05-19 12:17:36,842 INFO HTTP Request: GET https://t.me/s/relation4ips?before=9884 "HTTP/1.1 200 OK"
2026-05-19 12:17:38,039 INFO HTTP Request: GET https://t.me/s/relation4ips?before=9828 "HTTP/1.1 200 OK"
2026-05-19 12:17:39,176 INFO HTTP Request: GET https://t.me/s/relation4ips?before=9780 "HTTP/1.1 200 OK"
2026-05-19 12:17:40,430 INFO HTTP Request: GET https://t.me/s/relation4ips?before=9670 "HTTP/1.1 200 OK"
2026-05-19 12:17:41,472 INFO HTTP Request: GET https://t.me/s/relation4ips?before=9622 "HTTP/1.1 200 OK"
2026-05-19 12:17:42,607 INFO HTTP Request: GET https://t.me/s/relation4ips?before=9568 "HTTP/1.1 200 OK"
2026-05-19 12:17:43,714 INFO HTTP Request: GET https://t.me/s/relation4ips?before=9520 "HTTP/1.1 200 OK"
2026-05-19 12:17:44,880 INFO HTTP Request: GET https://t.me/s/relation4ips?before=9456 "HTTP/1.1 200 OK"
2026-05-19 12:17:46,031 INFO HTTP Request: GET https://t.me/s/relation4ips?before=9393 "HTTP/1.1 200 OK"
2026-05-19 12:17:47,293 INFO HTTP Request: GET https://t.me/s/relation4ips?before=9354 "HTTP/1.1 200 OK"
2026-05-19 12:17:48,583 INFO HTTP Request: GET https://t.me/s/relation4ips?before=9297 "HTTP/1.1 200 OK"
2026-05-19 12:17:49,715 INFO HTTP Request: GET https://t.me/s/relation4ips?before=9238 "HTTP/1.1 200 OK"
2026-05-19 12:17:50,822 INFO HTTP Request: GET https://t.me/s/relation4ips?before=9194 "HTTP/1.1 200 OK"
2026-05-19 12:17:51,933 INFO HTTP Request: GET https://t.me/s/relation4ips?before=9156 "HTTP/1.1 200 OK"
2026-05-19 12:17:53,023 INFO HTTP Request: GET https://t.me/s/relation4ips?before=9084 "HTTP/1.1 200 OK"
2026-05-19 12:17:54,163 INFO HTTP Request: GET https://t.me/s/relation4ips?before=9041 "HTTP/1.1 200 OK"
2026-05-19 12:17:55,312 INFO HTTP Request: GET https://t.me/s/relation4ips?before=9010 "HTTP/1.1 200 OK"
2026-05-19 12:17:56,399 INFO HTTP Request: GET https://t.me/s/relation4ips?before=8974 "HTTP/1.1 200 OK"
2026-05-19 12:17:57,609 INFO HTTP Request: GET https://t.me/s/relation4ips?before=8954 "HTTP/1.1 200 OK"
2026-05-19 12:17:58,733 INFO HTTP Request: GET https://t.me/s/relation4ips?before=8866 "HTTP/1.1 200 OK"
2026-05-19 12:17:59,810 INFO HTTP Request: GET https://t.me/s/relation4ips?before=8829 "HTTP/1.1 200 OK"
2026-05-19 12:18:00,957 INFO HTTP Request: GET https://t.me/s/relation4ips?before=8746 "HTTP/1.1 200 OK"
2026-05-19 12:18:02,193 INFO HTTP Request: GET https://t.me/s/relation4ips?before=8670 "HTTP/1.1 200 OK"
2026-05-19 12:18:03,359 INFO HTTP Request: GET https://t.me/s/relation4ips?before=8562 "HTTP/1.1 200 OK"
2026-05-19 12:18:04,832 INFO HTTP Request: GET https://t.me/s/relation4ips?before=8494 "HTTP/1.1 200 OK"
2026-05-19 12:18:06,063 INFO HTTP Request: GET https://t.me/s/relation4ips?before=7670 "HTTP/1.1 200 OK"
2026-05-19 12:18:07,486 INFO HTTP Request: GET https://t.me/s/relation4ips?before=7551 "HTTP/1.1 200 OK"
2026-05-19 12:18:08,770 INFO HTTP Request: GET https://t.me/s/relation4ips?before=7487 "HTTP/1.1 200 OK"
2026-05-19 12:18:09,975 INFO HTTP Request: GET https://t.me/s/relation4ips?before=7444 "HTTP/1.1 200 OK"
2026-05-19 12:18:11,194 INFO HTTP Request: GET https://t.me/s/relation4ips?before=7397 "HTTP/1.1 200 OK"
2026-05-19 12:18:12,266 INFO HTTP Request: GET https://t.me/s/relation4ips?before=7346 "HTTP/1.1 200 OK"
2026-05-19 12:18:13,389 INFO HTTP Request: GET https://t.me/s/relation4ips?before=7302 "HTTP/1.1 200 OK"
2026-05-19 12:18:14,472 INFO HTTP Request: GET https://t.me/s/relation4ips?before=7269 "HTTP/1.1 200 OK"
2026-05-19 12:18:15,566 INFO HTTP Request: GET https://t.me/s/relation4ips?before=7231 "HTTP/1.1 200 OK"
2026-05-19 12:18:16,724 INFO HTTP Request: GET https://t.me/s/relation4ips?before=7177 "HTTP/1.1 200 OK"
2026-05-19 12:18:17,854 INFO HTTP Request: GET https://t.me/s/relation4ips?before=7141 "HTTP/1.1 200 OK"
2026-05-19 12:18:19,204 INFO HTTP Request: GET https://t.me/s/relation4ips?before=7095 "HTTP/1.1 200 OK"
2026-05-19 12:18:20,554 INFO HTTP Request: GET https://t.me/s/relation4ips?before=7045 "HTTP/1.1 200 OK"
2026-05-19 12:18:21,746 INFO HTTP Request: GET https://t.me/s/relation4ips?before=7012 "HTTP/1.1 200 OK"
2026-05-19 12:18:22,832 INFO HTTP Request: GET https://t.me/s/relation4ips?before=6960 "HTTP/1.1 200 OK"
2026-05-19 12:18:24,043 INFO HTTP Request: GET https://t.me/s/relation4ips?before=6938 "HTTP/1.1 200 OK"
2026-05-19 12:18:25,210 INFO HTTP Request: GET https://t.me/s/relation4ips?before=6830 "HTTP/1.1 200 OK"
2026-05-19 12:18:25,940 INFO [164/196] @relation4ips posts=2285 source=tme_full_preview
2026-05-19 12:18:26,442 INFO Trying t.me/s/drakbarnejad1 ...
2026-05-19 12:18:27,277 INFO HTTP Request: GET https://t.me/s/drakbarnejad1 "HTTP/1.1 302 Found"
2026-05-19 12:18:27,562 INFO HTTP Request: GET https://t.me/drakbarnejad1 "HTTP/1.1 200 OK"
2026-05-19 12:18:27,563 INFO TGStat sample for drakbarnejad1 (no public preview)
2026-05-19 12:18:28,940 INFO HTTP Request: GET https://tgstat.com/channel/@drakbarnejad1 "HTTP/1.1 200 OK"
2026-05-19 12:18:30,062 INFO HTTP Request: GET https://tgstat.com/channel/@drakbarnejad1 "HTTP/1.1 200 OK"
2026-05-19 12:18:31,203 INFO HTTP Request: GET https://tgstat.com/channel/@Drakbarnejad1 "HTTP/1.1 200 OK"
2026-05-19 12:18:32,074 INFO [165/196] @drakbarnejad1 posts=0 source=no_public_data
2026-05-19 12:18:32,588 INFO Trying t.me/s/kinobaxishbook ...
2026-05-19 12:18:33,445 INFO HTTP Request: GET https://t.me/s/kinobaxishbook "HTTP/1.1 302 Found"
2026-05-19 12:18:33,745 INFO HTTP Request: GET https://t.me/kinobaxishbook "HTTP/1.1 200 OK"
2026-05-19 12:18:33,746 INFO TGStat sample for kinobaxishbook (no public preview)
2026-05-19 12:18:34,457 INFO HTTP Request: GET https://tgstat.com/channel/@kinobaxishbook "HTTP/1.1 200 OK"
2026-05-19 12:18:35,569 INFO HTTP Request: GET https://tgstat.com/channel/@kinobaxishbook "HTTP/1.1 200 OK"
2026-05-19 12:18:36,709 INFO HTTP Request: GET https://tgstat.com/channel/@Kinobaxishbook "HTTP/1.1 200 OK"
2026-05-19 12:18:37,505 INFO [166/196] @kinobaxishbook posts=0 source=no_public_data
2026-05-19 12:18:38,058 INFO [167/196] skip @surgerycollection (cached)
2026-05-19 12:18:38,059 INFO Trying t.me/s/ent_books_pdf ...
2026-05-19 12:18:38,879 INFO HTTP Request: GET https://t.me/s/ent_books_pdf "HTTP/1.1 302 Found"
2026-05-19 12:18:39,164 INFO HTTP Request: GET https://t.me/ent_books_pdf "HTTP/1.1 200 OK"
2026-05-19 12:18:39,166 INFO TGStat sample for ent_books_pdf (no public preview)
2026-05-19 12:18:39,875 INFO HTTP Request: GET https://tgstat.com/channel/@ent_books_pdf "HTTP/1.1 200 OK"
2026-05-19 12:18:40,989 INFO HTTP Request: GET https://tgstat.com/channel/@ent_books_pdf "HTTP/1.1 200 OK"
2026-05-19 12:18:42,130 INFO HTTP Request: GET https://tgstat.com/channel/@Ent_Books_Pdf "HTTP/1.1 200 OK"
2026-05-19 12:18:42,975 INFO [168/196] @ent_books_pdf posts=0 source=no_public_data
2026-05-19 12:18:43,504 INFO Trying t.me/s/medbookspdf ...
2026-05-19 12:18:44,341 INFO HTTP Request: GET https://t.me/s/medbookspdf "HTTP/1.1 302 Found"
2026-05-19 12:18:44,628 INFO HTTP Request: GET https://t.me/medbookspdf "HTTP/1.1 200 OK"
2026-05-19 12:18:44,629 INFO TGStat sample for medbookspdf (no public preview)
2026-05-19 12:18:45,305 INFO HTTP Request: GET https://tgstat.com/channel/@medbookspdf "HTTP/1.1 200 OK"
2026-05-19 12:18:46,433 INFO HTTP Request: GET https://tgstat.com/channel/@medbookspdf "HTTP/1.1 200 OK"
2026-05-19 12:18:47,602 INFO HTTP Request: GET https://tgstat.com/channel/@Medbookspdf "HTTP/1.1 200 OK"
2026-05-19 12:18:48,464 INFO [169/196] @medbookspdf posts=0 source=no_public_data
2026-05-19 12:18:48,974 INFO Trying t.me/s/neetpgmds ...
2026-05-19 12:18:49,806 INFO HTTP Request: GET https://t.me/s/neetpgmds "HTTP/1.1 302 Found"
2026-05-19 12:18:50,087 INFO HTTP Request: GET https://t.me/neetpgmds "HTTP/1.1 200 OK"
2026-05-19 12:18:50,088 INFO TGStat sample for neetpgmds (no public preview)
2026-05-19 12:18:50,786 INFO HTTP Request: GET https://tgstat.com/channel/@neetpgmds "HTTP/1.1 200 OK"
2026-05-19 12:18:51,985 INFO HTTP Request: GET https://tgstat.com/channel/@neetpgmds "HTTP/1.1 200 OK"
2026-05-19 12:18:53,110 INFO HTTP Request: GET https://tgstat.com/channel/@Neetpgmds "HTTP/1.1 200 OK"
2026-05-19 12:18:53,915 INFO [170/196] @neetpgmds posts=0 source=no_public_data
2026-05-19 12:18:54,417 INFO Trying t.me/s/amcclinicalexamprep ...
2026-05-19 12:18:55,279 INFO HTTP Request: GET https://t.me/s/amcclinicalexamprep "HTTP/1.1 302 Found"
2026-05-19 12:18:55,560 INFO HTTP Request: GET https://t.me/amcclinicalexamprep "HTTP/1.1 200 OK"
2026-05-19 12:18:55,561 INFO TGStat sample for amcclinicalexamprep (no public preview)
2026-05-19 12:18:56,302 INFO HTTP Request: GET https://tgstat.com/channel/@amcclinicalexamprep "HTTP/1.1 200 OK"
2026-05-19 12:18:57,393 INFO HTTP Request: GET https://tgstat.com/channel/@amcclinicalexamprep "HTTP/1.1 200 OK"
2026-05-19 12:18:58,758 INFO HTTP Request: GET https://tgstat.com/channel/@Amcclinicalexamprep "HTTP/1.1 200 OK"
2026-05-19 12:18:59,646 INFO [171/196] @amcclinicalexamprep posts=0 source=no_public_data
2026-05-19 12:19:00,159 INFO Trying t.me/s/medical360_neet_mcq_pg ...
2026-05-19 12:19:01,127 INFO HTTP Request: GET https://t.me/s/medical360_neet_mcq_pg "HTTP/1.1 200 OK"
2026-05-19 12:19:02,160 INFO HTTP Request: GET https://t.me/s/medical360_neet_mcq_pg?before=73 "HTTP/1.1 200 OK"
2026-05-19 12:19:03,279 INFO HTTP Request: GET https://t.me/s/medical360_neet_mcq_pg?before=50 "HTTP/1.1 200 OK"
2026-05-19 12:19:04,499 INFO HTTP Request: GET https://t.me/s/medical360_neet_mcq_pg?before=26 "HTTP/1.1 200 OK"
2026-05-19 12:19:05,468 INFO HTTP Request: GET https://t.me/s/medical360_neet_mcq_pg?before=1 "HTTP/1.1 200 OK"
2026-05-19 12:19:05,492 INFO [172/196] @medical360_neet_mcq_pg posts=76 source=tme_full_preview
2026-05-19 12:19:06,004 INFO Trying t.me/s/clinicalpharmacyrefrances ...
2026-05-19 12:19:06,876 INFO HTTP Request: GET https://t.me/s/clinicalpharmacyrefrances "HTTP/1.1 302 Found"
2026-05-19 12:19:07,161 INFO HTTP Request: GET https://t.me/clinicalpharmacyrefrances "HTTP/1.1 200 OK"
2026-05-19 12:19:07,162 INFO TGStat sample for clinicalpharmacyrefrances (no public preview)
2026-05-19 12:19:07,862 INFO HTTP Request: GET https://tgstat.com/channel/@clinicalpharmacyrefrances "HTTP/1.1 200 OK"
2026-05-19 12:19:09,261 INFO HTTP Request: GET https://tgstat.com/channel/@clinicalpharmacyrefrances "HTTP/1.1 200 OK"
2026-05-19 12:19:10,419 INFO HTTP Request: GET https://tgstat.com/channel/@Clinicalpharmacyrefrances "HTTP/1.1 200 OK"
2026-05-19 12:19:11,207 INFO [173/196] @clinicalpharmacyrefrances posts=0 source=no_public_data
2026-05-19 12:19:11,720 INFO Trying t.me/s/pdfchannelgynecologist ...
2026-05-19 12:19:12,551 INFO HTTP Request: GET https://t.me/s/pdfchannelgynecologist "HTTP/1.1 302 Found"
2026-05-19 12:19:12,833 INFO HTTP Request: GET https://t.me/pdfchannelgynecologist "HTTP/1.1 200 OK"
2026-05-19 12:19:12,834 INFO TGStat sample for pdfchannelgynecologist (no public preview)
2026-05-19 12:19:13,526 INFO HTTP Request: GET https://tgstat.com/channel/@pdfchannelgynecologist "HTTP/1.1 200 OK"
2026-05-19 12:19:14,703 INFO HTTP Request: GET https://tgstat.com/channel/@pdfchannelgynecologist "HTTP/1.1 200 OK"
2026-05-19 12:19:15,833 INFO HTTP Request: GET https://tgstat.com/channel/@Pdfchannelgynecologist "HTTP/1.1 200 OK"
2026-05-19 12:19:16,637 INFO [174/196] @pdfchannelgynecologist posts=0 source=no_public_data
2026-05-19 12:19:17,163 INFO Trying t.me/s/everesttextbooks ...
2026-05-19 12:19:18,296 INFO HTTP Request: GET https://t.me/s/everesttextbooks "HTTP/1.1 200 OK"
2026-05-19 12:19:19,403 INFO HTTP Request: GET https://t.me/s/everesttextbooks?before=1682 "HTTP/1.1 200 OK"
2026-05-19 12:19:20,996 INFO HTTP Request: GET https://t.me/s/everesttextbooks?before=1660 "HTTP/1.1 200 OK"
2026-05-19 12:19:22,471 INFO HTTP Request: GET https://t.me/s/everesttextbooks?before=1640 "HTTP/1.1 200 OK"
2026-05-19 12:19:24,050 INFO HTTP Request: GET https://t.me/s/everesttextbooks?before=1619 "HTTP/1.1 200 OK"
2026-05-19 12:19:25,541 INFO HTTP Request: GET https://t.me/s/everesttextbooks?before=1599 "HTTP/1.1 200 OK"
2026-05-19 12:19:27,041 INFO HTTP Request: GET https://t.me/s/everesttextbooks?before=1579 "HTTP/1.1 200 OK"
2026-05-19 12:19:28,348 INFO HTTP Request: GET https://t.me/s/everesttextbooks?before=1559 "HTTP/1.1 200 OK"
2026-05-19 12:19:29,436 INFO HTTP Request: GET https://t.me/s/everesttextbooks?before=1537 "HTTP/1.1 200 OK"
2026-05-19 12:19:30,526 INFO HTTP Request: GET https://t.me/s/everesttextbooks?before=1517 "HTTP/1.1 200 OK"
2026-05-19 12:19:31,545 INFO HTTP Request: GET https://t.me/s/everesttextbooks?before=1493 "HTTP/1.1 200 OK"
2026-05-19 12:19:32,420 INFO HTTP Request: GET https://t.me/s/everesttextbooks?before=1470 "HTTP/1.1 200 OK"
2026-05-19 12:19:33,184 INFO HTTP Request: GET https://t.me/s/everesttextbooks?before=1450 "HTTP/1.1 200 OK"
2026-05-19 12:19:34,138 INFO HTTP Request: GET https://t.me/s/everesttextbooks?before=1430 "HTTP/1.1 200 OK"
2026-05-19 12:19:35,262 INFO HTTP Request: GET https://t.me/s/everesttextbooks?before=1398 "HTTP/1.1 200 OK"
2026-05-19 12:19:36,658 INFO HTTP Request: GET https://t.me/s/everesttextbooks?before=1376 "HTTP/1.1 200 OK"
2026-05-19 12:19:37,990 INFO HTTP Request: GET https://t.me/s/everesttextbooks?before=1354 "HTTP/1.1 200 OK"
2026-05-19 12:19:39,207 INFO HTTP Request: GET https://t.me/s/everesttextbooks?before=1332 "HTTP/1.1 200 OK"
2026-05-19 12:19:40,311 INFO HTTP Request: GET https://t.me/s/everesttextbooks?before=1197 "HTTP/1.1 200 OK"
2026-05-19 12:19:41,153 INFO HTTP Request: GET https://t.me/s/everesttextbooks?before=1175 "HTTP/1.1 200 OK"
2026-05-19 12:19:41,985 INFO HTTP Request: GET https://t.me/s/everesttextbooks?before=1155 "HTTP/1.1 200 OK"
2026-05-19 12:19:42,773 INFO HTTP Request: GET https://t.me/s/everesttextbooks?before=1132 "HTTP/1.1 200 OK"
2026-05-19 12:19:43,760 INFO HTTP Request: GET https://t.me/s/everesttextbooks?before=1112 "HTTP/1.1 200 OK"
2026-05-19 12:19:44,652 INFO HTTP Request: GET https://t.me/s/everesttextbooks?before=1087 "HTTP/1.1 200 OK"
2026-05-19 12:19:45,536 INFO HTTP Request: GET https://t.me/s/everesttextbooks?before=1067 "HTTP/1.1 200 OK"
2026-05-19 12:19:46,383 INFO HTTP Request: GET https://t.me/s/everesttextbooks?before=1046 "HTTP/1.1 200 OK"
2026-05-19 12:19:47,285 INFO HTTP Request: GET https://t.me/s/everesttextbooks?before=1026 "HTTP/1.1 200 OK"
2026-05-19 12:19:48,261 INFO HTTP Request: GET https://t.me/s/everesttextbooks?before=1006 "HTTP/1.1 200 OK"
2026-05-19 12:19:49,201 INFO HTTP Request: GET https://t.me/s/everesttextbooks?before=986 "HTTP/1.1 200 OK"
2026-05-19 12:19:50,159 INFO HTTP Request: GET https://t.me/s/everesttextbooks?before=966 "HTTP/1.1 200 OK"
2026-05-19 12:19:51,047 INFO HTTP Request: GET https://t.me/s/everesttextbooks?before=946 "HTTP/1.1 200 OK"
2026-05-19 12:19:52,035 INFO HTTP Request: GET https://t.me/s/everesttextbooks?before=926 "HTTP/1.1 200 OK"
2026-05-19 12:19:52,927 INFO HTTP Request: GET https://t.me/s/everesttextbooks?before=905 "HTTP/1.1 200 OK"
2026-05-19 12:19:53,809 INFO HTTP Request: GET https://t.me/s/everesttextbooks?before=885 "HTTP/1.1 200 OK"
2026-05-19 12:19:54,687 INFO HTTP Request: GET https://t.me/s/everesttextbooks?before=865 "HTTP/1.1 200 OK"
